month,symbol,signal,vol,carry,rank,weight
2011-05,HE,-0.11836331,0.2237207,0.03271034,1.0,-0.125
2011-06,HE,-0.09524343,0.24834646,0.38209532,1.0,-0.125
2011-07,HE,-0.11778049,0.23481042,0.61695452,1.0,-0.125
2011-08,HE,-0.05484769,0.19729726,0.18490819,1.0,-0.125
2011-09,HE,-0.03690022,0.18571026,0.36861595,1.0,-0.125
2011-10,HE,-0.00525771,0.21517882,-0.19050721,1.0,-0.125
2011-11,HE,-0.00039835,0.19424857,-0.22288988,3.0,-0.08928571
2011-12,HE,0.01711101,0.15180892,-0.23293544,9.0,0.01785714
2012-01,HE,0.06543099,0.18165074,-0.0901721,13.0,0.08928571
2012-02,HE,0.08651924,0.1780965,-1.16114167,13.0,0.08928571
2012-03,HE,0.07399835,0.17776314,-1.26565651,13.0,0.08928571
2012-04,HE,0.0818362,0.14107163,-0.31263722,13.0,0.08928571
2012-05,HE,0.06239197,0.15352791,-0.15151633,13.0,0.08928571
2012-06,HE,0.07141554,0.14610402,0.24348126,13.0,0.08928571
2012-07,HE,0.15577543,0.18864919,0.90564724,15.0,0.125
2012-08,HE,0.09293612,0.18948317,0.14042336,14.0,0.10714286
2012-09,HE,0.083429,0.19990781,0.26318045,13.0,0.08928571
2012-10,HE,0.10827638,0.18863035,-0.44906525,15.0,0.125
2012-11,HE,0.15666418,0.16434496,-0.19638915,15.0,0.125
2012-12,HE,0.15120253,0.1627754,-0.22041364,15.0,0.125
2013-01,HE,0.14158588,0.16687779,-0.12674972,15.0,0.125
2013-02,HE,0.15576746,0.16508445,-1.11346843,15.0,0.125
2013-03,HE,0.1560334,0.15134527,-1.20188342,15.0,0.125
2013-04,HE,0.2050677,0.15332437,-0.31928697,15.0,0.125
2013-05,HE,0.28892178,0.14802593,0.22075862,15.0,0.125
2013-06,HE,0.3079361,0.13837203,0.46873949,15.0,0.125
2013-07,HE,0.32183741,0.16927037,0.94529508,15.0,0.125
2013-08,HE,0.28861865,0.1690756,0.20308265,15.0,0.125
2013-09,HE,0.29401269,0.11726608,0.36481379,15.0,0.125
2013-10,HE,0.25905288,0.07881477,-0.18239047,15.0,0.125
2013-11,HE,0.19200431,0.10921779,-0.32244716,14.0,0.10714286
2013-12,HE,0.14731304,0.15969504,-0.36922991,13.0,0.08928571
2014-01,HE,0.09752972,0.16627187,-0.58693354,12.0,0.07142857
2014-02,HE,0.10967492,0.16341633,-0.50771388,13.0,0.08928571
2014-03,HE,0.17512275,0.20147431,0.19480416,14.0,0.10714286
2014-04,HE,0.11148314,0.30047225,-0.55120501,13.0,0.08928571
2014-05,HE,0.0354893,0.31528388,-0.69582277,10.0,0.03571429
2014-06,HE,0.01747909,0.3505733,-0.01605142,10.0,0.03571429
2014-07,HE,-0.01582733,0.33066861,0.80516603,2.0,-0.10714286
2014-08,HE,0.04956544,0.37536458,0.39901148,9.0,0.01785714
2014-09,HE,0.09157946,0.35097351,0.82357913,12.0,0.07142857
2014-10,HE,0.09196492,0.27984059,-0.00164635,13.0,0.08928571
2014-11,HE,0.13993042,0.27736832,0.13638265,14.0,0.0859375
2014-12,HE,0.17434948,0.23353425,-0.15108858,15.0,0.1015625
2015-01,HE,0.16637381,0.22907733,-0.40941033,15.0,0.1015625
2015-02,HE,0.13497692,0.32757768,-2.12876131,12.0,0.0546875
2015-03,HE,0.15014673,0.3237233,-1.21095738,14.0,0.0859375
2015-04,HE,0.19044661,0.24478394,-0.71194141,14.0,0.0859375
2015-05,HE,0.26863943,0.32255345,0.04962577,15.0,0.1015625
2015-06,HE,0.27559521,0.34601385,0.29514147,15.0,0.1015625
2015-07,HE,0.32904289,0.34438725,1.24856626,15.0,0.1015625
2015-08,HE,0.27114084,0.2553257,0.4003907,16.0,0.1171875
2015-09,HE,0.23273605,0.24390134,0.58108155,16.0,0.1171875
2015-10,HE,0.24681501,0.17235754,-0.35451796,16.0,0.1171875
2015-11,HE,0.30945172,0.26240138,0.17171349,16.0,0.1171875
2015-12,HE,0.17270631,0.25424544,-0.5766898,16.0,0.1171875
2016-01,HE,0.24191383,0.25680522,-0.42313467,16.0,0.1171875
2016-02,HE,0.23831878,0.26343357,-1.13931603,16.0,0.1171875
2016-03,HE,0.13382465,0.25773563,-1.53759766,16.0,0.1171875
2016-04,HE,0.14336472,0.2227286,-0.54362953,16.0,0.1171875
2016-05,HE,0.06797103,0.1739184,-0.12725908,15.0,0.1015625
2016-06,HE,-0.0038609,0.18567768,-0.06674474,4.0,-0.0703125
2016-07,HE,-0.07514476,0.17773423,0.90071565,1.0,-0.1171875
2016-08,HE,-0.084798,0.20918763,0.5300993,1.0,-0.1171875
2016-09,HE,-0.0947972,0.22239607,0.6509179,1.0,-0.1171875
2016-10,HE,0.02038895,0.37196474,-0.76780765,10.0,0.0234375
2016-11,HE,-0.01482283,0.52887613,-0.46598855,3.0,-0.0859375
2016-12,HE,0.17194723,0.54951194,-0.16898791,16.0,0.1171875
2017-01,HE,0.17203662,0.6155836,-0.01490617,16.0,0.1171875
2017-02,HE,0.21706169,0.55099486,-1.31170342,16.0,0.1171875
2017-03,HE,0.27683378,0.55012885,-0.90043987,16.0,0.1171875
2017-04,HE,0.19043824,0.30257838,-1.1040033,15.0,0.1015625
2017-05,HE,0.24541893,0.28066727,-0.14762268,16.0,0.1171875
2017-06,HE,0.35121774,0.30154669,1.0291433,16.0,0.1171875
2017-07,HE,0.41614797,0.24864481,1.19154389,16.0,0.1171875
2017-08,HE,0.40508154,0.249535,0.33306018,16.0,0.1171875
2017-09,HE,0.24943659,0.30115192,-0.4649944,16.0,0.1171875
2017-10,HE,0.21283798,0.34037155,-0.41798583,16.0,0.1171875
2017-11,HE,0.15045188,0.40410561,-0.4836913,16.0,0.1171875
2017-12,HE,0.15089918,0.3991518,-0.33112566,16.0,0.1171875
2018-01,HE,0.19073009,0.3710285,0.0844141,16.0,0.1171875
2018-02,HE,0.16174803,0.37137695,-1.26983115,16.0,0.1171875
2018-03,HE,0.07187022,0.34742758,-1.99713063,14.0,0.0859375
2018-04,HE,0.07702152,0.39840822,-1.0857526,13.0,0.0703125
2018-05,HE,0.01500359,0.27302633,-0.2103184,9.0,0.0078125
2018-06,HE,0.0066126,0.28300068,1.01635871,6.0,-0.0390625
2018-07,HE,-0.0893518,0.29684684,1.15457421,1.0,-0.1171875
2018-08,HE,-0.30768786,0.3163372,-0.33234076,1.0,-0.1171875
2018-09,HE,-0.04409311,0.3332764,0.41049415,1.0,-0.1171875
2018-10,HE,0.05599793,0.48921951,-0.65511195,15.0,0.1015625
2018-11,HE,0.02377179,0.51890017,-0.91066576,10.0,0.0234375
2018-12,HE,-0.05947194,0.52115826,-0.61097644,1.0,-0.1171875
2019-01,HE,-0.09839177,0.53962375,-0.43754071,1.0,-0.1171875
2019-02,HE,-0.15158955,0.50719637,-1.84887122,1.0,-0.1171875
2019-03,HE,0.02233095,0.46882697,-0.56830322,10.0,0.0234375
2019-04,HE,0.07065175,0.59544562,-0.53619294,14.0,0.0859375
2019-05,HE,0.04425245,0.56048588,-0.59046633,14.0,0.0859375
2019-06,HE,-0.0691914,0.58963641,-0.64137043,1.0,-0.1171875
2019-07,HE,-0.06275698,0.62208398,0.66387756,1.0,-0.1171875
2019-08,HE,0.22670743,0.61587141,0.01439126,16.0,0.1171875
2019-09,HE,-0.00746265,0.60637374,-0.63114244,3.0,-0.0859375
2019-10,HE,-0.18165724,0.26349492,-0.61018127,1.0,-0.1171875
2019-11,HE,-0.12757134,0.27690102,-0.54810922,1.0,-0.1171875
2019-12,HE,-0.11474746,0.26150761,-0.52152238,1.0,-0.1171875
2020-01,HE,-0.13013455,0.19417718,-0.45159283,1.0,-0.1171875
2020-02,HE,-0.14188653,0.32992515,-1.29611729,1.0,-0.1171875
2020-03,HE,-0.16590757,0.32162513,-0.18561765,1.0,-0.1171875
2020-04,HE,0.1528638,0.2936175,0.03733384,16.0,0.1171875
2020-05,HE,0.36887051,0.67353978,-0.03401859,16.0,0.1171875
2020-06,HE,0.32646846,0.7082593,-0.99575107,16.0,0.1171875
2020-07,HE,0.37123304,0.82644827,0.27991909,16.0,0.1171875
2020-08,HE,0.30292358,0.77567735,-0.16798066,16.0,0.1171875
2020-09,HE,0.58001553,0.7711982,0.85621298,16.0,0.1171875
2020-10,HE,0.59596252,0.80137045,0.00232126,16.0,0.1171875
2020-11,HE,0.57018478,0.69086868,-0.08942504,16.0,0.1171875
2020-12,HE,0.60958634,0.67034215,-0.16327977,16.0,0.1171875
2021-01,HE,0.53200809,0.40438554,-0.55150155,16.0,0.1171875
2021-02,HE,0.54699066,0.41248135,-0.24686008,16.0,0.1171875
2021-03,HE,0.47397633,0.40904028,-0.05596329,16.0,0.1171875
2021-04,HE,0.16460217,0.19695931,0.04287385,15.0,0.1015625
2021-05,HE,0.01025466,0.19830508,-0.209158,4.0,-0.0703125
2021-06,HE,0.1797992,0.19508248,0.50511595,16.0,0.1171875
2021-07,HE,0.21177022,0.252282,1.10578403,16.0,0.1171875
2021-08,HE,0.28542432,0.22993299,0.48067705,16.0,0.1171875
2021-09,HE,0.10418269,0.23410359,0.41964932,16.0,0.1171875
2021-10,HE,0.15457598,0.18138921,-0.19797579,16.0,0.1171875
2021-11,HE,0.11712218,0.20724959,-0.5074077,16.0,0.1171875
2021-12,HE,0.06851038,0.17247224,-0.38658288,14.0,0.0859375
2022-01,HE,0.11835746,0.15604302,-0.48595752,16.0,0.1171875
2022-02,HE,0.10330815,0.18475217,-0.49514815,15.0,0.1015625
2022-03,HE,0.01752042,0.18075279,-1.38473312,13.0,0.0703125
2022-04,HE,0.01527462,0.17785381,-0.60312659,13.0,0.0703125
2022-05,HE,0.11025787,0.24331925,-0.00272769,14.0,0.0859375
2022-06,HE,0.09299661,0.24593601,0.86800735,14.0,0.0859375
2022-07,HE,0.05147478,0.24600666,1.25150832,11.0,0.0390625
2022-08,HE,-0.0379557,0.30632327,0.52263421,2.0,-0.1015625
2022-09,HE,0.04242369,0.33069356,0.94289453,9.0,0.0078125
2022-10,HE,-0.05999597,0.33156813,-0.23958578,1.0,-0.1171875
2022-11,HE,0.00407261,0.27331795,-0.17158141,4.0,-0.0703125
2022-12,HE,0.03974897,0.28231891,-0.48959943,9.0,0.0078125
2023-01,HE,-0.00454774,0.28974526,-0.84512328,4.0,-0.0703125
2023-02,HE,0.04116295,0.30794133,-1.50239173,9.0,0.0078125
2023-03,HE,0.09721321,0.29320364,-1.71541602,10.0,0.0234375
2023-04,HE,0.0418781,0.33456972,-1.55928925,10.0,0.0234375
2023-05,HE,0.00891731,0.28283809,-0.10007466,4.0,-0.0703125
2023-06,HE,-0.07602369,0.28033048,0.42273193,1.0,-0.1171875
2023-07,HE,-0.03360132,0.31067838,1.16420275,2.0,-0.1015625
2023-08,HE,0.08195558,0.34668375,0.61831406,14.0,0.0859375
2023-09,HE,0.01779885,0.34922845,0.65384044,8.0,-0.0078125
2023-10,HE,0.12571836,0.28104519,-0.25320482,15.0,0.1015625
2023-11,HE,0.1186481,0.26560179,-0.22685225,15.0,0.1015625
2023-12,HE,0.15992421,0.2521313,-0.60673139,16.0,0.1171875
2024-01,HE,0.21135707,0.28128176,-0.66288013,16.0,0.1171875
2024-02,HE,0.22868843,0.25038282,-0.52783756,16.0,0.1171875
2024-03,HE,0.22389346,0.24837231,-0.74899292,16.0,0.1171875
2024-04,HE,0.28530244,0.24146332,-0.99830615,16.0,0.1171875
2024-05,HE,0.25111143,0.23321269,-0.34153864,16.0,0.1171875
2024-06,HE,0.27079959,0.24255668,0.01019824,16.0,0.1171875
2024-07,HE,0.16427516,0.26048795,1.16776555,16.0,0.1171875
2024-08,HE,0.07131613,0.17904217,0.74320402,14.0,0.0859375
2024-09,HE,0.05874264,0.201193,0.70337351,12.0,0.0546875
2024-10,HE,0.01166931,0.20121918,-0.09605742,5.0,-0.0546875
2024-11,HE,-0.02672131,0.27142508,-0.29269732,4.0,-0.0703125
2024-12,HE,-0.05216746,0.25537698,-0.38917743,2.0,-0.1015625
2025-01,HE,-0.05117928,0.20933684,-0.43825699,1.0,-0.1171875
2025-02,HE,-0.04308603,0.20696079,-0.53376461,1.0,-0.1171875
2025-03,HE,0.01246565,0.22641852,-0.09332196,5.0,-0.0546875
2025-04,HE,-0.00172783,0.23104828,-0.81324914,3.0,-0.0859375
2025-05,HE,-0.04051967,0.13448117,-0.39849502,1.0,-0.1171875
2025-06,HE,-0.00652707,0.13052724,0.29096054,3.0,-0.0859375
2025-07,HE,0.0507481,0.11877227,1.07132084,13.0,0.0703125
2025-08,HE,0.09719378,0.11384617,0.5178176,15.0,0.1015625
2025-09,HE,0.1382194,0.10891652,0.73128845,16.0,0.1171875
2025-10,HE,0.16403782,0.10999193,-0.08848797,16.0,0.1171875
2025-11,HE,0.20826747,0.15810514,-0.02870114,16.0,0.1171875
2025-12,HE,0.18390818,0.15953221,-0.32855079,16.0,0.1171875
2026-01,HE,0.16003003,0.16621617,-0.51899649,16.0,0.1171875
2026-02,HE,0.16327326,0.16169313,-0.56601039,16.0,0.1171875
2026-03,HE,0.10675592,0.14028675,-0.82220627,16.0,0.1171875
2026-04,HE,0.13478416,0.1611201,-1.13654124,16.0,0.1171875
2026-05,HE,0.15498168,0.13616871,-0.41365309,16.0,0.1171875
2026-06,HE,0.08779587,0.16911026,-0.49016489,14.0,0.0859375
2026-07,HE,0.06563684,0.15941603,0.91443366,14.0,0.0859375
2011-05,HO,-0.00093357,0.05564642,-0.04429568,2.0,-0.10714286
2011-06,HO,0.00294634,0.1958449,-0.06238377,5.0,-0.05357143
2011-07,HO,0.00626514,0.19687494,-0.03274402,8.0,0.0
2011-08,HO,0.0011394,0.19882312,-0.02971495,3.0,-0.08928571
2011-09,HO,-0.00024609,0.18111414,-0.03548435,3.0,-0.08928571
2011-10,HO,-0.00391045,0.20071905,0.02111744,2.0,-0.10714286
2011-11,HO,-0.0110158,0.26313519,-0.03135195,1.0,-0.125
2011-12,HO,-0.00939104,0.22976954,-0.01016739,1.0,-0.125
2012-01,HO,-0.00880243,0.23229799,0.09115017,1.0,-0.125
2012-02,HO,-0.00817959,0.2130793,0.01398144,1.0,-0.125
2012-03,HO,-0.01293161,0.22857493,-0.0405855,1.0,-0.125
2012-04,HO,-0.01077509,0.19522762,-0.00702833,1.0,-0.125
2012-05,HO,-0.0125398,0.11928446,-0.04557788,2.0,-0.10714286
2012-06,HO,-0.00696529,0.23523731,0.0210414,1.0,-0.125
2012-07,HO,-0.00961582,0.23835049,-0.03222472,2.0,-0.10714286
2012-08,HO,-0.01137662,0.28116442,0.00656458,1.0,-0.125
2012-09,HO,-0.00975208,0.3097129,0.05514171,1.0,-0.125
2012-10,HO,-0.00907717,0.30802393,0.02343447,1.0,-0.125
2012-11,HO,-0.00892283,0.30880617,-0.02230615,1.0,-0.125
2012-12,HO,-0.00433673,0.20349332,0.05157376,2.0,-0.10714286
2013-01,HO,-0.00599946,0.17114616,0.04634574,2.0,-0.10714286
2013-02,HO,-0.00104325,0.14837683,0.05101583,1.0,-0.125
2013-03,HO,-0.01410403,0.10456171,0.05426049,1.0,-0.125
2013-04,HO,-0.00799074,0.10485128,0.13982715,3.0,-0.08928571
2013-05,HO,-0.00826846,0.1231455,-0.04634813,2.0,-0.10714286
2013-06,HO,-0.00969301,0.13146817,-0.01740858,2.0,-0.10714286
2013-07,HO,-0.01159812,0.15120984,-0.04751732,2.0,-0.10714286
2013-08,HO,-0.01210333,0.17644859,0.00751515,2.0,-0.10714286
2013-09,HO,-0.01446705,0.14529849,-0.00198271,2.0,-0.10714286
2013-10,HO,-0.0078325,0.17451306,0.05912776,4.0,-0.07142857
2013-11,HO,0.00061365,0.13749762,0.01461924,5.0,-0.05357143
2013-12,HO,-0.00260231,0.14850918,0.04603649,4.0,-0.07142857
2014-01,HO,0.05377655,0.14682886,0.79196703,10.0,0.03571429
2014-02,HO,0.05650573,0.15616049,0.10909576,9.0,0.01785714
2014-03,HO,0.06511326,0.15590007,0.00913883,10.0,0.03571429
2014-04,HO,0.0576742,0.1285688,0.02824153,11.0,0.05357143
2014-05,HO,0.05726984,0.125356,-0.0036322,12.0,0.07142857
2014-06,HO,0.05400974,0.11712454,-0.0178336,13.0,0.08928571
2014-07,HO,0.05925182,0.11809277,-0.01439035,13.0,0.08928571
2014-08,HO,0.06198742,0.094173,-0.02591071,12.0,0.07142857
2014-09,HO,0.06381778,0.08571806,-0.01467862,9.0,0.01785714
2014-10,HO,0.06504247,0.13492135,0.01819591,10.0,0.03571429
2014-11,HO,0.08943802,0.13844504,0.08276179,11.0,0.0390625
2014-12,HO,0.09356784,0.13482484,0.17850686,11.0,0.0390625
2015-01,HO,0.03881213,0.16637825,0.15663173,9.0,0.0078125
2015-02,HO,0.14572806,0.16766373,1.37562219,14.0,0.0859375
2015-03,HO,0.14005946,0.46033671,0.02182089,13.0,0.0703125
2015-04,HO,0.14347979,0.46256047,-0.02673792,13.0,0.0703125
2015-05,HO,0.14645013,0.51028181,-0.04323956,13.0,0.0703125
2015-06,HO,0.14565666,0.51275783,-0.04482143,13.0,0.0703125
2015-07,HO,0.14497759,0.46985175,-0.12465773,13.0,0.0703125
2015-08,HO,0.13704791,0.49287803,-0.19914513,13.0,0.0703125
2015-09,HO,0.13141725,0.33685176,-0.19799781,14.0,0.0859375
2015-10,HO,0.12472232,0.3241317,-0.20484703,15.0,0.1015625
2015-11,HO,0.09615091,0.21423969,-0.20270866,14.0,0.0859375
2015-12,HO,0.07703803,0.23549645,-0.27708852,14.0,0.0859375
2016-01,HO,0.08428097,0.33847483,-0.15667523,13.0,0.0703125
2016-02,HO,-0.02526064,0.32509072,-0.21033632,3.0,-0.0859375
2016-03,HO,0.00617798,0.29245867,-0.00743904,6.0,-0.0390625
2016-04,HO,0.01616191,0.37175448,-0.06814876,11.0,0.0390625
2016-05,HO,0.02097377,0.54359268,0.00325252,12.0,0.0546875
2016-06,HO,0.02395392,0.53074192,-0.03388669,13.0,0.0703125
2016-07,HO,0.01212264,0.35541962,-0.21544382,10.0,0.0234375
2016-08,HO,0.02643317,0.44522227,-0.13308959,13.0,0.0703125
2016-09,HO,0.03817649,0.44710443,-0.07634484,13.0,0.0703125
2016-10,HO,0.0409479,0.44895528,-0.06819382,13.0,0.0703125
2016-11,HO,0.0411727,0.34819745,-0.12504276,14.0,0.0859375
2016-12,HO,0.0508952,0.32806707,-0.10868395,13.0,0.0703125
2017-01,HO,0.03979293,0.33496077,-0.05587263,13.0,0.0703125
2017-02,HO,0.03999595,0.2036703,-0.06019779,13.0,0.0703125
2017-03,HO,0.02770397,0.17589711,-0.01924051,12.0,0.0546875
2017-04,HO,0.01609247,0.10716219,-0.0593234,8.0,-0.0078125
2017-05,HO,0.01350018,0.10965419,-0.02087235,6.0,-0.0390625
2017-06,HO,0.01340402,0.1102994,-0.03660984,5.0,-0.0546875
2017-07,HO,0.01834524,0.08101101,-0.11003906,12.0,0.0546875
2017-08,HO,0.02091832,0.17135343,0.11229389,12.0,0.0546875
2017-09,HO,0.00856038,0.1994732,0.04807505,7.0,-0.0234375
2017-10,HO,0.00895721,0.1862077,0.02586986,8.0,-0.0078125
2017-11,HO,0.00971667,0.16265441,-0.01113456,8.0,-0.0078125
2017-12,HO,0.013299,0.15347926,0.13082028,9.0,0.0078125
2018-01,HO,0.00610202,0.06675778,0.07406893,8.0,-0.0078125
2018-02,HO,-0.0016496,0.08632943,-0.00992109,6.0,-0.0390625
2018-03,HO,-0.00538443,0.15040475,0.01130105,2.0,-0.1015625
2018-04,HO,0.00039552,0.15424837,0.09880701,5.0,-0.0546875
2018-05,HO,-0.0107806,0.15752653,-0.07563795,2.0,-0.1015625
2018-06,HO,-0.01213377,0.15903131,-0.00419134,2.0,-0.1015625
2018-07,HO,-0.00671896,0.15611425,-0.03035741,3.0,-0.0859375
2018-08,HO,-0.01739349,0.16075306,-0.03534429,2.0,-0.1015625
2018-09,HO,-0.01240044,0.12180119,-0.01380815,2.0,-0.1015625
2018-10,HO,-0.00761457,0.11776219,0.05611106,1.0,-0.1171875
2018-11,HO,-0.00710815,0.16093246,0.02687239,1.0,-0.1171875
2018-12,HO,-0.01003901,0.29938847,0.06683889,3.0,-0.0859375
2019-01,HO,-0.00532478,0.32536008,0.05221624,3.0,-0.0859375
2019-02,HO,-0.00099734,0.40510471,-0.00311468,4.0,-0.0703125
2019-03,HO,-0.00442504,0.40765063,-0.01966845,3.0,-0.0859375
2019-04,HO,-0.00851097,0.39851528,0.01869705,2.0,-0.1015625
2019-05,HO,-0.00136593,0.41004205,-0.03327085,2.0,-0.1015625
2019-06,HO,-0.00477627,0.33712948,-0.04442543,5.0,-0.0546875
2019-07,HO,-0.00951881,0.25963318,-0.09738315,4.0,-0.0703125
2019-08,HO,-0.0096092,0.21241697,-0.03786481,3.0,-0.0859375
2019-09,HO,-0.00352265,0.1875652,0.05205171,4.0,-0.0703125
2019-10,HO,-0.01369295,0.19680058,0.01476297,4.0,-0.0703125
2019-11,HO,-0.01748289,0.18738212,0.00703884,4.0,-0.0703125
2019-12,HO,-0.01876855,0.10074989,-0.01846207,3.0,-0.0859375
2020-01,HO,-0.01747552,0.12061164,-0.02081124,2.0,-0.1015625
2020-02,HO,-0.01029519,0.3563365,0.015235,3.0,-0.0859375
2020-03,HO,-0.00176885,0.3671741,0.12818454,4.0,-0.0703125
2020-04,HO,-0.09557673,0.62223551,-0.7540376,1.0,-0.1171875
2020-05,HO,-0.08742013,0.64785129,-0.35770097,1.0,-0.1171875
2020-06,HO,-0.06451529,0.71714395,-0.12170096,1.0,-0.1171875
2020-07,HO,-0.05665918,0.74615916,-0.08138423,1.0,-0.1171875
2020-08,HO,-0.062475,0.75390999,-0.21390291,1.0,-0.1171875
2020-09,HO,-0.05733465,0.75817088,-0.07206671,1.0,-0.1171875
2020-10,HO,-0.0406208,0.52143809,0.01624915,1.0,-0.1171875
2020-11,HO,-0.03120374,0.27341319,-0.0374933,1.0,-0.1171875
2020-12,HO,-0.02297348,0.3836507,-0.01187631,1.0,-0.1171875
2021-01,HO,-0.01800403,0.37562084,0.03350335,1.0,-0.1171875
2021-02,HO,-0.01892899,0.37853279,0.05062076,1.0,-0.1171875
2021-03,HO,-0.02871177,0.39202231,0.01031459,3.0,-0.0859375
2021-04,HO,0.06275294,0.35406961,-0.01356415,10.0,0.0234375
2021-05,HO,0.0566055,0.29746015,-0.0059715,13.0,0.0703125
2021-06,HO,0.0363235,0.22627851,0.002288,11.0,0.0390625
2021-07,HO,0.03200786,0.22647785,-0.00415813,12.0,0.0546875
2021-08,HO,0.03822152,0.2370009,0.00457148,12.0,0.0546875
2021-09,HO,0.02628576,0.15317267,0.01722296,11.0,0.0390625
2021-10,HO,0.02333151,0.15532607,0.14469463,12.0,0.0546875
2021-11,HO,0.01337544,0.15112633,0.02137098,8.0,-0.0078125
2021-12,HO,0.00731944,0.30107742,0.04730452,8.0,-0.0078125
2022-01,HO,0.02516725,0.35904109,0.38460416,12.0,0.0546875
2022-02,HO,0.00913322,0.41301616,0.34546418,10.0,0.0234375
2022-03,HO,0.07700494,0.39266555,1.18067457,14.0,0.0859375
2022-04,HO,0.26377208,0.46263325,0.94654797,16.0,0.1171875
2022-05,HO,0.21807442,0.64344193,0.47304882,16.0,0.1171875
2022-06,HO,0.2076117,0.48422977,0.2206559,15.0,0.1015625
2022-07,HO,0.20799596,0.5854871,0.21985166,15.0,0.1015625
2022-08,HO,0.20588346,0.64457446,0.15831615,15.0,0.1015625
2022-09,HO,0.22462195,0.6407221,0.35115903,15.0,0.1015625
2022-10,HO,0.31677469,0.62384515,1.60231892,16.0,0.1171875
2022-11,HO,0.29407215,0.43647409,0.25309872,16.0,0.1171875
2022-12,HO,0.28906494,0.47211837,0.1725255,16.0,0.1171875
2023-01,HO,0.25734178,0.45920407,0.4498453,16.0,0.1171875
2023-02,HO,0.24232413,0.43704839,0.06407855,15.0,0.1015625
2023-03,HO,0.17932893,0.46962605,0.30126606,16.0,0.1171875
2023-04,HO,-0.02446055,0.48545953,0.00799537,2.0,-0.1015625
2023-05,HO,0.02418457,0.1859566,0.04696714,6.0,-0.0390625
2023-06,HO,0.03597662,0.18261842,0.04104299,8.0,-0.0078125
2023-07,HO,0.03691796,0.23139235,0.02129182,10.0,0.0234375
2023-08,HO,0.03644628,0.46684983,0.11878772,8.0,-0.0078125
2023-09,HO,0.01137895,0.44349959,0.504829,7.0,-0.0234375
2023-10,HO,-0.10719829,0.41463422,0.33426095,1.0,-0.1171875
2023-11,HO,-0.07629644,0.39323078,0.17498214,1.0,-0.1171875
2023-12,HO,-0.07823767,0.37954814,0.14848563,1.0,-0.1171875
2024-01,HO,-0.06834004,0.4139336,0.29695475,1.0,-0.1171875
2024-02,HO,-0.05064602,0.27984763,0.27108406,2.0,-0.1015625
2024-03,HO,-0.07435386,0.27893156,-0.01659876,1.0,-0.1171875
2024-04,HO,-0.06442718,0.24518431,-0.06637909,2.0,-0.1015625
2024-05,HO,-0.0729967,0.21747228,-0.12219767,3.0,-0.0859375
2024-06,HO,-0.06995399,0.21861534,-0.06627285,3.0,-0.0859375
2024-07,HO,-0.07599378,0.2530376,-0.11438133,2.0,-0.1015625
2024-08,HO,-0.07980147,0.22105031,-0.14662008,2.0,-0.1015625
2024-09,HO,-0.0758546,0.22279464,-0.12425062,1.0,-0.1171875
2024-10,HO,-0.06008142,0.22354081,-0.08596027,1.0,-0.1171875
2024-11,HO,-0.06387349,0.22778733,-0.04033059,1.0,-0.1171875
2024-12,HO,-0.05681439,0.22493815,0.11243673,1.0,-0.1171875
2025-01,HO,-0.03307633,0.16925012,0.4002526,3.0,-0.0859375
2025-02,HO,-0.02877417,0.1668328,0.2374414,4.0,-0.0703125
2025-03,HO,-0.01239466,0.14858947,0.18342098,3.0,-0.0859375
2025-04,HO,0.00074233,0.12737761,0.21043362,4.0,-0.0703125
2025-05,HO,0.00436762,0.23222226,0.0488659,5.0,-0.0546875
2025-06,HO,0.02519591,0.23278042,0.3543535,9.0,0.0078125
2025-07,HO,0.01591445,0.31691329,0.01891037,8.0,-0.0078125
2025-08,HO,0.01891708,0.30828218,0.04282388,9.0,0.0078125
2025-09,HO,0.02209181,0.30113159,0.04250787,9.0,0.0078125
2025-10,HO,0.03523279,0.30130283,0.27219745,8.0,-0.0078125
2025-11,HO,0.033575,0.19401129,0.16607789,8.0,-0.0078125
2025-12,HO,0.01592195,0.22596273,0.10431908,7.0,-0.0234375
2026-01,HO,0.02630383,0.16856655,0.59747248,7.0,-0.0234375
2026-02,HO,0.02130178,0.32453079,0.38522202,6.0,-0.0390625
2026-03,HO,0.01886855,0.32119669,1.15688008,5.0,-0.0546875
2026-04,HO,-0.06916892,0.61382964,0.17622289,1.0,-0.1171875
2026-05,HO,-0.09258557,0.62762288,0.18171599,1.0,-0.1171875
2026-06,HO,-0.10763669,0.65651098,0.31572919,1.0,-0.1171875
2026-07,HO,-0.09361314,0.64704593,0.40295905,1.0,-0.1171875
2014-11,KE,0.01567853,0.22904535,-0.01885862,7.0,-0.0234375
2014-12,KE,0.00938338,0.26330962,-0.04682957,5.0,-0.0546875
2015-01,KE,0.00148214,0.26468244,-0.02719824,4.0,-0.0703125
2015-02,KE,-0.00031527,0.30235858,-0.05485262,3.0,-0.0859375
2015-03,KE,0.03118893,0.30046658,-0.04798721,8.0,-0.0078125
2015-04,KE,0.02326815,0.28025753,-0.10592628,8.0,-0.0078125
2015-05,KE,0.02415915,0.30197475,-0.10535832,7.0,-0.0234375
2015-06,KE,-0.01140314,0.25667376,-0.16644097,1.0,-0.1171875
2015-07,KE,0.00197857,0.40775307,-0.15789199,2.0,-0.1015625
2015-08,KE,-0.00408822,0.45559142,-0.20252256,1.0,-0.1171875
2015-09,KE,-0.02043331,0.45770513,-0.11434796,2.0,-0.1015625
2015-10,KE,-0.02222026,0.45020614,-0.12997044,2.0,-0.1015625
2015-11,KE,-0.02782689,0.41982783,-0.1359987,1.0,-0.1171875
2015-12,KE,-0.0206321,0.42583171,-0.13174835,1.0,-0.1171875
2016-01,KE,-0.02380568,0.25678502,-0.13078182,1.0,-0.1171875
2016-02,KE,-0.02533037,0.1166267,-0.16863959,2.0,-0.1015625
2016-03,KE,-0.03487139,0.11615602,-0.13149705,2.0,-0.1015625
2016-04,KE,-0.03095517,0.15147842,-0.16543065,3.0,-0.0859375
2016-05,KE,-0.03054579,0.15124099,-0.21342318,3.0,-0.0859375
2016-06,KE,-0.02810527,0.14713202,-0.26012839,3.0,-0.0859375
2016-07,KE,-0.01744964,0.18569161,-0.24923306,5.0,-0.0546875
2016-08,KE,-0.0125544,0.17956247,-0.27421543,5.0,-0.0546875
2016-09,KE,-0.00315115,0.1992634,-0.15804357,5.0,-0.0546875
2016-10,KE,-0.00222232,0.21766165,-0.17007013,3.0,-0.0859375
2016-11,KE,-0.00623401,0.22370215,-0.19244612,5.0,-0.0546875
2016-12,KE,0.00038982,0.21907729,-0.16781887,4.0,-0.0703125
2017-01,KE,-0.00191422,0.2028041,-0.18109957,4.0,-0.0703125
2017-02,KE,0.00677343,0.20984789,-0.16581654,4.0,-0.0703125
2017-03,KE,0.00706352,0.14943306,-0.17986447,3.0,-0.0859375
2017-04,KE,0.01484313,0.20606002,-0.16815619,6.0,-0.0390625
2017-05,KE,0.01378226,0.20770944,-0.24389784,7.0,-0.0234375
2017-06,KE,0.02803672,0.18978729,-0.20662816,13.0,0.0703125
2017-07,KE,0.01211382,0.30096657,-0.22401373,7.0,-0.0234375
2017-08,KE,0.00903806,0.352857,-0.2613414,7.0,-0.0234375
2017-09,KE,0.01585097,0.40447472,-0.15731944,9.0,0.0078125
2017-10,KE,0.01526945,0.38572854,-0.17170599,10.0,0.0234375
2017-11,KE,0.02289799,0.392072,-0.16312283,12.0,0.0546875
2017-12,KE,0.01120145,0.38818477,-0.18966387,8.0,-0.0078125
2018-01,KE,0.0139426,0.22413302,-0.18609588,9.0,0.0078125
2018-02,KE,0.01538061,0.27915943,-0.16270359,9.0,0.0078125
2018-03,KE,0.00961133,0.20484835,-0.24263831,8.0,-0.0078125
2018-04,KE,0.01146154,0.25353695,-0.21908141,8.0,-0.0078125
2018-05,KE,0.02341624,0.26449289,-0.19182633,11.0,0.0390625
2018-06,KE,0.01316461,0.25943081,-0.21458324,8.0,-0.0078125
2018-07,KE,0.02846092,0.35770266,-0.19531564,12.0,0.0546875
2018-08,KE,0.03019419,0.37760849,-0.22568643,13.0,0.0703125
2018-09,KE,0.01551427,0.37162707,-0.18617693,8.0,-0.0078125
2018-10,KE,0.01597534,0.37504004,-0.19869234,7.0,-0.0234375
2018-11,KE,0.03494841,0.32267091,-0.1131101,12.0,0.0546875
2018-12,KE,0.00842944,0.31326759,-0.14523695,4.0,-0.0703125
2019-01,KE,0.01273878,0.26177771,-0.11586593,7.0,-0.0234375
2019-02,KE,0.02027752,0.13701022,-0.04733388,9.0,0.0078125
2019-03,KE,0.01949567,0.18242198,-0.11058261,8.0,-0.0078125
2019-04,KE,0.01362264,0.16705707,-0.12298451,8.0,-0.0078125
2019-05,KE,0.00548209,0.18939681,-0.14226143,6.0,-0.0390625
2019-06,KE,0.01203853,0.41347285,-0.12700659,7.0,-0.0234375
2019-07,KE,0.02253791,0.4135007,-0.1650828,10.0,0.0234375
2019-08,KE,0.02222363,0.40852638,-0.19671503,9.0,0.0078125
2019-09,KE,0.01340394,0.40194351,-0.12614618,6.0,-0.0390625
2019-10,KE,0.01857161,0.40850096,-0.1177824,8.0,-0.0078125
2019-11,KE,0.00819959,0.37363481,-0.07477117,7.0,-0.0234375
2019-12,KE,0.02129632,0.20942186,-0.09916442,10.0,0.0234375
2020-01,KE,0.01829828,0.20911801,-0.08792893,9.0,0.0078125
2020-02,KE,0.00453187,0.21085479,-0.10160196,5.0,-0.0546875
2020-03,KE,0.02815541,0.13894414,-0.0784295,10.0,0.0234375
2020-04,KE,0.03140439,0.21079132,-0.07097079,8.0,-0.0078125
2020-05,KE,0.05249718,0.21872625,-0.08082942,11.0,0.0390625
2020-06,KE,0.04567211,0.21392394,-0.10553591,9.0,0.0078125
2020-07,KE,0.03088909,0.24820396,-0.09412878,6.0,-0.0390625
2020-08,KE,0.05217673,0.2439802,-0.04031807,10.0,0.0234375
2020-09,KE,0.07894992,0.25536917,-0.06863936,14.0,0.0859375
2020-10,KE,0.08146578,0.23067094,-0.04954823,12.0,0.0546875
2020-11,KE,0.08039966,0.23901316,-0.0094957,12.0,0.0546875
2020-12,KE,0.131597,0.23502167,-0.02635831,14.0,0.0859375
2021-01,KE,0.12876531,0.17984978,-0.0317182,14.0,0.0859375
2021-02,KE,0.12225418,0.13489221,-0.08292326,14.0,0.0859375
2021-03,KE,0.10258947,0.18452196,-0.06207611,12.0,0.0546875
2021-04,KE,0.10422039,0.26715325,-0.04485193,12.0,0.0546875
2021-05,KE,0.07336846,0.36271576,-0.06923798,14.0,0.0859375
2021-06,KE,0.0759486,0.44611468,-0.07874454,13.0,0.0703125
2021-07,KE,0.06334737,0.41824374,-0.06504908,13.0,0.0703125
2021-08,KE,0.05662179,0.41036673,-0.03823309,14.0,0.0859375
2021-09,KE,0.0264043,0.41375238,-0.04138377,12.0,0.0546875
2021-10,KE,0.02787425,0.37316408,-0.01675136,13.0,0.0703125
2021-11,KE,0.0183916,0.266632,-0.01607263,11.0,0.0390625
2021-12,KE,-0.01524203,0.10932735,-0.00379638,4.0,-0.0703125
2022-01,KE,-0.01752654,0.1070235,-0.02333123,4.0,-0.0703125
2022-02,KE,-0.00355103,0.125999,0.00797942,5.0,-0.0546875
2022-03,KE,-0.03405009,0.28396441,0.0,3.0,-0.0859375
2022-04,KE,-0.04738132,0.27926336,-0.06158964,3.0,-0.0859375
2022-05,KE,-0.04916393,0.27775422,-0.03276358,1.0,-0.1171875
2022-06,KE,-0.04514578,0.29098162,-0.01859869,1.0,-0.1171875
2022-07,KE,-0.01615154,0.45639359,-0.03200034,3.0,-0.0859375
2022-08,KE,-0.00206537,0.46059673,0.0513538,5.0,-0.0546875
2022-09,KE,0.01641998,0.33966523,0.025663,7.0,-0.0234375
2022-10,KE,0.00863516,0.38793254,0.01870203,5.0,-0.0546875
2022-11,KE,0.01875234,0.37074931,0.06043962,7.0,-0.0234375
2022-12,KE,0.02293248,0.37693275,0.04021638,7.0,-0.0234375
2023-01,KE,0.02764297,0.22740129,0.04951154,8.0,-0.0078125
2023-02,KE,0.01818616,0.2120759,0.02280879,4.0,-0.0703125
2023-03,KE,0.04793718,0.22908792,0.10665653,8.0,-0.0078125
2023-04,KE,0.07915398,0.18070467,0.22702767,11.0,0.0390625
2023-05,KE,0.09685436,0.20464416,0.03925565,11.0,0.0390625
2023-06,KE,0.08934767,0.19219321,0.00919771,13.0,0.0703125
2023-07,KE,0.04878789,0.19366583,-0.08187842,12.0,0.0546875
2023-08,KE,0.04738841,0.19647044,-0.00414143,11.0,0.0390625
2023-09,KE,-0.00051,0.22768972,-0.05107368,4.0,-0.0703125
2023-10,KE,-0.00496081,0.2194108,-0.07582254,6.0,-0.0390625
2023-11,KE,0.00403426,0.21487147,0.00156025,7.0,-0.0234375
2023-12,KE,-0.00666643,0.23888716,-0.01862429,6.0,-0.0390625
2024-01,KE,-0.00224002,0.22456879,0.01687018,7.0,-0.0234375
2024-02,KE,0.02530779,0.20915785,0.15599105,8.0,-0.0078125
2024-03,KE,0.06517007,0.1863578,0.05845319,14.0,0.0859375
2024-04,KE,0.0150923,0.13479366,-0.12303024,9.0,0.0078125
2024-05,KE,0.08160133,0.14458345,-0.1174139,14.0,0.0859375
2024-06,KE,0.10908559,0.30805534,0.0123485,14.0,0.0859375
2024-07,KE,0.13676107,0.44568246,-0.1206282,15.0,0.1015625
2024-08,KE,0.1246325,0.4447263,-0.0915721,15.0,0.1015625
2024-09,KE,0.17200503,0.43925108,-0.0984807,16.0,0.1171875
2024-10,KE,0.1788395,0.43941466,-0.09579778,16.0,0.1171875
2024-11,KE,0.14574051,0.4354354,-0.15126562,15.0,0.1015625
2024-12,KE,0.15886315,0.28964228,-0.09032202,16.0,0.1171875
2025-01,KE,0.15132782,0.1866968,-0.09994689,15.0,0.1015625
2025-02,KE,0.11870659,0.18990709,-0.15615231,15.0,0.1015625
2025-03,KE,0.08314746,0.19888189,-0.13814306,15.0,0.1015625
2025-04,KE,0.10631054,0.18611069,-0.17498251,15.0,0.1015625
2025-05,KE,0.03141205,0.20508291,-0.15497828,9.0,0.0078125
2025-06,KE,-0.0057009,0.17927994,-0.24465287,4.0,-0.0703125
2025-07,KE,-0.00507044,0.14466975,-0.13867695,5.0,-0.0546875
2025-08,KE,-0.031105,0.113915,-0.2141167,1.0,-0.1171875
2025-09,KE,-0.03277206,0.12122069,-0.16586415,1.0,-0.1171875
2025-10,KE,-0.01520338,0.11953853,-0.09266516,2.0,-0.1015625
2025-11,KE,0.00304677,0.15409388,-0.07488173,4.0,-0.0703125
2025-12,KE,-0.00042273,0.15171279,-0.14972268,5.0,-0.0546875
2026-01,KE,0.00795851,0.14123476,-0.10981736,5.0,-0.0546875
2026-02,KE,0.02254597,0.17238866,-0.0791796,7.0,-0.0234375
2026-03,KE,0.01652143,0.14912891,-0.12355835,4.0,-0.0703125
2026-04,KE,0.02070534,0.13275061,-0.13534579,5.0,-0.0546875
2026-05,KE,0.03273039,0.13752499,-0.10558264,6.0,-0.0390625
2026-06,KE,0.04232903,0.14526503,-0.13581769,9.0,0.0078125
2026-07,KE,0.02671772,0.19434847,-0.09114553,7.0,-0.0234375
2011-05,LE,0.15610482,0.13928275,-0.09155555,15.0,0.125
2011-06,LE,0.17490936,0.20019606,-0.32683063,15.0,0.125
2011-07,LE,0.19681659,0.21830145,-0.2448022,15.0,0.125
2011-08,LE,0.22266067,0.21825929,-0.09765963,15.0,0.125
2011-09,LE,0.23569543,0.21723152,-0.02486727,15.0,0.125
2011-10,LE,0.21181328,0.20329143,0.09638743,15.0,0.125
2011-11,LE,0.21483319,0.19160538,-0.09768088,15.0,0.125
2011-12,LE,0.20450314,0.12337141,0.0110012,15.0,0.125
2012-01,LE,0.21455278,0.09529259,-0.17603478,15.0,0.125
2012-02,LE,0.20932027,0.09644618,-0.04333419,15.0,0.125
2012-03,LE,0.19956535,0.09625539,0.22129444,15.0,0.125
2012-04,LE,0.18186643,0.13861634,-0.10835428,15.0,0.125
2012-05,LE,0.17721183,0.13935909,-0.08843997,15.0,0.125
2012-06,LE,0.15162203,0.14716083,-0.18707439,15.0,0.125
2012-07,LE,0.12386553,0.14589556,-0.2720194,13.0,0.08928571
2012-08,LE,0.08308021,0.13518673,-0.28582276,13.0,0.08928571
2012-09,LE,0.07075302,0.12876721,-0.12738988,12.0,0.07142857
2012-10,LE,0.07863978,0.07010362,0.03910062,13.0,0.08928571
2012-11,LE,0.0758546,0.08954402,-0.17697455,13.0,0.08928571
2012-12,LE,0.06798384,0.08294173,-0.11333365,13.0,0.08928571
2013-01,LE,0.05575165,0.08852274,-0.23799906,13.0,0.08928571
2013-02,LE,0.05898776,0.10506057,-0.08592161,13.0,0.08928571
2013-03,LE,0.04214408,0.1047926,0.2212283,12.0,0.07142857
2013-04,LE,0.04627857,0.09020293,0.32160173,12.0,0.07142857
2013-05,LE,0.05585582,0.07174598,0.04076936,11.0,0.05357143
2013-06,LE,0.04298382,0.06884931,-0.17087478,11.0,0.05357143
2013-07,LE,0.05301542,0.04868472,-0.19207366,11.0,0.05357143
2013-08,LE,0.0605803,0.01586701,-0.16108871,11.0,0.05357143
2013-09,LE,0.05936306,0.03370567,-0.19013843,11.0,0.05357143
2013-10,LE,0.07659736,0.03716819,0.07954594,11.0,0.05357143
2013-11,LE,0.07929463,0.07654328,-0.03584117,11.0,0.05357143
2013-12,LE,0.07387511,0.06845631,-0.00575075,11.0,0.05357143
2014-01,LE,0.09547271,0.06468464,0.05306402,11.0,0.05357143
2014-02,LE,0.0992474,0.06416301,0.22774322,12.0,0.07142857
2014-03,LE,0.09435559,0.07797471,0.35300382,12.0,0.07142857
2014-04,LE,0.08015473,0.07857604,0.36505574,12.0,0.07142857
2014-05,LE,0.05738463,0.07981699,-0.03523888,13.0,0.08928571
2014-06,LE,0.10405316,0.09160917,0.1175055,14.0,0.10714286
2014-07,LE,0.13431353,0.14910451,0.02206868,14.0,0.10714286
2014-08,LE,0.15511018,0.14882375,0.17313291,14.0,0.10714286
2014-09,LE,0.15788567,0.1602344,-0.11183659,14.0,0.10714286
2014-10,LE,0.15032095,0.16445314,0.11255249,14.0,0.10714286
2014-11,LE,0.14484184,0.16227492,-0.01303813,15.0,0.1015625
2014-12,LE,0.14916049,0.14933405,0.0447674,14.0,0.0859375
2015-01,LE,0.149116,0.12295077,0.09878722,14.0,0.0859375
2015-02,LE,0.1760536,0.16773334,0.31301805,15.0,0.1015625
2015-03,LE,0.18751681,0.16910054,0.34372161,15.0,0.1015625
2015-04,LE,0.19151009,0.17517716,0.37968415,15.0,0.1015625
2015-05,LE,0.19998406,0.15842843,0.04074908,14.0,0.0859375
2015-06,LE,0.16664022,0.16031752,-0.10352012,14.0,0.0859375
2015-07,LE,0.15553959,0.16019436,-0.00939349,14.0,0.0859375
2015-08,LE,0.14696024,0.11498049,0.0969972,14.0,0.0859375
2015-09,LE,0.11273338,0.10627903,-0.28816039,13.0,0.0703125
2015-10,LE,0.10526252,0.17700234,-0.11140224,14.0,0.0859375
2015-11,LE,0.10264808,0.26959073,-0.10671958,15.0,0.1015625
2015-12,LE,0.08356015,0.28766195,-0.16703866,15.0,0.1015625
2016-01,LE,0.09041102,0.29446871,0.0587732,14.0,0.0859375
2016-02,LE,0.02865226,0.29459688,0.02438994,12.0,0.0546875
2016-03,LE,0.01202864,0.29744069,0.40826644,11.0,0.0390625
2016-04,LE,0.00449329,0.2329921,0.12956601,5.0,-0.0546875
2016-05,LE,0.01018222,0.16115262,0.1502732,8.0,-0.0078125
2016-06,LE,0.0370087,0.15974405,0.25969577,15.0,0.1015625
2016-07,LE,0.03564233,0.15308995,0.07191725,14.0,0.0859375
2016-08,LE,0.05535798,0.15384369,0.29461532,15.0,0.1015625
2016-09,LE,0.09328522,0.1480961,-0.07493814,16.0,0.1171875
2016-10,LE,0.0734113,0.15407818,-0.01327056,16.0,0.1171875
2016-11,LE,0.07470071,0.12624815,-0.06560459,16.0,0.1171875
2016-12,LE,0.10172482,0.12271163,0.03858559,15.0,0.1015625
2017-01,LE,0.08908555,0.14943463,0.07678668,15.0,0.1015625
2017-02,LE,0.16436885,0.1481977,0.57011794,15.0,0.1015625
2017-03,LE,0.16330027,0.16197517,0.45610767,15.0,0.1015625
2017-04,LE,0.19574738,0.10036578,0.63535743,16.0,0.1171875
2017-05,LE,0.18203642,0.14929674,0.1304539,15.0,0.1015625
2017-06,LE,0.17258392,0.16887537,0.05598523,15.0,0.1015625
2017-07,LE,0.14886438,0.20091775,0.00267368,15.0,0.1015625
2017-08,LE,0.10288894,0.22307974,-0.04991566,14.0,0.0859375
2017-09,LE,0.08320198,0.23350517,-0.33948928,15.0,0.1015625
2017-10,LE,0.08625904,0.23858474,-0.25785118,15.0,0.1015625
2017-11,LE,0.0737393,0.211428,-0.24822423,14.0,0.0859375
2017-12,LE,0.11671864,0.22444318,-0.04294919,15.0,0.1015625
2018-01,LE,0.12706951,0.22875116,0.04488828,15.0,0.1015625
2018-02,LE,0.07986754,0.21885019,0.17921136,14.0,0.0859375
2018-03,LE,0.13114517,0.17090977,0.62950119,16.0,0.1171875
2018-04,LE,0.15069988,0.22860789,0.93675275,16.0,0.1171875
2018-05,LE,0.15474728,0.21484651,0.06102813,16.0,0.1171875
2018-06,LE,0.17733744,0.19193926,-0.17655014,16.0,0.1171875
2018-07,LE,0.20186744,0.18978277,-0.08968962,16.0,0.1171875
2018-08,LE,0.23225411,0.18956956,0.03966741,16.0,0.1171875
2018-09,LE,0.24064232,0.1867557,-0.27842817,16.0,0.1171875
2018-10,LE,0.2645048,0.10812199,-0.05658526,16.0,0.1171875
2018-11,LE,0.29260097,0.05052487,-0.18644495,16.0,0.1171875
2018-12,LE,0.26181762,0.04415922,-0.11756763,16.0,0.1171875
2019-01,LE,0.25419148,0.07314733,-0.07153854,16.0,0.1171875
2019-02,LE,0.23965692,0.0738394,-0.02424409,16.0,0.1171875
2019-03,LE,0.18353559,0.07573747,0.33909205,16.0,0.1171875
2019-04,LE,0.1581628,0.1076393,0.49447651,15.0,0.1015625
2019-05,LE,0.18957783,0.11523452,0.29604297,16.0,0.1171875
2019-06,LE,0.15520907,0.14190787,-0.05942076,16.0,0.1171875
2019-07,LE,0.14299362,0.11043641,-0.04118727,16.0,0.1171875
2019-08,LE,0.18534481,0.11735694,0.33557969,15.0,0.1015625
2019-09,LE,0.18780491,0.09731276,-0.31914113,16.0,0.1171875
2019-10,LE,0.15555228,0.12331643,-0.29041745,16.0,0.1171875
2019-11,LE,0.14016829,0.14516175,-0.25026358,16.0,0.1171875
2019-12,LE,0.1327212,0.09631419,-0.11490861,16.0,0.1171875
2020-01,LE,0.14533295,0.09562563,0.0830955,16.0,0.1171875
2020-02,LE,0.14260363,0.13181107,0.35988626,16.0,0.1171875
2020-03,LE,0.20043143,0.18528354,0.60267562,16.0,0.1171875
2020-04,LE,0.09027951,0.18531224,-0.41380557,13.0,0.0703125
2020-05,LE,0.13537651,0.24799593,0.00738885,14.0,0.0859375
2020-06,LE,0.08754754,0.37321945,-0.29003033,13.0,0.0703125
2020-07,LE,0.07044366,0.36875622,-0.29186297,14.0,0.0859375
2020-08,LE,0.04680698,0.39613421,-0.04642539,9.0,0.0078125
2020-09,LE,0.05033017,0.39266532,-0.20270257,9.0,0.0078125
2020-10,LE,0.06407151,0.39031283,-0.09349012,10.0,0.0234375
2020-11,LE,0.05974835,0.27009907,-0.15514155,11.0,0.0390625
2020-12,LE,0.0415713,0.16915343,-0.23114964,7.0,-0.0234375
2021-01,LE,0.00056472,0.08552967,-0.33292227,3.0,-0.0859375
2021-02,LE,0.01363979,0.0607006,0.07659753,4.0,-0.0703125
2021-03,LE,-0.05492188,0.06088085,-0.09452852,1.0,-0.1171875
2021-04,LE,0.0750034,0.05150091,0.17415846,11.0,0.0390625
2021-05,LE,0.00750441,0.04081547,-0.13693613,3.0,-0.0859375
2021-06,LE,0.07939976,0.0388908,-0.01081052,14.0,0.0859375
2021-07,LE,0.09702109,0.08088967,-0.25459188,14.0,0.0859375
2021-08,LE,0.0331317,0.08698973,-0.40051296,11.0,0.0390625
2021-09,LE,0.0376115,0.09925146,-0.24248551,13.0,0.0703125
2021-10,LE,0.01517244,0.12885201,-0.21784889,9.0,0.0078125
2021-11,LE,0.04413474,0.13983793,-0.09158142,14.0,0.0859375
2021-12,LE,0.04861065,0.15720346,-0.22304301,13.0,0.0703125
2022-01,LE,0.07114042,0.13880191,-0.21215188,13.0,0.0703125
2022-02,LE,0.06889813,0.13698545,0.16248837,13.0,0.0703125
2022-03,LE,0.08748022,0.12854482,0.09587944,15.0,0.1015625
2022-04,LE,0.06010895,0.08468516,0.19898509,14.0,0.0859375
2022-05,LE,0.07198503,0.08302188,0.00677401,13.0,0.0703125
2022-06,LE,0.08953092,0.06597685,0.23626468,13.0,0.0703125
2022-07,LE,0.08346006,0.10502492,-0.24820272,13.0,0.0703125
2022-08,LE,0.14126805,0.10691596,-0.04320228,14.0,0.0859375
2022-09,LE,0.15058526,0.11705981,-0.15831642,14.0,0.0859375
2022-10,LE,0.14239282,0.1112349,-0.23193281,14.0,0.0859375
2022-11,LE,0.12425338,0.10795015,-0.10252874,14.0,0.0859375
2022-12,LE,0.13072693,0.0688442,-0.01342761,14.0,0.0859375
2023-01,LE,0.12894302,0.04883035,-0.16060601,14.0,0.0859375
2023-02,LE,0.15104739,0.04915494,0.07529861,14.0,0.0859375
2023-03,LE,0.17135584,0.06535013,0.21843981,14.0,0.0859375
2023-04,LE,0.17637373,0.05748529,0.34900067,15.0,0.1015625
2023-05,LE,0.15665675,0.06167873,0.05072559,15.0,0.1015625
2023-06,LE,0.1387332,0.05157989,-0.07844495,15.0,0.1015625
2023-07,LE,0.14609456,0.06700448,-0.04939895,15.0,0.1015625
2023-08,LE,0.11400592,0.07386764,-0.03653582,15.0,0.1015625
2023-09,LE,0.10244363,0.07291366,-0.12394247,16.0,0.1171875
2023-10,LE,0.13564652,0.07230804,0.00674182,16.0,0.1171875
2023-11,LE,0.13386529,0.07829177,-0.03266173,16.0,0.1171875
2023-12,LE,0.13815041,0.15031782,0.07880937,15.0,0.1015625
2024-01,LE,0.13490927,0.11571025,-0.11204802,15.0,0.1015625
2024-02,LE,0.10755951,0.12698903,-0.04764027,15.0,0.1015625
2024-03,LE,0.09978205,0.140289,0.16102603,15.0,0.1015625
2024-04,LE,0.10696399,0.13906562,0.3448995,15.0,0.1015625
2024-05,LE,0.11321841,0.13914314,0.09985035,15.0,0.1015625
2024-06,LE,0.11556072,0.08776364,0.23536425,15.0,0.1015625
2024-07,LE,0.11222415,0.10818293,0.01418411,14.0,0.0859375
2024-08,LE,0.14612651,0.10913142,0.03473651,16.0,0.1171875
2024-09,LE,0.1325924,0.11599525,-0.03330347,15.0,0.1015625
2024-10,LE,0.15237643,0.10060135,0.21155706,15.0,0.1015625
2024-11,LE,0.15129337,0.096641,-0.02136986,16.0,0.1171875
2024-12,LE,0.15546636,0.09827018,0.12160292,15.0,0.1015625
2025-01,LE,0.18319364,0.07244402,0.06769166,16.0,0.1171875
2025-02,LE,0.17769251,0.08616993,0.12166562,16.0,0.1171875
2025-03,LE,0.17543242,0.10186455,0.12079144,16.0,0.1171875
2025-04,LE,0.16021853,0.12501202,0.20753996,16.0,0.1171875
2025-05,LE,0.16363969,0.12249212,0.17554768,16.0,0.1171875
2025-06,LE,0.16601825,0.11818765,0.33231673,16.0,0.1171875
2025-07,LE,0.17070669,0.1195947,0.11893299,16.0,0.1171875
2025-08,LE,0.11445847,0.13175089,-0.02715235,16.0,0.1171875
2025-09,LE,0.11806322,0.07270466,-0.07506784,15.0,0.1015625
2025-10,LE,0.10761086,0.12643579,0.10720702,15.0,0.1015625
2025-11,LE,0.08755243,0.12846929,-0.06610947,15.0,0.1015625
2025-12,LE,0.07798806,0.19474724,0.01909755,15.0,0.1015625
2026-01,LE,0.04998157,0.20687347,-0.02368171,14.0,0.0859375
2026-02,LE,0.08643935,0.17827867,0.07852827,15.0,0.1015625
2026-03,LE,0.07222726,0.17951975,-0.00615639,14.0,0.0859375
2026-04,LE,0.07623236,0.17583848,0.10457353,14.0,0.0859375
2026-05,LE,0.08863016,0.187044,0.22247005,15.0,0.1015625
2026-06,LE,0.08815607,0.12245319,0.37138911,15.0,0.1015625
2026-07,LE,0.08003176,0.10719683,0.11936657,15.0,0.1015625
2011-05,MCL,0.00865064,0.18174125,-0.06970986,6.0,-0.03571429
2011-06,MCL,-0.0003152,0.24672309,-0.06246038,3.0,-0.08928571
2011-07,MCL,-0.00198114,0.25575298,-0.05646442,3.0,-0.08928571
2011-08,MCL,0.01294567,0.24161816,-0.04788735,9.0,0.01785714
2011-09,MCL,0.0023316,0.26158056,-0.02065638,5.0,-0.05357143
2011-10,MCL,-0.00063114,0.217004,0.01348094,4.0,-0.07142857
2011-11,MCL,-0.0059545,0.35708156,-0.01173415,2.0,-0.10714286
2011-12,MCL,-0.00643322,0.39448728,-0.01961675,2.0,-0.10714286
2012-01,MCL,-0.00039517,0.38157661,-0.04891829,2.0,-0.10714286
2012-02,MCL,0.0175634,0.38216368,-0.04941539,8.0,0.0
2012-03,MCL,0.00769307,0.34374647,-0.05746829,6.0,-0.03571429
2012-04,MCL,0.0051653,0.27643912,-0.0467519,3.0,-0.08928571
2012-05,MCL,0.00701717,0.19842246,-0.0449418,5.0,-0.05357143
2012-06,MCL,0.00542325,0.26061128,-0.05494951,2.0,-0.10714286
2012-07,MCL,0.00620966,0.2788258,-0.03865083,3.0,-0.08928571
2012-08,MCL,0.00547319,0.31281959,-0.03426052,3.0,-0.08928571
2012-09,MCL,-0.00209244,0.32806766,-0.05851916,2.0,-0.10714286
2012-10,MCL,0.00205619,0.3367229,-0.06270941,2.0,-0.10714286
2012-11,MCL,0.00469155,0.34249402,-0.06985154,3.0,-0.08928571
2012-12,MCL,0.00797116,0.22266829,-0.06157514,4.0,-0.07142857
2013-01,MCL,0.00778264,0.21547967,-0.06273721,4.0,-0.07142857
2013-02,MCL,0.00398534,0.19046492,-0.04918933,3.0,-0.08928571
2013-03,MCL,0.00413717,0.14495614,-0.03363452,4.0,-0.07142857
2013-04,MCL,0.00188696,0.15512664,-0.02862564,4.0,-0.07142857
2013-05,MCL,0.00310712,0.15592597,-0.02974673,4.0,-0.07142857
2013-06,MCL,0.00937605,0.15267519,0.01566196,7.0,-0.01785714
2013-07,MCL,0.00048944,0.17328609,0.09121794,4.0,-0.07142857
2013-08,MCL,-0.00950107,0.19314274,0.06059732,3.0,-0.08928571
2013-09,MCL,-0.01204936,0.16269176,0.05303612,3.0,-0.08928571
2013-10,MCL,-0.02839511,0.18044159,-0.03523396,1.0,-0.125
2013-11,MCL,-0.03172841,0.18551307,-0.03456389,1.0,-0.125
2013-12,MCL,-0.03575513,0.2165891,-0.01607098,1.0,-0.125
2014-01,MCL,-0.03155418,0.20337177,0.1047876,1.0,-0.125
2014-02,MCL,-0.03621447,0.15611286,0.0757801,1.0,-0.125
2014-03,MCL,-0.03782082,0.17633905,0.09796418,1.0,-0.125
2014-04,MCL,-0.03972111,0.1723261,0.07465776,1.0,-0.125
2014-05,MCL,-0.04807745,0.15814875,0.08141385,1.0,-0.125
2014-06,MCL,-0.05956194,0.12309222,0.07673217,1.0,-0.125
2014-07,MCL,-0.04438161,0.11167338,0.09625059,1.0,-0.125
2014-08,MCL,-0.0132813,0.13526991,0.12398401,1.0,-0.125
2014-09,MCL,-0.0099888,0.09736258,0.11944923,1.0,-0.125
2014-10,MCL,-0.00862875,0.13495546,0.01877957,1.0,-0.125
2014-11,MCL,-0.01103679,0.17261508,-0.01896454,1.0,-0.1171875
2014-12,MCL,-0.0138948,0.2831252,-0.09472559,1.0,-0.1171875
2015-01,MCL,-0.01278929,0.31850657,-0.2012481,1.0,-0.1171875
2015-02,MCL,-0.01834644,0.30505818,-0.53327596,1.0,-0.1171875
2015-03,MCL,-0.00128682,0.37491938,-0.46833333,2.0,-0.1015625
2015-04,MCL,0.02060541,0.3696971,-0.1928265,6.0,-0.0390625
2015-05,MCL,0.03610942,0.59601586,-0.06250548,9.0,0.0078125
2015-06,MCL,0.03415371,0.54599722,-0.07347885,9.0,0.0078125
2015-07,MCL,0.02347845,0.42867965,-0.09588976,7.0,-0.0234375
2015-08,MCL,0.00857023,0.49579553,-0.19212673,6.0,-0.0390625
2015-09,MCL,0.01806292,0.49393357,-0.12217785,8.0,-0.0078125
2015-10,MCL,0.01871239,0.47907271,-0.22046969,8.0,-0.0078125
2015-11,MCL,0.01642129,0.33176863,-0.37703639,8.0,-0.0078125
2015-12,MCL,0.01324304,0.3599297,-0.33261499,9.0,0.0078125
2016-01,MCL,-0.00448113,0.37838282,-0.62868791,2.0,-0.1015625
2016-02,MCL,-0.01637856,0.32596281,-0.64287975,4.0,-0.0703125
2016-03,MCL,-0.03052648,0.25268931,-0.43971356,3.0,-0.0859375
2016-04,MCL,-0.04700927,0.36320314,-0.18980738,2.0,-0.1015625
2016-05,MCL,-0.04876838,0.48007435,-0.10982075,1.0,-0.1171875
2016-06,MCL,-0.05363934,0.4698814,-0.15464323,1.0,-0.1171875
2016-07,MCL,-0.0566084,0.41337096,-0.2190982,2.0,-0.1015625
2016-08,MCL,-0.0591286,0.42341985,-0.16502308,2.0,-0.1015625
2016-09,MCL,-0.06589829,0.37671069,-0.13641531,2.0,-0.1015625
2016-10,MCL,-0.05063208,0.36672712,-0.1602417,1.0,-0.1171875
2016-11,MCL,-0.04397752,0.28722596,-0.21255402,2.0,-0.1015625
2016-12,MCL,-0.03710599,0.26585546,-0.19799756,2.0,-0.1015625
2017-01,MCL,-0.01860662,0.28531738,-0.14981304,3.0,-0.0859375
2017-02,MCL,0.01161644,0.18420289,-0.09431069,5.0,-0.0546875
2017-03,MCL,0.00171974,0.15234145,-0.10553059,2.0,-0.1015625
2017-04,MCL,0.0012876,0.18509415,-0.07382538,2.0,-0.1015625
2017-05,MCL,-0.00764698,0.18032535,-0.06032217,3.0,-0.0859375
2017-06,MCL,0.00296866,0.18253949,-0.05993831,2.0,-0.1015625
2017-07,MCL,0.01350837,0.13035393,-0.02257363,9.0,0.0078125
2017-08,MCL,-0.00486718,0.22639396,-0.18674071,5.0,-0.0546875
2017-09,MCL,0.00708306,0.23780454,-0.06367574,6.0,-0.0390625
2017-10,MCL,0.00120302,0.25567088,-0.04854395,6.0,-0.0390625
2017-11,MCL,0.00461903,0.25694625,-0.00935363,7.0,-0.0234375
2017-12,MCL,0.00472947,0.24633622,-0.0041684,7.0,-0.0234375
2018-01,MCL,0.00125619,0.22245455,0.03430413,7.0,-0.0234375
2018-02,MCL,-0.00418011,0.19944594,0.03253976,5.0,-0.0546875
2018-03,MCL,-0.00229621,0.16287069,0.01231006,4.0,-0.0703125
2018-04,MCL,-0.00756674,0.14217068,0.01654191,2.0,-0.1015625
2018-05,MCL,-0.00761877,0.14562019,0.02363196,3.0,-0.0859375
2018-06,MCL,0.01255485,0.15364365,0.26315558,7.0,-0.0234375
2018-07,MCL,0.00208211,0.20188684,0.20174595,5.0,-0.0546875
2018-08,MCL,0.02239294,0.22160737,0.07053334,10.0,0.0234375
2018-09,MCL,0.00792018,0.19784292,0.03387989,5.0,-0.0546875
2018-10,MCL,0.00271526,0.20179777,-0.02421033,2.0,-0.1015625
2018-11,MCL,-0.001811,0.23654648,-0.03369584,2.0,-0.1015625
2018-12,MCL,-0.01857561,0.3685166,-0.08568883,2.0,-0.1015625
2019-01,MCL,-0.01687829,0.29024608,-0.06048718,2.0,-0.1015625
2019-02,MCL,-0.01414631,0.4586072,-0.07518257,2.0,-0.1015625
2019-03,MCL,-0.00541048,0.47178104,-0.02928545,2.0,-0.1015625
2019-04,MCL,0.00077259,0.47141684,-0.01332786,5.0,-0.0546875
2019-05,MCL,0.000489,0.46316018,-0.02982956,3.0,-0.0859375
2019-06,MCL,-0.02233706,0.42125551,-0.01076573,2.0,-0.1015625
2019-07,MCL,-0.01522807,0.38486002,-0.01005226,2.0,-0.1015625
2019-08,MCL,-0.01735355,0.29675238,0.04358498,1.0,-0.1171875
2019-09,MCL,-0.0222618,0.29444683,0.02098167,1.0,-0.1171875
2019-10,MCL,-0.02627984,0.28025995,-0.01626188,2.0,-0.1015625
2019-11,MCL,-0.02317817,0.25495682,0.00602022,2.0,-0.1015625
2019-12,MCL,-0.00528779,0.14895523,0.05796202,4.0,-0.0703125
2020-01,MCL,-0.01714225,0.17849023,-0.02927896,3.0,-0.0859375
2020-02,MCL,-0.02081961,0.2932998,-0.04580901,2.0,-0.1015625
2020-03,MCL,-0.13802691,0.32947068,-2.34324047,2.0,-0.1015625
2020-04,MCL,0.11970591,0.98494121,-1.59226067,14.0,0.0859375
2020-05,MCL,0.27925235,1.32063031,-0.12360087,15.0,0.1015625
2020-06,MCL,0.28751969,1.62305412,-0.03368761,15.0,0.1015625
2020-07,MCL,0.28574419,1.62512608,-0.08214918,15.0,0.1015625
2020-08,MCL,0.28236632,1.59384824,-0.08847997,15.0,0.1015625
2020-09,MCL,0.29264851,1.56184354,-0.07300964,15.0,0.1015625
2020-10,MCL,0.29852585,0.90746309,-0.11792183,15.0,0.1015625
2020-11,MCL,0.30545736,0.8507977,-0.04556417,15.0,0.1015625
2020-12,MCL,0.30597139,0.39514756,-0.02506434,15.0,0.1015625
2021-01,MCL,0.31748444,0.38650866,0.03002221,15.0,0.1015625
2021-02,MCL,0.31567209,0.38588488,0.0554161,15.0,0.1015625
2021-03,MCL,0.42685992,0.40015877,-0.00411526,15.0,0.1015625
2021-04,MCL,0.16344673,0.34912137,0.01742198,14.0,0.0859375
2021-05,MCL,0.00639428,0.22819001,0.04334427,2.0,-0.1015625
2021-06,MCL,0.00176481,0.14227542,0.112796,2.0,-0.1015625
2021-07,MCL,-0.00482876,0.14707312,0.11167537,2.0,-0.1015625
2021-08,MCL,-0.01456479,0.21085429,0.04420535,2.0,-0.1015625
2021-09,MCL,-0.02017735,0.21761821,0.05366669,3.0,-0.0859375
2021-10,MCL,-0.00885458,0.22602613,0.25510814,3.0,-0.0859375
2021-11,MCL,-0.034891,0.25122539,0.05889803,1.0,-0.1171875
2021-12,MCL,-0.04640267,0.41532077,0.04867088,2.0,-0.1015625
2022-01,MCL,-0.03100594,0.40676544,0.24799312,2.0,-0.1015625
2022-02,MCL,-0.03062603,0.47072146,0.29554804,2.0,-0.1015625
2022-03,MCL,-0.03521281,0.44776192,0.21557907,2.0,-0.1015625
2022-04,MCL,-0.0355567,0.45011763,0.19241037,4.0,-0.0703125
2022-05,MCL,-0.03582135,0.43110867,0.30685359,3.0,-0.0859375
2022-06,MCL,-0.04461018,0.1999913,0.28193963,2.0,-0.1015625
2022-07,MCL,-0.04746681,0.2642709,0.24111222,1.0,-0.1171875
2022-08,MCL,-0.05934143,0.1874821,0.070904,1.0,-0.1171875
2022-09,MCL,-0.05444638,0.28097906,0.1111042,1.0,-0.1171875
2022-10,MCL,-0.05551767,0.29907777,0.16555994,2.0,-0.1015625
2022-11,MCL,-0.05360396,0.33728433,-0.01607901,1.0,-0.1171875
2022-12,MCL,-0.0473838,0.27427293,-0.02698865,1.0,-0.1171875
2023-01,MCL,-0.06696036,0.27429106,-0.04952414,1.0,-0.1171875
2023-02,MCL,-0.0616283,0.26986547,-0.02210193,1.0,-0.1171875
2023-03,MCL,-0.0555895,0.22865159,-0.01959237,1.0,-0.1171875
2023-04,MCL,-0.05133434,0.20601083,0.02791736,1.0,-0.1171875
2023-05,MCL,-0.0572,0.10601926,-0.02679162,1.0,-0.1171875
2023-06,MCL,-0.05729612,0.1767393,-0.0219141,2.0,-0.1015625
2023-07,MCL,-0.04364937,0.18871381,0.07412377,1.0,-0.1171875
2023-08,MCL,-0.01642461,0.29261692,0.09793258,3.0,-0.0859375
2023-09,MCL,-0.0122056,0.29941473,0.26112426,3.0,-0.0859375
2023-10,MCL,-0.0369098,0.31154231,0.08109625,5.0,-0.0546875
2023-11,MCL,-0.02909857,0.338775,-0.01272072,5.0,-0.0546875
2023-12,MCL,-0.03009139,0.29802508,-0.0333545,4.0,-0.0703125
2024-01,MCL,-0.02376553,0.32293606,0.02326836,4.0,-0.0703125
2024-02,MCL,-0.01084958,0.26001109,0.11515392,5.0,-0.0546875
2024-03,MCL,-0.00937883,0.25746185,0.11409125,6.0,-0.0390625
2024-04,MCL,-0.00942443,0.23885537,0.0969768,6.0,-0.0390625
2024-05,MCL,-0.00576376,0.22124258,0.03861123,5.0,-0.0546875
2024-06,MCL,0.01279278,0.18470918,0.13978864,7.0,-0.0234375
2024-07,MCL,0.01553528,0.16326764,0.16293657,7.0,-0.0234375
2024-08,MCL,0.00981716,0.168326,0.14053059,7.0,-0.0234375
2024-09,MCL,-0.00271462,0.17669883,0.07412013,4.0,-0.0703125
2024-10,MCL,0.01418379,0.15882293,0.08209883,6.0,-0.0390625
2024-11,MCL,0.01751533,0.17100415,0.04566896,6.0,-0.0390625
2024-12,MCL,0.02686812,0.16875057,0.08004855,7.0,-0.0234375
2025-01,MCL,0.01902025,0.16358796,0.09929539,7.0,-0.0234375
2025-02,MCL,0.00138587,0.17568622,0.06683897,6.0,-0.0390625
2025-03,MCL,0.00147994,0.18273583,0.09708197,4.0,-0.0703125
2025-04,MCL,0.00309959,0.15631941,0.12003095,5.0,-0.0546875
2025-05,MCL,0.01161062,0.30310586,0.18932367,6.0,-0.0390625
2025-06,MCL,0.00946795,0.31974876,0.24612264,7.0,-0.0234375
2025-07,MCL,0.00074648,0.38809808,0.17070428,6.0,-0.0390625
2025-08,MCL,-0.00608692,0.39724804,0.10868751,4.0,-0.0703125
2025-09,MCL,-0.00371063,0.41616285,0.08029869,5.0,-0.0546875
2025-10,MCL,0.00311295,0.42063521,0.07873088,5.0,-0.0546875
2025-11,MCL,0.00473437,0.31607668,0.05079872,5.0,-0.0546875
2025-12,MCL,-0.00068437,0.31489632,0.0411105,4.0,-0.0703125
2026-01,MCL,0.00358515,0.18799467,0.09435951,4.0,-0.0703125
2026-02,MCL,-0.00275207,0.22924841,0.02216158,3.0,-0.0859375
2026-03,MCL,0.05573861,0.20835224,1.10302093,12.0,0.0546875
2026-04,MCL,0.0034,0.72882954,0.62408121,4.0,-0.0703125
2026-05,MCL,-0.04697766,0.70916366,0.30055109,2.0,-0.1015625
2026-06,MCL,-0.07056292,0.7436817,0.04035818,2.0,-0.1015625
2026-07,MCL,-0.06414329,0.83897692,0.42370145,2.0,-0.1015625
2011-05,MGC,0.00573782,0.16053422,-0.00327969,5.0,-0.05357143
2011-06,MGC,0.00559452,0.16422176,-0.00368313,7.0,-0.01785714
2011-07,MGC,0.00506102,0.17096293,-0.00598023,7.0,-0.01785714
2011-08,MGC,0.00445531,0.14684366,-0.00550925,6.0,-0.03571429
2011-09,MGC,0.00430271,0.19389106,-0.00985731,6.0,-0.03571429
2011-10,MGC,0.0046145,0.27915487,-0.0070592,6.0,-0.03571429
2011-11,MGC,0.00484096,0.27581168,-0.01672869,5.0,-0.05357143
2011-12,MGC,0.00572173,0.27430309,-0.00752235,6.0,-0.03571429
2012-01,MGC,0.00607781,0.3120511,-0.00910438,5.0,-0.05357143
2012-02,MGC,0.00644601,0.3236328,-0.01030794,4.0,-0.07142857
2012-03,MGC,0.00678414,0.26888069,-0.00795366,4.0,-0.07142857
2012-04,MGC,0.00728188,0.22235575,-0.00605593,5.0,-0.05357143
2012-05,MGC,0.00782459,0.21114274,-0.00545283,6.0,-0.03571429
2012-06,MGC,0.00808201,0.22487215,-0.00483071,5.0,-0.05357143
2012-07,MGC,0.00830147,0.18749593,-0.00728774,6.0,-0.03571429
2012-08,MGC,0.00914548,0.09464078,-0.00459819,7.0,-0.01785714
2012-09,MGC,0.00930264,0.13023596,-0.00962016,7.0,-0.01785714
2012-10,MGC,0.0092403,0.13858972,-0.01172771,8.0,0.0
2012-11,MGC,0.00950429,0.14710684,-0.00452753,8.0,0.0
2012-12,MGC,0.00854672,0.10826501,-0.00778645,7.0,-0.01785714
2013-01,MGC,0.00819566,0.11255433,-0.00549761,6.0,-0.03571429
2013-02,MGC,0.00807413,0.12049509,-0.00298682,6.0,-0.03571429
2013-03,MGC,0.00762201,0.11704473,-0.00277572,8.0,0.0
2013-04,MGC,0.00716079,0.08705873,0.00088609,5.0,-0.05357143
2013-05,MGC,0.0064253,0.1123551,-0.00158946,5.0,-0.05357143
2013-06,MGC,0.00629731,0.11637393,0.00099489,4.0,-0.07142857
2013-07,MGC,0.00600909,0.14428246,0.0,5.0,-0.05357143
2013-08,MGC,0.00500434,0.23604226,0.00237863,5.0,-0.05357143
2013-09,MGC,0.00452517,0.27294585,-0.00294983,6.0,-0.03571429
2013-10,MGC,0.00410415,0.27543275,-0.00089013,6.0,-0.03571429
2013-11,MGC,0.0031009,0.26608558,0.00088507,6.0,-0.03571429
2013-12,MGC,0.00455971,0.25950465,-0.00434062,6.0,-0.03571429
2014-01,MGC,0.00516576,0.20407538,0.00304726,5.0,-0.05357143
2014-02,MGC,0.00438087,0.17755529,-0.00172744,5.0,-0.05357143
2014-03,MGC,0.00421594,0.18632449,-0.00284562,4.0,-0.07142857
2014-04,MGC,0.00428487,0.1670463,-0.00291603,3.0,-0.08928571
2014-05,MGC,0.00475278,0.16764213,-0.00177702,3.0,-0.08928571
2014-06,MGC,0.00490157,0.15535448,-0.00190556,4.0,-0.07142857
2014-07,MGC,0.00505914,0.15781677,-0.00380023,6.0,-0.03571429
2014-08,MGC,0.00516312,0.16663817,-0.00602397,4.0,-0.07142857
2014-09,MGC,0.00585415,0.12275915,-0.00670356,4.0,-0.07142857
2014-10,MGC,0.00596712,0.14461104,-0.00458558,4.0,-0.07142857
2014-11,MGC,0.00657405,0.13995057,0.00103604,4.0,-0.0703125
2014-12,MGC,0.00483909,0.13529489,-0.00220349,4.0,-0.0703125
2015-01,MGC,0.00435741,0.08644668,-0.00380856,6.0,-0.0390625
2015-02,MGC,0.00491561,0.18320507,-0.00470547,5.0,-0.0546875
2015-03,MGC,0.00592855,0.20591868,0.00106461,4.0,-0.0703125
2015-04,MGC,0.00595122,0.18608982,0.0,3.0,-0.0859375
2015-05,MGC,0.00581967,0.18458789,-0.00186098,3.0,-0.0859375
2015-06,MGC,0.00544831,0.18455327,-0.0032249,4.0,-0.0703125
2015-07,MGC,0.0055848,0.18712581,0.00104252,5.0,-0.0546875
2015-08,MGC,0.00510454,0.10324404,-0.00430288,5.0,-0.0546875
2015-09,MGC,0.0050995,0.10385696,0.0,5.0,-0.0546875
2015-10,MGC,0.00597843,0.10283153,0.00094114,5.0,-0.0546875
2015-11,MGC,0.0058746,0.13270113,0.00472779,5.0,-0.0546875
2015-12,MGC,0.00672848,0.14871256,0.00118791,5.0,-0.0546875
2016-01,MGC,0.00764808,0.14886768,-0.00099137,4.0,-0.0703125
2016-02,MGC,0.00750313,0.14066403,-0.00510263,8.0,-0.0078125
2016-03,MGC,0.0067503,0.19067417,-0.00714137,7.0,-0.0234375
2016-04,MGC,0.00628989,0.18484926,-0.01115528,6.0,-0.0390625
2016-05,MGC,0.00671552,0.18133739,-0.01450659,6.0,-0.0390625
2016-06,MGC,0.0085998,0.1839784,-0.01845396,7.0,-0.0234375
2016-07,MGC,0.01051446,0.19060067,-0.01172712,8.0,-0.0078125
2016-08,MGC,0.01202199,0.18824315,-0.00963349,8.0,-0.0078125
2016-09,MGC,0.01253741,0.1549378,-0.01563332,8.0,-0.0078125
2016-10,MGC,0.01206676,0.15516364,-0.01531086,6.0,-0.0390625
2016-11,MGC,0.01230818,0.16192633,-0.01662684,7.0,-0.0234375
2016-12,MGC,0.01264391,0.19448602,-0.01926915,6.0,-0.0390625
2017-01,MGC,0.01263193,0.13191467,-0.01098397,6.0,-0.0390625
2017-02,MGC,0.01361091,0.15859565,-0.01353125,6.0,-0.0390625
2017-03,MGC,0.01344153,0.17528816,-0.02145547,6.0,-0.0390625
2017-04,MGC,0.01525717,0.17549273,-0.0192156,7.0,-0.0234375
2017-05,MGC,0.01584163,0.17347837,-0.01583259,9.0,0.0078125
2017-06,MGC,0.01592249,0.09654885,-0.01426427,7.0,-0.0234375
2017-07,MGC,0.01414405,0.08718344,-0.02285002,10.0,0.0234375
2017-08,MGC,0.01455337,0.06481788,-0.02125669,9.0,0.0078125
2017-09,MGC,0.01446177,0.07690643,-0.01068316,8.0,-0.0078125
2017-10,MGC,0.01418479,0.09281877,-0.03474437,9.0,0.0078125
2017-11,MGC,0.01563583,0.09274837,-0.01390039,10.0,0.0234375
2017-12,MGC,0.01464194,0.0931315,-0.02992349,10.0,0.0234375
2018-01,MGC,0.01554649,0.08731539,-0.01316172,11.0,0.0390625
2018-02,MGC,0.0157243,0.09720122,-0.02219185,11.0,0.0390625
2018-03,MGC,0.01768868,0.08779196,-0.01254375,10.0,0.0234375
2018-04,MGC,0.01841729,0.07492527,-0.02867458,10.0,0.0234375
2018-05,MGC,0.01949688,0.07190208,-0.02338918,10.0,0.0234375
2018-06,MGC,0.0191325,0.07936438,-0.02826898,10.0,0.0234375
2018-07,MGC,0.0214388,0.09082022,-0.0287503,9.0,0.0078125
2018-08,MGC,0.02290288,0.0611316,-0.01198105,11.0,0.0390625
2018-09,MGC,0.0232988,0.06025761,-0.02449904,11.0,0.0390625
2018-10,MGC,0.02451178,0.04260601,-0.02801965,10.0,0.0234375
2018-11,MGC,0.02288763,0.06422827,-0.03079781,9.0,0.0078125
2018-12,MGC,0.02610031,0.0642658,-0.03057817,11.0,0.0390625
2019-01,MGC,0.02592668,0.07742941,-0.02478922,11.0,0.0390625
2019-02,MGC,0.02625885,0.07244624,-0.03056603,11.0,0.0390625
2019-03,MGC,0.02626555,0.06205379,-0.02223386,11.0,0.0390625
2019-04,MGC,0.0256157,0.06318217,-0.02945648,11.0,0.0390625
2019-05,MGC,0.02562421,0.07499048,-0.01863188,11.0,0.0390625
2019-06,MGC,0.02532918,0.07179718,-0.03449744,12.0,0.0546875
2019-07,MGC,0.02520103,0.11606688,-0.02646715,11.0,0.0390625
2019-08,MGC,0.0234162,0.11513157,-0.02837904,10.0,0.0234375
2019-09,MGC,0.02429017,0.13678634,-0.03111266,12.0,0.0546875
2019-10,MGC,0.02467028,0.15561456,-0.02647525,12.0,0.0546875
2019-11,MGC,0.02594166,0.14338336,-0.03317893,12.0,0.0546875
2019-12,MGC,0.02466371,0.16224676,-0.03086882,11.0,0.0390625
2020-01,MGC,0.02522543,0.13305999,-0.01537345,11.0,0.0390625
2020-02,MGC,0.02476957,0.13448025,-0.01895782,11.0,0.0390625
2020-03,MGC,0.02981437,0.11012566,-0.04684311,12.0,0.0546875
2020-04,MGC,0.03156431,0.08366141,-0.07207575,9.0,0.0078125
2020-05,MGC,0.03515311,0.10464613,-0.03816838,8.0,-0.0078125
2020-06,MGC,0.03656066,0.04979329,-0.04533576,8.0,-0.0078125
2020-07,MGC,0.03851246,0.05997849,-0.03019902,9.0,0.0078125
2020-08,MGC,0.03893613,0.11700052,-0.01793124,8.0,-0.0078125
2020-09,MGC,0.03840558,0.15123568,-0.02623566,7.0,-0.0234375
2020-10,MGC,0.0380015,0.19900015,-0.0142957,7.0,-0.0234375
2020-11,MGC,0.03777648,0.18701254,-0.01630307,7.0,-0.0234375
2020-12,MGC,0.03664745,0.1994021,-0.01377398,6.0,-0.0390625
2021-01,MGC,0.03509065,0.21538232,-0.01018094,7.0,-0.0234375
2021-02,MGC,0.03490518,0.1370814,-0.00493072,7.0,-0.0234375
2021-03,MGC,0.02835803,0.15422133,-0.00456612,8.0,-0.0078125
2021-04,MGC,0.02483145,0.14716645,-0.00250482,6.0,-0.0390625
2021-05,MGC,0.01893081,0.15976945,-0.00959543,7.0,-0.0234375
2021-06,MGC,0.01672747,0.17763845,-0.0054991,6.0,-0.0390625
2021-07,MGC,0.01246706,0.18911434,-0.00566595,5.0,-0.0546875
2021-08,MGC,0.01092538,0.18732187,-0.00555022,6.0,-0.0390625
2021-09,MGC,0.0093638,0.15749821,-0.00693416,8.0,-0.0078125
2021-10,MGC,0.00823302,0.16467902,-0.00558545,7.0,-0.0234375
2021-11,MGC,0.00679068,0.15809813,-0.01064742,6.0,-0.0390625
2021-12,MGC,0.00656212,0.09433391,-0.00784941,7.0,-0.0234375
2022-01,MGC,0.00616297,0.06944407,-0.0061644,8.0,-0.0078125
2022-02,MGC,0.00538177,0.06959903,-0.00861729,6.0,-0.0390625
2022-03,MGC,0.00562197,0.09133443,-0.01227094,9.0,0.0078125
2022-04,MGC,0.00670106,0.06678791,-0.01390403,11.0,0.0390625
2022-05,MGC,0.00782693,0.08852782,-0.01707588,9.0,0.0078125
2022-06,MGC,0.00882573,0.11235815,-0.01961466,8.0,-0.0078125
2022-07,MGC,0.01022654,0.10769573,-0.02759364,7.0,-0.0234375
2022-08,MGC,0.01180309,0.11941638,-0.03011273,7.0,-0.0234375
2022-09,MGC,0.01422125,0.06856826,-0.03290938,6.0,-0.0390625
2022-10,MGC,0.01690656,0.03194517,-0.03567115,7.0,-0.0234375
2022-11,MGC,0.01946305,0.04784286,-0.05010295,8.0,-0.0078125
2022-12,MGC,0.02222816,0.1413424,-0.04651267,6.0,-0.0390625
2023-01,MGC,0.02472102,0.15041998,-0.04065295,7.0,-0.0234375
2023-02,MGC,0.02780131,0.1474608,-0.05551526,7.0,-0.0234375
2023-03,MGC,0.03077866,0.17289436,-0.04936651,5.0,-0.0546875
2023-04,MGC,0.03313299,0.16956502,-0.04994175,9.0,0.0078125
2023-05,MGC,0.03655835,0.16485604,-0.05886341,10.0,0.0234375
2023-06,MGC,0.03921571,0.16172715,-0.04771643,9.0,0.0078125
2023-07,MGC,0.04185546,0.16489545,-0.0580305,11.0,0.0390625
2023-08,MGC,0.04499829,0.14270649,-0.05515298,10.0,0.0234375
2023-09,MGC,0.04664529,0.11938924,-0.05422075,14.0,0.0859375
2023-10,MGC,0.04787416,0.07588274,-0.05760177,13.0,0.0703125
2023-11,MGC,0.04983021,0.14091505,-0.05147119,12.0,0.0546875
2023-12,MGC,0.04989194,0.14074895,-0.05727424,13.0,0.0703125
2024-01,MGC,0.05133586,0.13487454,-0.05718835,13.0,0.0703125
2024-02,MGC,0.05257775,0.13608639,-0.05172202,13.0,0.0703125
2024-03,MGC,0.05285904,0.13053701,-0.04831209,13.0,0.0703125
2024-04,MGC,0.05373271,0.13025035,-0.06530427,14.0,0.0859375
2024-05,MGC,0.0539791,0.10651741,-0.05228922,12.0,0.0546875
2024-06,MGC,0.05367945,0.10650286,-0.06208421,11.0,0.0390625
2024-07,MGC,0.05437545,0.11040363,-0.06213288,10.0,0.0234375
2024-08,MGC,0.05362778,0.10182801,-0.047388,11.0,0.0390625
2024-09,MGC,0.05357353,0.09498014,-0.05826156,9.0,0.0078125
2024-10,MGC,0.05369799,0.08465057,-0.04723559,11.0,0.0390625
2024-11,MGC,0.05266192,0.08522161,-0.04987548,12.0,0.0546875
2024-12,MGC,0.05303619,0.12317264,-0.05841412,12.0,0.0546875
2025-01,MGC,0.05297015,0.11876128,-0.04648698,12.0,0.0546875
2025-02,MGC,0.05184868,0.12530295,-0.04697895,11.0,0.0390625
2025-03,MGC,0.05176926,0.12759398,-0.04980194,10.0,0.0234375
2025-04,MGC,0.05152733,0.14925253,-0.05361856,11.0,0.0390625
2025-05,MGC,0.05046593,0.15906032,-0.04265718,12.0,0.0546875
2025-06,MGC,0.05037361,0.13650321,-0.05074489,13.0,0.0703125
2025-07,MGC,0.04939991,0.12935263,-0.05312092,11.0,0.0390625
2025-08,MGC,0.04915695,0.13199803,-0.04293141,11.0,0.0390625
2025-09,MGC,0.04876335,0.12682145,-0.06079594,11.0,0.0390625
2025-10,MGC,0.0479737,0.11796983,-0.03850753,11.0,0.0390625
2025-11,MGC,0.04787817,0.10851559,-0.05528996,12.0,0.0546875
2025-12,MGC,0.04804956,0.08649231,-0.04665955,11.0,0.0390625
2026-01,MGC,0.04690147,0.08941347,-0.03687795,13.0,0.0703125
2026-02,MGC,0.04627399,0.09122172,-0.03790748,11.0,0.0390625
2026-03,MGC,0.04550308,0.10859084,-0.04085412,10.0,0.0234375
2026-04,MGC,0.04486126,0.31033738,-0.03924746,10.0,0.0234375
2026-05,MGC,0.04420072,0.31048198,-0.03682855,10.0,0.0234375
2026-06,MGC,0.04363589,0.30784139,-0.04874577,10.0,0.0234375
2026-07,MGC,0.04317745,0.35392926,-0.03743011,11.0,0.0390625
2011-05,MHG,0.02037761,0.22891864,-0.01206546,9.0,0.01785714
2011-06,MHG,0.02049046,0.23139897,-0.01294676,11.0,0.05357143
2011-07,MHG,0.0183576,0.02520539,-0.01495784,10.0,0.03571429
2011-08,MHG,0.01587354,0.10571598,-0.02103897,11.0,0.05357143
2011-09,MHG,0.01692525,0.13865376,-0.01269539,10.0,0.03571429
2011-10,MHG,0.01718082,0.33551371,-0.0100606,10.0,0.03571429
2011-11,MHG,0.01644944,0.38387357,-0.01877936,10.0,0.03571429
2011-12,MHG,0.01735242,0.38353283,-0.01201133,10.0,0.03571429
2012-01,MHG,0.01719725,0.38232056,-0.00803365,9.0,0.01785714
2012-02,MHG,0.0163768,0.41534341,-0.02113363,6.0,-0.03571429
2012-03,MHG,0.01655424,0.41230431,-0.00289402,8.0,0.0
2012-04,MHG,0.01647224,0.2075313,0.00821634,8.0,0.0
2012-05,MHG,0.01304119,0.18223406,-0.01085761,9.0,0.01785714
2012-06,MHG,0.01349561,0.26453495,-0.01267833,8.0,0.0
2012-07,MHG,0.0150486,0.26714067,0.00763179,9.0,0.01785714
2012-08,MHG,0.01581178,0.203814,-0.0128104,9.0,0.01785714
2012-09,MHG,0.01712241,0.20743869,0.03716573,9.0,0.01785714
2012-10,MHG,0.0165446,0.24996473,0.03397003,9.0,0.01785714
2012-11,MHG,0.01201221,0.26450789,-0.03349384,9.0,0.01785714
2012-12,MHG,0.01437623,0.17436782,-0.02326685,9.0,0.01785714
2013-01,MHG,0.01449548,0.17093742,-0.02974435,9.0,0.01785714
2013-02,MHG,0.01498053,0.16350849,-0.0333539,11.0,0.05357143
2013-03,MHG,0.01584981,0.19006103,-0.0227975,11.0,0.05357143
2013-04,MHG,0.0168928,0.13078803,0.01023511,10.0,0.03571429
2013-05,MHG,0.01764971,0.12294202,-0.01177198,9.0,0.01785714
2013-06,MHG,0.01657089,0.13394528,-0.01993941,9.0,0.01785714
2013-07,MHG,0.02006363,0.14856643,0.0,9.0,0.01785714
2013-08,MHG,0.0215512,0.17814217,-0.0102912,9.0,0.01785714
2013-09,MHG,0.01950597,0.19853247,0.0,10.0,0.03571429
2013-10,MHG,0.01840305,0.1951395,-0.02143853,10.0,0.03571429
2013-11,MHG,0.02958252,0.17305339,0.02916067,10.0,0.03571429
2013-12,MHG,0.04013606,0.17177773,0.10656514,10.0,0.03571429
2014-01,MHG,0.04178836,0.13343416,0.09224146,9.0,0.01785714
2014-02,MHG,0.06226765,0.1683735,0.09911483,10.0,0.03571429
2014-03,MHG,0.06024583,0.1591405,0.08421476,9.0,0.01785714
2014-04,MHG,0.04968391,0.18886199,-0.00831205,10.0,0.03571429
2014-05,MHG,0.05432037,0.18770986,0.04420559,11.0,0.05357143
2014-06,MHG,0.04914202,0.19818919,-0.03550619,12.0,0.07142857
2014-07,MHG,0.04628749,0.16263852,-0.03018285,10.0,0.03571429
2014-08,MHG,0.04448683,0.13946225,-0.03524902,8.0,0.0
2014-09,MHG,0.04725719,0.13310161,-0.00450026,7.0,-0.01785714
2014-10,MHG,0.04955236,0.10811444,0.04924601,7.0,-0.01785714
2014-11,MHG,0.04058556,0.11560292,-0.00425625,8.0,-0.0078125
2014-12,MHG,0.02689621,0.12050316,0.02990573,8.0,-0.0078125
2015-01,MHG,0.03781324,0.10948568,0.16241654,8.0,-0.0078125
2015-02,MHG,0.02035964,0.14889252,0.05265284,8.0,-0.0078125
2015-03,MHG,0.01556836,0.20855465,0.03213554,7.0,-0.0234375
2015-04,MHG,0.02185025,0.20966269,0.00210914,7.0,-0.0234375
2015-05,MHG,0.03016453,0.21606076,0.12707118,8.0,-0.0078125
2015-06,MHG,0.03210731,0.2084357,0.01681392,8.0,-0.0078125
2015-07,MHG,0.02734789,0.21770835,0.01930089,9.0,0.0078125
2015-08,MHG,0.02373559,0.21404326,-0.01301165,9.0,0.0078125
2015-09,MHG,0.02275782,0.17104894,0.01391132,10.0,0.0234375
2015-10,MHG,0.01950703,0.16091407,-0.01855781,9.0,0.0078125
2015-11,MHG,0.02353943,0.12552156,-0.00923713,9.0,0.0078125
2015-12,MHG,0.02260173,0.18066055,-0.02663694,10.0,0.0234375
2016-01,MHG,0.00980772,0.19405108,-0.01607579,6.0,-0.0390625
2016-02,MHG,0.00757865,0.17188598,-0.00887272,9.0,0.0078125
2016-03,MHG,0.01169701,0.18522229,-0.00865723,9.0,0.0078125
2016-04,MHG,0.01622838,0.19984051,-0.0072825,12.0,0.0546875
2016-05,MHG,0.00719529,0.21618047,0.0120151,7.0,-0.0234375
2016-06,MHG,0.00863978,0.17383124,0.00504475,8.0,-0.0078125
2016-07,MHG,0.01218813,0.18469302,-0.00548177,11.0,0.0390625
2016-08,MHG,0.01358196,0.16913459,-0.02128276,10.0,0.0234375
2016-09,MHG,0.01181013,0.19865199,-0.02330194,7.0,-0.0234375
2016-10,MHG,0.01836746,0.21491733,-0.02487233,9.0,0.0078125
2016-11,MHG,0.01774725,0.20170747,-0.01856299,9.0,0.0078125
2016-12,MHG,0.02022342,0.2915302,-0.02348271,8.0,-0.0078125
2017-01,MHG,0.02059322,0.30744761,-0.02437479,8.0,-0.0078125
2017-02,MHG,0.02218364,0.31547184,-0.01928255,8.0,-0.0078125
2017-03,MHG,0.02338944,0.28361377,-0.02757125,11.0,0.0390625
2017-04,MHG,0.02400263,0.29337074,-0.02554688,12.0,0.0546875
2017-05,MHG,0.02304319,0.29456827,-0.01465367,13.0,0.0703125
2017-06,MHG,0.02552818,0.1447706,-0.02457776,12.0,0.0546875
2017-07,MHG,0.02650624,0.14078355,-0.01525457,14.0,0.0859375
2017-08,MHG,0.02840629,0.12875789,-0.03159262,13.0,0.0703125
2017-09,MHG,0.0297182,0.1401601,-0.03491728,13.0,0.0703125
2017-10,MHG,0.02685319,0.18224799,-0.03660698,13.0,0.0703125
2017-11,MHG,0.0277745,0.18799094,-0.03275151,13.0,0.0703125
2017-12,MHG,0.02762986,0.18560661,-0.04368073,13.0,0.0703125
2018-01,MHG,0.02893317,0.19481323,-0.04540816,13.0,0.0703125
2018-02,MHG,0.02850249,0.20702149,-0.05082698,13.0,0.0703125
2018-03,MHG,0.03156544,0.19401216,-0.02380452,12.0,0.0546875
2018-04,MHG,0.02987543,0.16606271,-0.04530518,12.0,0.0546875
2018-05,MHG,0.03197096,0.13911173,-0.02783767,13.0,0.0703125
2018-06,MHG,0.034848,0.13959734,-0.02809422,13.0,0.0703125
2018-07,MHG,0.03380564,0.08211226,-0.05771465,13.0,0.0703125
2018-08,MHG,0.03735744,0.0877061,-0.03129259,14.0,0.0859375
2018-09,MHG,0.03729623,0.10724778,-0.04143015,13.0,0.0703125
2018-10,MHG,0.03997861,0.15765697,0.02129704,12.0,0.0546875
2018-11,MHG,0.0366375,0.14591438,-0.02587187,13.0,0.0703125
2018-12,MHG,0.04051027,0.15116981,-0.00992365,13.0,0.0703125
2019-01,MHG,0.04052795,0.15890002,0.02033793,13.0,0.0703125
2019-02,MHG,0.03854605,0.16943467,0.0,13.0,0.0703125
2019-03,MHG,0.03471469,0.15256683,0.0,13.0,0.0703125
2019-04,MHG,0.03761913,0.13471516,-0.00898856,13.0,0.0703125
2019-05,MHG,0.03503176,0.13495239,0.02512642,13.0,0.0703125
2019-06,MHG,0.02591169,0.18881252,-0.033704,13.0,0.0703125
2019-07,MHG,0.02657899,0.18238764,-0.03785075,12.0,0.0546875
2019-08,MHG,0.02344041,0.16731986,-0.03272353,11.0,0.0390625
2019-09,MHG,0.02289908,0.13513199,-0.03809399,11.0,0.0390625
2019-10,MHG,0.01975004,0.13947993,-0.02235299,9.0,0.0078125
2019-11,MHG,0.02181868,0.1565438,-0.03346392,11.0,0.0390625
2019-12,MHG,0.02567025,0.09662685,-0.00933427,12.0,0.0546875
2020-01,MHG,0.02538021,0.13745834,0.01450268,12.0,0.0546875
2020-02,MHG,0.03102774,0.1879757,0.01121334,13.0,0.0703125
2020-03,MHG,0.04195441,0.17190454,0.06765367,14.0,0.0859375
2020-04,MHG,0.04872848,0.23633416,0.04404197,12.0,0.0546875
2020-05,MHG,0.05205656,0.24810752,0.00456232,10.0,0.0234375
2020-06,MHG,0.0559432,0.25245608,-0.03520405,12.0,0.0546875
2020-07,MHG,0.05528422,0.27008436,-0.03587451,10.0,0.0234375
2020-08,MHG,0.05648631,0.24182569,-0.02799311,11.0,0.0390625
2020-09,MHG,0.05950955,0.24445751,-0.00430658,10.0,0.0234375
2020-10,MHG,0.05755396,0.11304151,-0.01410954,9.0,0.0078125
2020-11,MHG,0.05820076,0.12630001,-0.02391133,10.0,0.0234375
2020-12,MHG,0.05189974,0.15965189,-0.01113183,9.0,0.0078125
2021-01,MHG,0.05617345,0.14796453,0.05433581,10.0,0.0234375
2021-02,MHG,0.04642437,0.14374273,-0.00297314,9.0,0.0078125
2021-03,MHG,0.03616395,0.18241777,0.0244633,9.0,0.0078125
2021-04,MHG,0.03147502,0.18635445,0.00988893,7.0,-0.0234375
2021-05,MHG,0.0269447,0.19429332,0.01300748,9.0,0.0078125
2021-06,MHG,0.02565306,0.18015632,0.009922,9.0,0.0078125
2021-07,MHG,0.02317763,0.27185482,-0.00509386,9.0,0.0078125
2021-08,MHG,0.0200399,0.27192095,-0.01876271,9.0,0.0078125
2021-09,MHG,0.01584082,0.25748618,0.00148848,9.0,0.0078125
2021-10,MHG,0.01720413,0.27190275,0.01898814,11.0,0.0390625
2021-11,MHG,0.01347532,0.21006234,-0.00294375,9.0,0.0078125
2021-12,MHG,0.00901163,0.19410098,-0.01463224,10.0,0.0234375
2022-01,MHG,0.00301639,0.17076226,-0.0166487,7.0,-0.0234375
2022-02,MHG,0.00595203,0.16571663,-0.01840625,7.0,-0.0234375
2022-03,MHG,0.00583848,0.13784999,-0.02122575,10.0,0.0234375
2022-04,MHG,0.00054062,0.07848263,-0.02138537,9.0,0.0078125
2022-05,MHG,0.00114231,0.15769621,-0.0029321,7.0,-0.0234375
2022-06,MHG,0.00724505,0.17338658,0.00596105,6.0,-0.0390625
2022-07,MHG,0.00984719,0.26067065,0.0357213,6.0,-0.0390625
2022-08,MHG,0.01218231,0.25430563,-0.00178967,8.0,-0.0078125
2022-09,MHG,0.01240707,0.23799607,0.03986289,4.0,-0.0703125
2022-10,MHG,0.02765862,0.17162387,0.138099,8.0,-0.0078125
2022-11,MHG,0.01784076,0.21189625,-0.02934522,6.0,-0.0390625
2022-12,MHG,0.01947462,0.27657694,-0.01541616,5.0,-0.0546875
2023-01,MHG,0.02043091,0.17529695,0.00654573,6.0,-0.0390625
2023-02,MHG,0.02519822,0.19918283,0.01274047,6.0,-0.0390625
2023-03,MHG,0.03285337,0.20921268,0.02969876,6.0,-0.0390625
2023-04,MHG,0.02736269,0.17730836,-0.04424139,7.0,-0.0234375
2023-05,MHG,0.02969425,0.23301535,-0.02079499,8.0,-0.0078125
2023-06,MHG,0.02745822,0.25590334,-0.03102195,5.0,-0.0546875
2023-07,MHG,0.02712343,0.26163773,-0.0424943,6.0,-0.0390625
2023-08,MHG,0.02985278,0.19571695,-0.06919004,6.0,-0.0390625
2023-09,MHG,0.03756155,0.20555996,-0.01683603,12.0,0.0546875
2023-10,MHG,0.02282777,0.20128802,-0.02591351,9.0,0.0078125
2023-11,MHG,0.03986811,0.19477684,-0.01155644,10.0,0.0234375
2023-12,MHG,0.0431574,0.17891655,-0.00811157,11.0,0.0390625
2024-01,MHG,0.04317225,0.16753835,-0.01169399,11.0,0.0390625
2024-02,MHG,0.04015407,0.13980479,-0.01995562,10.0,0.0234375
2024-03,MHG,0.03307339,0.12128733,-0.00967197,9.0,0.0078125
2024-04,MHG,0.05166215,0.13095015,0.00428748,12.0,0.0546875
2024-05,MHG,0.04818395,0.16681786,0.01922394,10.0,0.0234375
2024-06,MHG,0.04780652,0.16326436,0.01526124,10.0,0.0234375
2024-07,MHG,0.04616994,0.19035817,-0.04985664,9.0,0.0078125
2024-08,MHG,0.04531045,0.21667318,-0.05859013,9.0,0.0078125
2024-09,MHG,0.04171576,0.21314495,-0.08242859,8.0,-0.0078125
2024-10,MHG,0.04475249,0.23636307,-0.0721629,10.0,0.0234375
2024-11,MHG,0.04414143,0.19413709,-0.06086264,10.0,0.0234375
2024-12,MHG,0.04542947,0.1966953,-0.06854451,11.0,0.0390625
2025-01,MHG,0.04947482,0.19379663,-0.05013754,11.0,0.0390625
2025-02,MHG,0.05338819,0.20476335,-0.03282082,12.0,0.0546875
2025-03,MHG,0.05487857,0.20954382,-0.03390692,11.0,0.0390625
2025-04,MHG,0.04164657,0.22209252,-0.06474088,10.0,0.0234375
2025-05,MHG,0.0446692,0.26091623,-0.05931516,11.0,0.0390625
2025-06,MHG,0.04858801,0.23606223,-0.06368921,12.0,0.0546875
2025-07,MHG,0.05066486,0.23807452,-0.0672886,12.0,0.0546875
2025-08,MHG,0.05193899,0.33812,-0.0525399,13.0,0.0703125
2025-09,MHG,0.05091763,0.33679359,-0.07440191,12.0,0.0546875
2025-10,MHG,0.05131025,0.30780458,-0.04972232,14.0,0.0859375
2025-11,MHG,0.05061114,0.29236267,-0.07256799,14.0,0.0859375
2025-12,MHG,0.0488976,0.29349852,-0.05664305,13.0,0.0703125
2026-01,MHG,0.04666886,0.27977516,-0.05561722,12.0,0.0546875
2026-02,MHG,0.0450541,0.11124736,-0.04931717,8.0,-0.0078125
2026-03,MHG,0.04534092,0.11832172,-0.05959265,9.0,0.0078125
2026-04,MHG,0.04771575,0.18191979,-0.05432303,11.0,0.0390625
2026-05,MHG,0.04833734,0.16546765,-0.05122359,11.0,0.0390625
2026-06,MHG,0.04760137,0.1793272,-0.0618812,11.0,0.0390625
2026-07,MHG,0.05001512,0.18399464,-0.05219787,12.0,0.0546875
2011-05,PA,0.00073895,0.24238718,-0.01454368,3.0,-0.08928571
2011-06,PA,0.0015583,0.23013127,-0.00728505,4.0,-0.07142857
2011-07,PA,0.00095604,0.10431231,-0.01471833,5.0,-0.05357143
2011-08,PA,0.0020733,0.19597556,-0.01118191,4.0,-0.07142857
2011-09,PA,0.0056694,0.19783668,-0.0092903,8.0,0.0
2011-10,PA,0.00624712,0.34968777,-0.00186991,8.0,0.0
2011-11,PA,0.00778539,0.34832863,-0.01794988,6.0,-0.03571429
2011-12,PA,0.00762076,0.35399128,-0.00269545,8.0,0.0
2012-01,PA,0.00868351,0.43711682,-0.00709757,6.0,-0.03571429
2012-02,PA,0.00815195,0.41555678,-0.0071273,5.0,-0.05357143
2012-03,PA,0.00764628,0.41579466,-0.00677627,5.0,-0.05357143
2012-04,PA,0.00831583,0.27028895,-0.01107968,6.0,-0.03571429
2012-05,PA,0.00897477,0.26994195,-0.01391542,7.0,-0.01785714
2012-06,PA,0.00861478,0.31993523,-0.01896699,6.0,-0.03571429
2012-07,PA,0.00983888,0.22769727,-0.01768316,8.0,0.0
2012-08,PA,0.00946524,0.20145983,-0.00704811,8.0,0.0
2012-09,PA,0.009236,0.27082321,-0.01426702,6.0,-0.03571429
2012-10,PA,0.00867093,0.26220393,-0.01653407,5.0,-0.05357143
2012-11,PA,0.00892424,0.27026496,-0.01128419,6.0,-0.03571429
2012-12,PA,0.00804897,0.23045355,-0.00649611,5.0,-0.05357143
2013-01,PA,0.00806048,0.21760703,-0.00699914,5.0,-0.05357143
2013-02,PA,0.00768914,0.21427971,-0.01205593,5.0,-0.05357143
2013-03,PA,0.0073602,0.18887962,-0.00793289,6.0,-0.03571429
2013-04,PA,0.0074181,0.18780203,-0.02057958,6.0,-0.03571429
2013-05,PA,0.00810105,0.22980083,-0.02281872,7.0,-0.01785714
2013-06,PA,0.00902046,0.20062507,-0.01292169,6.0,-0.03571429
2013-07,PA,0.00849557,0.30606094,-0.01561558,6.0,-0.03571429
2013-08,PA,0.00937892,0.35634109,-0.00995857,7.0,-0.01785714
2013-09,PA,0.00921263,0.356903,-0.00808135,8.0,0.0
2013-10,PA,0.00920384,0.34999281,-0.0087984,8.0,0.0
2013-11,PA,0.00886514,0.31928237,-0.00693471,7.0,-0.01785714
2013-12,PA,0.00911627,0.30557029,-0.01272205,8.0,0.0
2014-01,PA,0.00909142,0.17408265,-0.00358266,7.0,-0.01785714
2014-02,PA,0.00971921,0.04058991,-0.00153435,7.0,-0.01785714
2014-03,PA,0.00981609,0.08402082,0.00313224,6.0,-0.03571429
2014-04,PA,0.00907621,0.08768494,0.00232498,5.0,-0.05357143
2014-05,PA,0.00728132,0.09519059,-0.00331075,5.0,-0.05357143
2014-06,PA,0.00550178,0.07564184,0.0209204,6.0,-0.03571429
2014-07,PA,0.00279129,0.07547849,0.01323105,3.0,-0.08928571
2014-08,PA,8.18e-05,0.05476088,-0.00365367,2.0,-0.10714286
2014-09,PA,-0.00013786,0.04679261,-0.00523588,2.0,-0.10714286
2014-10,PA,0.00025161,0.2450428,-0.00474963,2.0,-0.10714286
2014-11,PA,-0.00061903,0.24934117,-0.00449511,2.0,-0.1015625
2014-12,PA,-0.00088667,0.24387354,0.0,2.0,-0.1015625
2015-01,PA,-0.00217781,0.24395507,0.00472785,2.0,-0.1015625
2015-02,PA,-0.00313742,0.23559061,-0.00488004,2.0,-0.1015625
2015-03,PA,-0.00303809,0.24656167,-0.00171347,1.0,-0.1171875
2015-04,PA,-0.00289664,0.13220631,0.0,1.0,-0.1171875
2015-05,PA,-0.00259363,0.1347039,0.0,1.0,-0.1171875
2015-06,PA,-0.00244341,0.13522562,-0.00937255,2.0,-0.1015625
2015-07,PA,-0.00087219,0.23353865,-0.0093466,1.0,-0.1171875
2015-08,PA,0.00050315,0.26605888,-0.00101193,3.0,-0.0859375
2015-09,PA,-0.00029233,0.22489831,-0.01201718,4.0,-0.0703125
2015-10,PA,-0.00019907,0.27805953,-0.0031729,3.0,-0.0859375
2015-11,PA,-0.00016142,0.2859728,-0.00813132,2.0,-0.1015625
2015-12,PA,0.00015527,0.40779738,-0.02131769,2.0,-0.1015625
2016-01,PA,0.00215321,0.41668753,-0.02222527,3.0,-0.0859375
2016-02,PA,0.00632804,0.42244864,0.01780188,6.0,-0.0390625
2016-03,PA,0.00550897,0.4259572,-0.010062,4.0,-0.0703125
2016-04,PA,0.00678938,0.4746757,0.0044077,7.0,-0.0234375
2016-05,PA,0.00649423,0.48571428,-0.00689624,5.0,-0.0546875
2016-06,PA,0.00868975,0.37845005,0.00832994,9.0,0.0078125
2016-07,PA,0.00790578,0.38197305,-0.02232055,7.0,-0.0234375
2016-08,PA,0.0086366,0.37859031,0.00188362,6.0,-0.0390625
2016-09,PA,0.00916382,0.39244634,-0.00791818,6.0,-0.0390625
2016-10,PA,0.00855687,0.36450706,-0.01084018,5.0,-0.0546875
2016-11,PA,0.00911184,0.44373304,0.00394511,6.0,-0.0390625
2016-12,PA,0.00974527,0.45708863,-0.01241483,5.0,-0.0546875
2017-01,PA,0.00909512,0.51831952,0.00073365,5.0,-0.0546875
2017-02,PA,0.00504712,0.46376854,-0.00592265,3.0,-0.0859375
2017-03,PA,0.00847634,0.46020246,0.0,4.0,-0.0703125
2017-04,PA,0.007191,0.45369134,-0.00200844,4.0,-0.0703125
2017-05,PA,0.00745495,0.3557309,0.01306478,4.0,-0.0703125
2017-06,PA,0.0091286,0.25448515,0.1430204,3.0,-0.0859375
2017-07,PA,-0.00307488,0.16173627,0.07233943,2.0,-0.1015625
2017-08,PA,-0.00730719,0.1390907,0.02681071,3.0,-0.0859375
2017-09,PA,-0.01101078,0.1493529,-0.00365016,4.0,-0.0703125
2017-10,PA,-0.01091126,0.151713,0.01799537,3.0,-0.0859375
2017-11,PA,-0.011406,0.15855128,0.02807438,3.0,-0.0859375
2017-12,PA,-0.01284288,0.08201023,-0.01578373,3.0,-0.0859375
2018-01,PA,-0.01277453,0.0818316,0.04851138,2.0,-0.1015625
2018-02,PA,-0.01477683,0.11091444,0.02910035,2.0,-0.1015625
2018-03,PA,-0.01760011,0.09793372,-0.01404889,1.0,-0.1171875
2018-04,PA,-0.01755173,0.18795213,0.02881364,1.0,-0.1171875
2018-05,PA,-0.01758165,0.17701418,0.03081812,1.0,-0.1171875
2018-06,PA,-0.02179296,0.17877232,-0.00692772,1.0,-0.1171875
2018-07,PA,-0.00882188,0.15637075,0.11150527,2.0,-0.1015625
2018-08,PA,0.00134068,0.15605822,0.01694888,4.0,-0.0703125
2018-09,PA,0.00490505,0.17786038,0.01563618,4.0,-0.0703125
2018-10,PA,0.00472253,0.14702796,0.19416631,4.0,-0.0703125
2018-11,PA,0.00953841,0.14802827,0.02085654,6.0,-0.0390625
2018-12,PA,0.00954937,0.1576066,0.00624345,5.0,-0.0546875
2019-01,PA,0.00975638,0.13459969,0.36667087,5.0,-0.0546875
2019-02,PA,-0.01068247,0.09250257,0.13746372,3.0,-0.0859375
2019-03,PA,-0.01012907,0.12685487,0.00246901,1.0,-0.1171875
2019-04,PA,-0.01024256,0.18710341,0.04426546,1.0,-0.1171875
2019-05,PA,-0.01009579,0.17992207,0.0,1.0,-0.1171875
2019-06,PA,-0.01138762,0.23355485,0.01351409,3.0,-0.0859375
2019-07,PA,-0.01126751,0.26719169,-0.04303665,3.0,-0.0859375
2019-08,PA,-0.01550148,0.26896553,0.00287784,2.0,-0.1015625
2019-09,PA,-0.01537374,0.23146392,-0.00869933,2.0,-0.1015625
2019-10,PA,-0.01510059,0.21309133,0.01676617,3.0,-0.0859375
2019-11,PA,-0.0199174,0.20928407,0.01158876,3.0,-0.0859375
2019-12,PA,-0.02079791,0.1568374,-0.00546516,2.0,-0.1015625
2020-01,PA,-0.01039432,0.07296304,0.11926493,4.0,-0.0703125
2020-02,PA,0.0105409,0.19790889,0.0072817,8.0,-0.0078125
2020-03,PA,0.00965291,0.18544241,0.06602666,5.0,-0.0546875
2020-04,PA,0.0109991,0.2636657,-0.02429954,4.0,-0.0703125
2020-05,PA,0.0102127,0.43655623,0.00744041,3.0,-0.0859375
2020-06,PA,0.0114383,0.4369998,-0.00987907,3.0,-0.0859375
2020-07,PA,0.01627131,0.4443451,-0.05332936,3.0,-0.0859375
2020-08,PA,0.01573801,0.44664103,-0.02004562,3.0,-0.0859375
2020-09,PA,0.01572577,0.41750788,-0.08792979,3.0,-0.0859375
2020-10,PA,0.02126764,0.41080077,-0.0334836,3.0,-0.0859375
2020-11,PA,0.02347002,0.26966809,-0.04361258,4.0,-0.0703125
2020-12,PA,0.02476003,0.27172871,-0.02129304,4.0,-0.0703125
2021-01,PA,0.01390892,0.23545107,-0.00651733,4.0,-0.0703125
2021-02,PA,-0.01759653,0.18758055,-0.42161989,2.0,-0.1015625
2021-03,PA,0.01600004,0.1808236,-0.05867464,5.0,-0.0546875
2021-04,PA,0.016037,0.24742525,0.01497876,3.0,-0.0859375
2021-05,PA,0.01550909,0.27821301,-0.00732642,6.0,-0.0390625
2021-06,PA,0.0154585,0.29062847,-0.00613549,5.0,-0.0546875
2021-07,PA,0.01057425,0.29300644,-0.00171899,4.0,-0.0703125
2021-08,PA,0.00571981,0.24884761,-0.03057864,4.0,-0.0703125
2021-09,PA,0.00672961,0.31290626,-0.01918229,6.0,-0.0390625
2021-10,PA,0.00119063,0.41301842,0.03236966,4.0,-0.0703125
2021-11,PA,-0.00560759,0.34425449,-0.00443636,5.0,-0.0546875
2021-12,PA,-0.00464521,0.34435291,0.02326469,5.0,-0.0546875
2022-01,PA,-0.0052237,0.4496229,-0.03105209,5.0,-0.0546875
2022-02,PA,0.02957754,0.58331592,-0.0080565,12.0,0.0546875
2022-03,PA,-0.00499703,0.56597673,0.00223382,7.0,-0.0234375
2022-04,PA,-0.00909861,0.48216185,-0.0201685,7.0,-0.0234375
2022-05,PA,-0.00646483,0.48141491,-0.03404862,6.0,-0.0390625
2022-06,PA,-0.00449717,0.51789403,-0.0382061,4.0,-0.0703125
2022-07,PA,-0.00330549,0.4890634,-0.00457427,4.0,-0.0703125
2022-08,PA,-0.00295632,0.36256576,-0.04319656,4.0,-0.0703125
2022-09,PA,-0.00495141,0.34113807,-0.03356463,2.0,-0.1015625
2022-10,PA,-0.00585924,0.30312396,-0.01729404,4.0,-0.0703125
2022-11,PA,-0.00734068,0.34133661,-0.08941611,3.0,-0.0859375
2022-12,PA,-0.00953452,0.28331394,-0.03640097,3.0,-0.0859375
2023-01,PA,-0.00707542,0.26884508,-0.02554611,3.0,-0.0859375
2023-02,PA,-0.00808386,0.22358963,-0.1899515,3.0,-0.0859375
2023-03,PA,-0.00290756,0.25612316,-0.09348566,3.0,-0.0859375
2023-04,PA,9.86e-06,0.24729603,0.05848845,4.0,-0.0703125
2023-05,PA,-0.00066047,0.23455135,-0.08891715,3.0,-0.0859375
2023-06,PA,0.00260479,0.23762803,0.05486552,4.0,-0.0703125
2023-07,PA,0.00161897,0.24290576,-0.10808524,4.0,-0.0703125
2023-08,PA,0.00465067,0.27932886,-0.07436672,5.0,-0.0546875
2023-09,PA,0.00724624,0.21018496,-0.06618969,6.0,-0.0390625
2023-10,PA,0.01096766,0.20258116,-0.04369513,8.0,-0.0078125
2023-11,PA,0.02393354,0.19721997,-0.05688907,8.0,-0.0078125
2023-12,PA,0.02627497,0.18992194,-0.05691301,8.0,-0.0078125
2024-01,PA,0.02555213,0.29129787,-0.05113753,9.0,0.0078125
2024-02,PA,0.02608801,0.3169141,-0.09929104,9.0,0.0078125
2024-03,PA,0.03245239,0.31684018,-0.12103644,8.0,-0.0078125
2024-04,PA,0.04324556,0.36764676,-0.01232759,10.0,0.0234375
2024-05,PA,0.0429202,0.34353632,-0.07849807,9.0,0.0078125
2024-06,PA,0.04171034,0.3292732,0.01121029,9.0,0.0078125
2024-07,PA,0.04143988,0.28674479,-0.03544385,8.0,-0.0078125
2024-08,PA,0.04545458,0.22541796,-0.03105004,10.0,0.0234375
2024-09,PA,0.05617831,0.21495919,-0.04042024,10.0,0.0234375
2024-10,PA,0.0582605,0.1940668,-0.05418117,13.0,0.0703125
2024-11,PA,0.05266025,0.28630681,-0.01452151,11.0,0.0390625
2024-12,PA,0.03941098,0.34154475,-0.05766235,10.0,0.0234375
2025-01,PA,0.03916756,0.36098845,-0.05771241,10.0,0.0234375
2025-02,PA,0.04169483,0.4047912,-0.09097939,10.0,0.0234375
2025-03,PA,0.03860432,0.48114555,-0.0978703,9.0,0.0078125
2025-04,PA,0.03284386,0.49130716,-0.05673964,9.0,0.0078125
2025-05,PA,0.03740852,0.41628369,-0.05054498,10.0,0.0234375
2025-06,PA,0.03654166,0.39575803,-0.06269783,11.0,0.0390625
2025-07,PA,0.04042726,0.40265657,-0.10338474,10.0,0.0234375
2025-08,PA,0.03624718,0.36928484,-0.10465737,10.0,0.0234375
2025-09,PA,0.0349339,0.31617613,-0.1215078,10.0,0.0234375
2025-10,PA,0.03869943,0.33740845,-0.07705635,10.0,0.0234375
2025-11,PA,0.04533007,0.31065492,-0.1056549,11.0,0.0390625
2025-12,PA,0.05650792,0.32013823,-0.09731877,14.0,0.0859375
2026-01,PA,0.06241553,0.30011856,-0.10626357,15.0,0.1015625
2026-02,PA,0.06769511,0.29210174,-0.06667668,12.0,0.0546875
2026-03,PA,0.06189972,0.16415815,-0.07085596,13.0,0.0703125
2026-04,PA,0.06200734,0.44559551,-0.05491234,13.0,0.0703125
2026-05,PA,0.05961768,0.41827369,-0.0527347,13.0,0.0703125
2026-06,PA,0.0591845,0.44364104,-0.05968379,13.0,0.0703125
2026-07,PA,0.05971049,0.45275528,-0.05178074,13.0,0.0703125
2011-05,PL,0.01300323,0.14274754,0.0,8.0,0.0
2011-06,PL,0.00792446,0.14723032,0.0,8.0,0.0
2011-07,PL,0.00796903,0.1381799,0.0,9.0,0.01785714
2011-08,PL,0.00796903,0.15773464,0.0,7.0,-0.01785714
2011-09,PL,0.00759476,0.16492436,-0.01126277,9.0,0.01785714
2011-10,PL,0.00361577,0.29052741,-0.03044513,5.0,-0.05357143
2011-11,PL,0.01368891,0.2798984,-0.00780299,9.0,0.01785714
2011-12,PL,0.00460171,0.27991287,-0.01009692,4.0,-0.07142857
2012-01,PL,0.00243932,0.27534526,-0.00844393,3.0,-0.08928571
2012-02,PL,0.0025379,0.34233615,-0.01116662,2.0,-0.10714286
2012-03,PL,0.00337573,0.35737918,-0.01620228,2.0,-0.10714286
2012-04,PL,0.00398435,0.23126277,-0.01766231,2.0,-0.10714286
2012-05,PL,0.0062376,0.25553919,-0.01288951,3.0,-0.08928571
2012-06,PL,0.00713717,0.29768694,-0.00763534,3.0,-0.08928571
2012-07,PL,0.00836654,0.29290557,-0.00368597,7.0,-0.01785714
2012-08,PL,0.00845891,0.22170821,-0.0072021,6.0,-0.03571429
2012-09,PL,0.00942254,0.23722496,-0.00365495,8.0,0.0
2012-10,PL,0.00906061,0.26527019,-0.01198176,7.0,-0.01785714
2012-11,PL,0.00775812,0.27118314,-0.01035151,5.0,-0.05357143
2012-12,PL,0.00850135,0.20494327,-0.01271036,6.0,-0.03571429
2013-01,PL,0.00917975,0.208807,0.0,7.0,-0.01785714
2013-02,PL,0.00907396,0.21642621,-0.00818755,7.0,-0.01785714
2013-03,PL,0.00898797,0.20652962,-0.00774614,9.0,0.01785714
2013-04,PL,0.00855536,0.16681382,-0.00693035,7.0,-0.01785714
2013-05,PL,0.00789105,0.15433514,-0.00908967,6.0,-0.03571429
2013-06,PL,0.00808119,0.1579433,-0.01365268,5.0,-0.05357143
2013-07,PL,0.00858206,0.19881298,0.0,7.0,-0.01785714
2013-08,PL,0.0084915,0.20062698,-0.00652498,6.0,-0.03571429
2013-09,PL,0.00776353,0.25175689,-0.01388861,7.0,-0.01785714
2013-10,PL,0.00895331,0.27155016,-0.00407366,7.0,-0.01785714
2013-11,PL,0.00887024,0.2714141,-0.00727984,8.0,0.0
2013-12,PL,0.00819791,0.26868048,-0.00760898,7.0,-0.01785714
2014-01,PL,0.00743233,0.21695312,-0.00641448,6.0,-0.03571429
2014-02,PL,0.00794696,0.19335401,-0.00473449,6.0,-0.03571429
2014-03,PL,0.00732547,0.16402289,-0.00600663,5.0,-0.05357143
2014-04,PL,0.00696657,0.10862089,-0.00264829,4.0,-0.07142857
2014-05,PL,0.00645937,0.10746163,0.0152276,4.0,-0.07142857
2014-06,PL,0.0049659,0.08140133,-0.0085014,5.0,-0.05357143
2014-07,PL,0.00385286,0.08143451,0.00830945,4.0,-0.07142857
2014-08,PL,0.00316903,0.08502754,0.01552667,3.0,-0.08928571
2014-09,PL,0.00143255,0.07176495,-0.01041399,3.0,-0.08928571
2014-10,PL,0.00136384,0.11757043,0.01652381,3.0,-0.08928571
2014-11,PL,0.00017976,0.11814456,-0.00904943,3.0,-0.0859375
2014-12,PL,-0.00013991,0.09776944,0.0,3.0,-0.0859375
2015-01,PL,8.963e-05,0.08419155,0.0,3.0,-0.0859375
2015-02,PL,0.00204852,0.15073686,0.01058506,4.0,-0.0703125
2015-03,PL,0.00124212,0.1548008,-0.0022044,3.0,-0.0859375
2015-04,PL,0.0017545,0.1308763,0.0,2.0,-0.1015625
2015-05,PL,0.00174007,0.12775368,-0.00498006,2.0,-0.1015625
2015-06,PL,0.00210589,0.12362415,-0.00350262,3.0,-0.0859375
2015-07,PL,0.00237093,0.12593994,-0.01159377,3.0,-0.0859375
2015-08,PL,0.00406435,0.10897212,-0.00482035,4.0,-0.0703125
2015-09,PL,0.00928815,0.12696455,-0.0358981,6.0,-0.0390625
2015-10,PL,0.0122532,0.1606647,-0.00217309,7.0,-0.0234375
2015-11,PL,0.01306886,0.26146711,-0.00907626,7.0,-0.0234375
2015-12,PL,0.0124897,0.34016729,-0.01270565,7.0,-0.0234375
2016-01,PL,0.01286021,0.38498043,-0.01648278,9.0,0.0078125
2016-02,PL,0.0117906,0.36811613,-0.0080909,11.0,0.0390625
2016-03,PL,0.01340787,0.40383402,0.01032151,12.0,0.0546875
2016-04,PL,0.01308245,0.37262923,-0.0092376,10.0,0.0234375
2016-05,PL,0.01492103,0.35840411,-0.02185821,10.0,0.0234375
2016-06,PL,0.01736211,0.24581646,-0.01082992,11.0,0.0390625
2016-07,PL,0.01834509,0.23282145,-0.0190864,12.0,0.0546875
2016-08,PL,0.01898871,0.24418804,-0.03232054,11.0,0.0390625
2016-09,PL,0.01986557,0.26219247,-0.00776505,10.0,0.0234375
2016-10,PL,0.01709621,0.26295447,-0.02741838,8.0,-0.0078125
2016-11,PL,0.01954734,0.24650332,-0.02410892,10.0,0.0234375
2016-12,PL,0.02126114,0.24864552,-0.03179155,9.0,0.0078125
2017-01,PL,0.0230217,0.24573514,-0.02004501,10.0,0.0234375
2017-02,PL,0.02274635,0.23098641,-0.01899245,9.0,0.0078125
2017-03,PL,0.0228329,0.22749978,-0.02180866,10.0,0.0234375
2017-04,PL,0.02387375,0.24580649,-0.02336786,11.0,0.0390625
2017-05,PL,0.0221251,0.23105976,-0.02387897,12.0,0.0546875
2017-06,PL,0.02052949,0.19254995,-0.02154741,10.0,0.0234375
2017-07,PL,0.02197862,0.19784259,-0.01879024,13.0,0.0703125
2017-08,PL,0.02042311,0.11798587,-0.02074626,11.0,0.0390625
2017-09,PL,0.01850398,0.16433729,-0.00501442,12.0,0.0546875
2017-10,PL,0.01732165,0.17788851,-0.02747564,12.0,0.0546875
2017-11,PL,0.01525417,0.1809793,-0.01410109,9.0,0.0078125
2017-12,PL,0.01584738,0.19049477,-0.00697985,11.0,0.0390625
2018-01,PL,0.01540794,0.18549576,-0.01005876,10.0,0.0234375
2018-02,PL,0.01358545,0.2195609,-0.01849648,8.0,-0.0078125
2018-03,PL,0.01247504,0.20243876,-0.01908102,9.0,0.0078125
2018-04,PL,0.01180152,0.16059032,-0.04195949,9.0,0.0078125
2018-05,PL,0.01394182,0.17598991,-0.02678474,8.0,-0.0078125
2018-06,PL,0.01581874,0.16779849,-0.00519267,9.0,0.0078125
2018-07,PL,0.01508452,0.1854356,-0.04490948,8.0,-0.0078125
2018-08,PL,0.01766485,0.09374132,-0.01688725,8.0,-0.0078125
2018-09,PL,0.01606325,0.09728238,-0.0222863,9.0,0.0078125
2018-10,PL,0.01858771,0.15766413,-0.02847645,9.0,0.0078125
2018-11,PL,0.01925809,0.16050972,-0.02493771,7.0,-0.0234375
2018-12,PL,0.02039666,0.16284088,-0.01474249,9.0,0.0078125
2019-01,PL,0.01703035,0.14680799,-0.03831712,9.0,0.0078125
2019-02,PL,0.01987257,0.15223893,-0.03064296,8.0,-0.0078125
2019-03,PL,0.0210865,0.1151874,-0.02214288,9.0,0.0078125
2019-04,PL,0.02224946,0.10362451,-0.03520428,10.0,0.0234375
2019-05,PL,0.02145449,0.1060736,-0.02232052,9.0,0.0078125
2019-06,PL,0.02314365,0.21017437,-0.00874013,11.0,0.0390625
2019-07,PL,0.02133307,0.22652654,-0.02871926,9.0,0.0078125
2019-08,PL,0.0208464,0.23571008,-0.02497522,8.0,-0.0078125
2019-09,PL,0.02006651,0.23330633,-0.03686388,10.0,0.0234375
2019-10,PL,0.02079332,0.24692172,-0.02657511,10.0,0.0234375
2019-11,PL,0.02136121,0.25155539,-0.03077403,10.0,0.0234375
2019-12,PL,0.02046035,0.15366196,-0.02548962,9.0,0.0078125
2020-01,PL,0.02334639,0.16267885,-0.01648956,10.0,0.0234375
2020-02,PL,0.02213788,0.15590651,-0.02510764,9.0,0.0078125
2020-03,PL,0.02099958,0.19470684,-0.02605288,9.0,0.0078125
2020-04,PL,0.021724,0.31785585,0.02258115,6.0,-0.0390625
2020-05,PL,0.01789896,0.35971005,-0.05200806,6.0,-0.0390625
2020-06,PL,0.01959985,0.38525425,0.0,5.0,-0.0546875
2020-07,PL,0.01862831,0.37848906,-0.04994129,4.0,-0.0703125
2020-08,PL,0.02026056,0.45954737,-0.02859203,4.0,-0.0703125
2020-09,PL,0.02246423,0.43940427,-0.03758849,4.0,-0.0703125
2020-10,PL,0.02172869,0.31977281,-0.01779216,4.0,-0.0703125
2020-11,PL,0.02132376,0.31117126,-0.02349295,3.0,-0.0859375
2020-12,PL,0.02126172,0.33348678,-0.00970042,3.0,-0.0859375
2021-01,PL,0.02061464,0.29472114,-0.02261121,5.0,-0.0546875
2021-02,PL,0.02123321,0.23086528,-0.01850304,5.0,-0.0546875
2021-03,PL,0.02260944,0.23840381,-0.00877762,6.0,-0.0390625
2021-04,PL,0.02074757,0.19546027,-0.01195417,4.0,-0.0703125
2021-05,PL,0.02439171,0.14175591,-0.01648612,8.0,-0.0078125
2021-06,PL,0.01929272,0.12890205,-0.01477618,7.0,-0.0234375
2021-07,PL,0.02158148,0.17312199,-0.00871885,8.0,-0.0078125
2021-08,PL,0.01821463,0.18040199,-0.00248419,8.0,-0.0078125
2021-09,PL,0.01718706,0.14221908,-0.00886606,10.0,0.0234375
2021-10,PL,0.0159932,0.12179814,-0.00651133,10.0,0.0234375
2021-11,PL,0.01470333,0.15734594,-0.00951117,10.0,0.0234375
2021-12,PL,0.01324369,0.17263831,-0.00811318,11.0,0.0390625
2022-01,PL,0.01468933,0.20042692,-0.00868433,11.0,0.0390625
2022-02,PL,0.01436994,0.25296815,-0.01091774,11.0,0.0390625
2022-03,PL,0.01333964,0.23315257,-0.01775349,12.0,0.0546875
2022-04,PL,0.01472639,0.25616428,-0.01061923,12.0,0.0546875
2022-05,PL,0.01451884,0.2635662,0.01300044,11.0,0.0390625
2022-06,PL,0.01500733,0.22571189,-0.01231303,9.0,0.0078125
2022-07,PL,0.01436609,0.24847875,-0.05628005,8.0,-0.0078125
2022-08,PL,0.02042911,0.18052747,-0.00914104,9.0,0.0078125
2022-09,PL,0.02060672,0.1371534,0.02101071,8.0,-0.0078125
2022-10,PL,0.02864304,0.17296786,0.06106677,9.0,0.0078125
2022-11,PL,0.02746193,0.2301017,0.15134542,9.0,0.0078125
2022-12,PL,0.03270545,0.26924678,-0.02670099,8.0,-0.0078125
2023-01,PL,0.03190889,0.21919336,-0.09582901,9.0,0.0078125
2023-02,PL,0.03339745,0.24813767,-0.00409629,8.0,-0.0078125
2023-03,PL,0.03418153,0.2616648,-0.08664648,7.0,-0.0234375
2023-04,PL,0.03259386,0.25780651,-0.10124642,8.0,-0.0078125
2023-05,PL,0.03603129,0.24932462,0.10170845,9.0,0.0078125
2023-06,PL,0.0355482,0.22625662,-0.04640242,7.0,-0.0234375
2023-07,PL,0.03201051,0.24195892,-0.11485327,7.0,-0.0234375
2023-08,PL,0.03376495,0.25573997,-0.03879584,7.0,-0.0234375
2023-09,PL,0.03641974,0.24319874,-0.05399699,10.0,0.0234375
2023-10,PL,0.03323423,0.27464739,-0.04966262,11.0,0.0390625
2023-11,PL,0.03765773,0.20843182,-0.05572338,9.0,0.0078125
2023-12,PL,0.03520541,0.19396028,-0.05935308,9.0,0.0078125
2024-01,PL,0.03742244,0.17479819,-0.06334755,10.0,0.0234375
2024-02,PL,0.04090171,0.19678483,-0.05477334,11.0,0.0390625
2024-03,PL,0.04472023,0.18362285,-0.05594917,10.0,0.0234375
2024-04,PL,0.05006192,0.17390658,-0.06635695,11.0,0.0390625
2024-05,PL,0.05097728,0.18336254,-0.04576934,11.0,0.0390625
2024-06,PL,0.0539263,0.23739984,-0.05818989,12.0,0.0546875
2024-07,PL,0.06332172,0.23488751,-0.03713214,12.0,0.0546875
2024-08,PL,0.05952734,0.19233619,-0.05236569,13.0,0.0703125
2024-09,PL,0.05920643,0.21530461,-0.07042915,13.0,0.0703125
2024-10,PL,0.06018086,0.21978863,-0.05926105,14.0,0.0859375
2024-11,PL,0.0604282,0.22384009,-0.05349205,14.0,0.0859375
2024-12,PL,0.05712234,0.17713699,-0.10897844,13.0,0.0703125
2025-01,PL,0.06018483,0.17866144,-0.06444247,14.0,0.0859375
2025-02,PL,0.05615695,0.25362457,-0.06835519,14.0,0.0859375
2025-03,PL,0.05764695,0.29563934,-0.05173947,14.0,0.0859375
2025-04,PL,0.05444776,0.30969304,-0.05086191,12.0,0.0546875
2025-05,PL,0.05544208,0.30908639,-0.03362595,14.0,0.0859375
2025-06,PL,0.0549336,0.31852371,-0.04523738,15.0,0.1015625
2025-07,PL,0.05165627,0.47215359,-0.06136368,14.0,0.0859375
2025-08,PL,0.0523824,0.47219038,-0.03883293,14.0,0.0859375
2025-09,PL,0.05253845,0.38667971,-0.06727498,14.0,0.0859375
2025-10,PL,0.04949724,0.38790443,-0.00136858,12.0,0.0546875
2025-11,PL,0.0441888,0.37586468,-0.05286088,10.0,0.0234375
2025-12,PL,0.04846261,0.37794749,-0.02306179,12.0,0.0546875
2026-01,PL,0.04260556,0.20401039,-0.06928129,10.0,0.0234375
2026-02,PL,0.0454099,0.18397554,-0.03805414,10.0,0.0234375
2026-03,PL,0.04203656,0.18348912,-0.05863914,7.0,-0.0234375
2026-04,PL,0.04402748,0.41813528,-0.06381428,9.0,0.0078125
2026-05,PL,0.04163137,0.41836192,-0.04195437,7.0,-0.0234375
2026-06,PL,0.04214437,0.41798429,-0.0526998,8.0,-0.0078125
2026-07,PL,0.04127577,0.43204185,-0.02349142,10.0,0.0234375
2011-05,RB,0.03160779,0.10676436,0.24138837,13.0,0.08928571
2011-06,RB,0.04646887,0.2287645,0.31697434,14.0,0.10714286
2011-07,RB,0.05339373,0.21545982,0.19266937,14.0,0.10714286
2011-08,RB,0.09306312,0.21470037,0.64380458,14.0,0.10714286
2011-09,RB,0.08764661,0.20685634,0.27580727,14.0,0.10714286
2011-10,RB,0.0670121,0.24792822,0.04962897,14.0,0.10714286
2011-11,RB,0.03076184,0.23180354,-0.07590424,13.0,0.08928571
2011-12,RB,0.04049227,0.2053719,0.04566058,13.0,0.08928571
2012-01,RB,0.05212316,0.21712445,-0.4846077,12.0,0.07142857
2012-02,RB,0.03784315,0.21512345,-0.71771032,12.0,0.07142857
2012-03,RB,0.0453229,0.22112226,0.21291605,12.0,0.07142857
2012-04,RB,0.0333037,0.11475065,0.15333396,11.0,0.05357143
2012-05,RB,0.04293474,0.14995465,0.25749928,11.0,0.05357143
2012-06,RB,0.05893455,0.20530962,0.61394948,11.0,0.05357143
2012-07,RB,0.06639042,0.19685089,0.48485412,11.0,0.05357143
2012-08,RB,0.04136031,0.25867133,0.76060491,11.0,0.05357143
2012-09,RB,0.08807097,0.27834184,0.90589235,15.0,0.125
2012-10,RB,0.09709206,0.29065491,0.59395412,14.0,0.10714286
2012-11,RB,0.11159376,0.29192471,0.22880548,14.0,0.10714286
2012-12,RB,0.11889488,0.23813506,0.21266436,14.0,0.10714286
2013-01,RB,0.11407223,0.20097968,-0.02541095,14.0,0.10714286
2013-02,RB,0.11787362,0.17988622,-0.85359723,14.0,0.10714286
2013-03,RB,0.08801055,0.20192621,0.10271641,14.0,0.10714286
2013-04,RB,0.07996517,0.19123887,-0.0042057,13.0,0.08928571
2013-05,RB,0.06002595,0.23826836,0.02414042,12.0,0.07142857
2013-06,RB,0.02488441,0.22746494,0.06868575,10.0,0.03571429
2013-07,RB,0.02537346,0.22047513,0.19309485,10.0,0.03571429
2013-08,RB,0.03862354,0.25700347,0.15098828,10.0,0.03571429
2013-09,RB,-0.0224679,0.24710995,0.02910362,1.0,-0.125
2013-10,RB,-0.0140381,0.28426696,0.22533152,2.0,-0.10714286
2013-11,RB,-0.02254071,0.23282532,0.01566209,2.0,-0.10714286
2013-12,RB,-0.03445355,0.24124271,-0.00042293,2.0,-0.10714286
2014-01,RB,-0.02999322,0.23745205,-0.05719521,2.0,-0.10714286
2014-02,RB,-0.01287661,0.18234549,-0.81857865,2.0,-0.10714286
2014-03,RB,-0.00345517,0.19883558,-0.02882449,3.0,-0.08928571
2014-04,RB,0.01452959,0.13549892,0.17654987,7.0,-0.01785714
2014-05,RB,0.0128989,0.13916974,0.13597288,8.0,0.0
2014-06,RB,0.01416858,0.12786886,0.12975381,9.0,0.01785714
2014-07,RB,0.00502707,0.12637163,0.15037176,5.0,-0.05357143
2014-08,RB,0.01979051,0.17726118,0.15730487,7.0,-0.01785714
2014-09,RB,0.07592297,0.15739585,0.70186179,11.0,0.05357143
2014-10,RB,0.05674075,0.14732252,0.20839296,9.0,0.01785714
2014-11,RB,0.06566137,0.19650953,-0.02117618,10.0,0.0234375
2014-12,RB,0.05005314,0.18011264,-0.26182045,10.0,0.0234375
2015-01,RB,0.04347488,0.29376528,-0.35738379,11.0,0.0390625
2015-02,RB,0.06462961,0.29369007,-1.22342741,10.0,0.0234375
2015-03,RB,0.06963796,0.37865885,0.03656769,10.0,0.0234375
2015-04,RB,0.0562902,0.37059353,0.02829747,10.0,0.0234375
2015-05,RB,0.06061991,0.43922038,0.18689589,10.0,0.0234375
2015-06,RB,0.05816131,0.43902246,0.15773786,10.0,0.0234375
2015-07,RB,0.06680498,0.28363094,1.4125442,11.0,0.0390625
2015-08,RB,0.02616998,0.29103129,1.0966654,10.0,0.0234375
2015-09,RB,-0.02107472,0.25555558,0.20055785,1.0,-0.1171875
2015-10,RB,-0.02760814,0.25266394,0.00343656,1.0,-0.1171875
2015-11,RB,0.00099193,0.12887581,-0.03870269,4.0,-0.0703125
2015-12,RB,0.00326567,0.14929791,-0.26669166,4.0,-0.0703125
2016-01,RB,0.0107844,0.15135081,-0.23032174,7.0,-0.0234375
2016-02,RB,-0.06831243,0.22617741,-2.85276965,1.0,-0.1171875
2016-03,RB,-0.05845919,0.22312746,-0.1770985,1.0,-0.1171875
2016-04,RB,-0.05348291,0.29615505,-0.09035394,1.0,-0.1171875
2016-05,RB,-0.0483416,0.37806023,0.01131401,2.0,-0.1015625
2016-06,RB,-0.04615564,0.38173355,0.0008389,2.0,-0.1015625
2016-07,RB,-0.04711447,0.38643137,0.75140871,3.0,-0.0859375
2016-08,RB,-0.02777465,0.37085573,0.69904833,4.0,-0.0703125
2016-09,RB,-0.01398257,0.36773874,0.20009541,4.0,-0.0703125
2016-10,RB,0.00461716,0.39865014,0.25462761,4.0,-0.0703125
2016-11,RB,-0.06104571,0.35715923,-0.07287254,1.0,-0.1171875
2016-12,RB,-0.04604006,0.36672521,0.01493899,1.0,-0.1171875
2017-01,RB,-0.0543689,0.39984848,-0.2369789,1.0,-0.1171875
2017-02,RB,0.00461641,0.33636643,-1.50613502,2.0,-0.1015625
2017-03,RB,0.01087453,0.33746238,0.04911508,5.0,-0.0546875
2017-04,RB,0.00380059,0.25674565,-0.03066277,3.0,-0.0859375
2017-05,RB,0.01222602,0.28280737,0.11914422,5.0,-0.0546875
2017-06,RB,0.00992544,0.28617188,0.08828629,4.0,-0.0703125
2017-07,RB,0.01150098,0.19586777,0.20343572,6.0,-0.0390625
2017-08,RB,0.13509183,0.27930798,2.32494565,15.0,0.1015625
2017-09,RB,0.0458174,0.45052749,0.1195348,14.0,0.0859375
2017-10,RB,0.06552861,0.47641657,0.32657207,14.0,0.0859375
2017-11,RB,0.07518706,0.44015191,-0.08127596,15.0,0.1015625
2017-12,RB,0.07345397,0.45318854,-0.00987239,14.0,0.0859375
2018-01,RB,0.10550625,0.39786559,-1.12710822,14.0,0.0859375
2018-02,RB,0.0948293,0.39163522,-0.09583315,15.0,0.1015625
2018-03,RB,0.08266692,0.26577525,-0.02482791,15.0,0.1015625
2018-04,RB,0.09062646,0.21930801,-0.00885052,15.0,0.1015625
2018-05,RB,0.07637297,0.15399247,-0.00116597,15.0,0.1015625
2018-06,RB,0.08861741,0.14490278,0.14757912,15.0,0.1015625
2018-07,RB,0.09305918,0.1533216,0.27206537,15.0,0.1015625
2018-08,RB,-0.01406428,0.13058147,0.12536396,3.0,-0.0859375
2018-09,RB,0.0597687,0.07848932,0.07198756,15.0,0.1015625
2018-10,RB,0.04167107,0.07758996,0.11485282,13.0,0.0703125
2018-11,RB,0.07453701,0.30609417,-0.02770223,14.0,0.0859375
2018-12,RB,0.09020413,0.36303782,0.22241489,15.0,0.1015625
2019-01,RB,0.05711666,0.35746531,-1.80798525,14.0,0.0859375
2019-02,RB,0.13028135,0.37248164,-0.93987218,15.0,0.1015625
2019-03,RB,0.14276274,0.47380585,0.0975619,15.0,0.1015625
2019-04,RB,0.1624519,0.49101205,0.31721217,16.0,0.1171875
2019-05,RB,0.16011709,0.4240467,0.17053891,15.0,0.1015625
2019-06,RB,0.149137,0.3503531,0.2508427,15.0,0.1015625
2019-07,RB,0.13308395,0.31564149,0.2535472,15.0,0.1015625
2019-08,RB,0.10205132,0.32876063,0.79482201,14.0,0.0859375
2019-09,RB,0.11754084,0.29753948,0.28533822,15.0,0.1015625
2019-10,RB,0.10592348,0.29955803,0.28581466,15.0,0.1015625
2019-11,RB,0.07726953,0.26757415,0.01836754,15.0,0.1015625
2019-12,RB,0.06309827,0.19219521,-0.08680058,14.0,0.0859375
2020-01,RB,0.07033404,0.17659366,-1.32964913,14.0,0.0859375
2020-02,RB,0.03565943,0.28530447,-0.82899325,14.0,0.0859375
2020-03,RB,-0.02036851,0.28341009,-0.40729847,3.0,-0.0859375
2020-04,RB,0.03698447,1.41641294,-0.38303383,11.0,0.0390625
2020-05,RB,0.04356553,1.54080567,-0.13048393,9.0,0.0078125
2020-06,RB,0.05371422,1.62195307,-0.03675905,11.0,0.0390625
2020-07,RB,0.06678708,1.62180551,0.73153675,12.0,0.0546875
2020-08,RB,0.07987171,1.62485591,0.61039371,13.0,0.0703125
2020-09,RB,0.06423224,1.6393187,0.19624334,11.0,0.0390625
2020-10,RB,0.07695878,0.43085407,0.26630907,11.0,0.0390625
2020-11,RB,0.09718721,0.40169574,-0.10204425,14.0,0.0859375
2020-12,RB,0.10639779,0.3531637,-0.04725016,13.0,0.0703125
2021-01,RB,0.11540049,0.36799643,-0.82601493,13.0,0.0703125
2021-02,RB,0.1059371,0.36742161,0.0500489,13.0,0.0703125
2021-03,RB,0.13785266,0.41097119,-0.03982626,14.0,0.0859375
2021-04,RB,0.05431164,0.39856503,-0.02420445,8.0,-0.0078125
2021-05,RB,0.04500667,0.28032934,0.04151416,12.0,0.0546875
2021-06,RB,0.03410302,0.26173887,0.01411217,10.0,0.0234375
2021-07,RB,0.0273461,0.25332949,0.70010388,10.0,0.0234375
2021-08,RB,0.04158398,0.24439409,0.77459613,13.0,0.0703125
2021-09,RB,0.04319719,0.09279297,0.33757382,14.0,0.0859375
2021-10,RB,0.04885283,0.10398116,0.36241187,14.0,0.0859375
2021-11,RB,0.03838382,0.12425076,0.25284909,13.0,0.0703125
2021-12,RB,0.0168557,0.29472181,-0.02116637,12.0,0.0546875
2022-01,RB,0.01188343,0.36656299,-0.53038376,10.0,0.0234375
2022-02,RB,-0.01972309,0.39591764,0.09520416,3.0,-0.0859375
2022-03,RB,-0.00780297,0.37906676,0.15374998,6.0,-0.0390625
2022-04,RB,-0.00909162,0.38065295,0.08994837,8.0,-0.0078125
2022-05,RB,0.01469677,0.38510995,0.50006654,12.0,0.0546875
2022-06,RB,-0.00159169,0.13329264,0.39788809,5.0,-0.0546875
2022-07,RB,0.06115283,0.3254562,0.91880276,12.0,0.0546875
2022-08,RB,0.04541263,0.35279351,0.8468648,10.0,0.0234375
2022-09,RB,0.06963139,0.46029702,0.50349142,10.0,0.0234375
2022-10,RB,0.1146965,0.44742722,1.30169391,12.0,0.0546875
2022-11,RB,0.10954783,0.45160015,0.23349814,11.0,0.0390625
2022-12,RB,0.11223794,0.37780645,0.0,12.0,0.0546875
2023-01,RB,0.10595185,0.37026418,-0.03596943,12.0,0.0546875
2023-02,RB,0.10587342,0.36834433,-0.96469553,12.0,0.0546875
2023-03,RB,0.10675767,0.24944076,0.26045924,11.0,0.0390625
2023-04,RB,0.10911335,0.2409495,0.17663656,12.0,0.0546875
2023-05,RB,0.1189607,0.16137261,0.56509033,12.0,0.0546875
2023-06,RB,0.15755021,0.08770709,0.38780433,16.0,0.1171875
2023-07,RB,0.06891692,0.14312702,0.13553438,14.0,0.0859375
2023-08,RB,0.06298156,0.24344149,0.94760387,13.0,0.0703125
2023-09,RB,0.02525328,0.25627523,0.17954301,9.0,0.0078125
2023-10,RB,-0.05561165,0.26587146,0.02961488,2.0,-0.1015625
2023-11,RB,-0.03235229,0.2837169,-0.01157187,4.0,-0.0703125
2023-12,RB,-0.03579281,0.28709536,-0.10199715,3.0,-0.0859375
2024-01,RB,-0.0396624,0.28029349,-1.24539119,3.0,-0.0859375
2024-02,RB,-0.04527803,0.20140639,0.05013184,3.0,-0.0859375
2024-03,RB,-0.04935331,0.20064315,0.13136855,3.0,-0.0859375
2024-04,RB,-0.04995793,0.20154703,0.08549917,3.0,-0.0859375
2024-05,RB,-0.08968545,0.13847867,0.09912514,1.0,-0.1171875
2024-06,RB,-0.10958105,0.17987722,0.0820451,1.0,-0.1171875
2024-07,RB,-0.08788136,0.17305407,0.19531843,1.0,-0.1171875
2024-08,RB,-0.08162377,0.16108375,0.75771897,1.0,-0.1171875
2024-09,RB,-0.06400573,0.17995321,0.16325878,2.0,-0.1015625
2024-10,RB,-0.0392118,0.15718486,0.18810416,2.0,-0.1015625
2024-11,RB,-0.03976465,0.16629194,-0.04798856,2.0,-0.1015625
2024-12,RB,-0.03655812,0.14284432,-0.11612254,3.0,-0.0859375
2025-01,RB,-0.03425727,0.13205113,-0.18499743,2.0,-0.1015625
2025-02,RB,-0.03863683,0.12396361,-0.02277584,2.0,-0.1015625
2025-03,RB,-0.04096311,0.11663674,-0.04046092,1.0,-0.1171875
2025-04,RB,-0.03266756,0.12023652,0.11590464,1.0,-0.1171875
2025-05,RB,-0.02323575,0.21603488,0.12770038,3.0,-0.0859375
2025-06,RB,-0.03144749,0.21636403,0.04370216,1.0,-0.1171875
2025-07,RB,-0.0285725,0.20262664,0.23930749,2.0,-0.1015625
2025-08,RB,0.01073754,0.22513742,0.32636511,6.0,-0.0390625
2025-09,RB,0.00566104,0.21993806,0.30612846,8.0,-0.0078125
2025-10,RB,0.03647506,0.21599134,0.2746342,9.0,0.0078125
2025-11,RB,0.03393713,0.08774375,0.36755352,9.0,0.0078125
2025-12,RB,0.02813292,0.09600692,-0.08459791,8.0,-0.0078125
2026-01,RB,0.04099136,0.18360297,-1.44672677,8.0,-0.0078125
2026-02,RB,0.07033399,0.23983526,-0.03739458,14.0,0.0859375
2026-03,RB,0.10274255,0.24130893,0.33776083,15.0,0.1015625
2026-04,RB,0.09692391,0.55562494,0.53378069,15.0,0.1015625
2026-05,RB,0.07951653,0.57385603,0.28527596,14.0,0.0859375
2026-06,RB,0.10337135,0.64797711,0.47659513,16.0,0.1171875
2026-07,RB,0.08793202,0.60681786,0.56351088,16.0,0.1171875
2011-05,SIL,0.00559238,0.43559731,-0.00065762,4.0,-0.07142857
2011-06,SIL,0.00513551,0.64651202,-0.0028611,6.0,-0.03571429
2011-07,SIL,0.00446706,0.66916663,-0.00425073,6.0,-0.03571429
2011-08,SIL,0.00400748,0.64606342,-0.00483174,5.0,-0.05357143
2011-09,SIL,0.00430606,0.6027695,-0.00987441,7.0,-0.01785714
2011-10,SIL,0.00480524,0.72813632,-0.00602626,7.0,-0.01785714
2011-11,SIL,0.00459035,0.61625561,-0.00743716,4.0,-0.07142857
2011-12,SIL,0.00514142,0.54187349,-0.00760582,5.0,-0.05357143
2012-01,SIL,0.00511628,0.54541922,-0.0106196,4.0,-0.07142857
2012-02,SIL,0.00548326,0.57041606,-0.01237642,3.0,-0.08928571
2012-03,SIL,0.00625134,0.56269752,-0.00511209,3.0,-0.08928571
2012-04,SIL,0.00590432,0.37065742,-0.01138589,4.0,-0.07142857
2012-05,SIL,0.0067212,0.35977418,-0.00702007,4.0,-0.07142857
2012-06,SIL,0.00779042,0.36137527,-0.00321003,4.0,-0.07142857
2012-07,SIL,0.0080175,0.33580674,-0.00888202,5.0,-0.05357143
2012-08,SIL,0.00834674,0.16198775,-0.00740689,5.0,-0.05357143
2012-09,SIL,0.00882267,0.28702365,-0.01057715,5.0,-0.05357143
2012-10,SIL,0.00894633,0.29970351,-0.01091744,6.0,-0.03571429
2012-11,SIL,0.00907327,0.29172077,-0.00833033,7.0,-0.01785714
2012-12,SIL,0.00920134,0.23717109,-0.01080373,8.0,0.0
2013-01,SIL,0.00998594,0.2902235,-0.00665904,8.0,0.0
2013-02,SIL,0.00995866,0.29073825,-0.00663719,8.0,0.0
2013-03,SIL,0.00954852,0.24246282,-0.01212095,10.0,0.03571429
2013-04,SIL,0.0103552,0.1850143,-0.01080123,9.0,0.01785714
2013-05,SIL,0.01025476,0.25247425,-0.00746656,8.0,0.0
2013-06,SIL,0.01026199,0.23465372,-0.00500643,8.0,0.0
2013-07,SIL,0.01036958,0.25043292,-0.00706042,8.0,0.0
2013-08,SIL,0.01022418,0.24401946,-0.00707368,8.0,0.0
2013-09,SIL,0.00972264,0.44500621,-0.0168551,9.0,0.01785714
2013-10,SIL,0.00993201,0.44786465,-0.01887362,9.0,0.01785714
2013-11,SIL,0.01062368,0.40292135,-0.00996635,9.0,0.01785714
2013-12,SIL,0.01083927,0.39677604,-0.01213581,9.0,0.01785714
2014-01,SIL,0.01047841,0.3467613,-0.00988476,8.0,0.0
2014-02,SIL,0.0106692,0.34669337,-0.00968525,8.0,0.0
2014-03,SIL,0.01099831,0.27156502,-0.01110014,7.0,-0.01785714
2014-04,SIL,0.01030308,0.26723488,-0.01908956,6.0,-0.03571429
2014-05,SIL,0.01077077,0.26831434,-0.01719445,7.0,-0.01785714
2014-06,SIL,0.01130199,0.24615993,-0.01438108,8.0,0.0
2014-07,SIL,0.01220175,0.29961269,-0.0232843,8.0,0.0
2014-08,SIL,0.01230631,0.30490667,-0.01995243,6.0,-0.03571429
2014-09,SIL,0.01333036,0.24055922,-0.01828347,6.0,-0.03571429
2014-10,SIL,0.0132338,0.27232273,-0.01936034,6.0,-0.03571429
2014-11,SIL,0.01264067,0.27303274,-0.02591178,6.0,-0.0390625
2014-12,SIL,0.01365319,0.27605116,-0.01507664,7.0,-0.0234375
2015-01,SIL,0.01401454,0.1723918,-0.01132558,7.0,-0.0234375
2015-02,SIL,0.01382271,0.34934806,-0.01588692,7.0,-0.0234375
2015-03,SIL,0.01430472,0.34723496,-0.01290648,6.0,-0.0390625
2015-04,SIL,0.01471278,0.28692177,-0.01132102,5.0,-0.0546875
2015-05,SIL,0.01459189,0.29538064,-0.01127207,5.0,-0.0546875
2015-06,SIL,0.01404844,0.27406962,-0.01376086,6.0,-0.0390625
2015-07,SIL,0.01412211,0.30659181,0.00077407,6.0,-0.0390625
2015-08,SIL,0.0138338,0.15140228,0.00083525,8.0,-0.0078125
2015-09,SIL,0.01245356,0.14403175,0.0,7.0,-0.0234375
2015-10,SIL,0.01205555,0.1212373,-0.00069011,6.0,-0.0390625
2015-11,SIL,0.01129267,0.22988295,-0.00806528,6.0,-0.0390625
2015-12,SIL,0.01117396,0.26190169,-0.01279405,6.0,-0.0390625
2016-01,SIL,0.01140104,0.25070308,-0.0108847,8.0,-0.0078125
2016-02,SIL,0.01170791,0.25066869,-0.01183168,10.0,0.0234375
2016-03,SIL,0.01197943,0.27227177,-0.00325827,10.0,0.0234375
2016-04,SIL,0.01069684,0.26932846,-0.01678646,9.0,0.0078125
2016-05,SIL,0.01157478,0.27602505,-0.01733631,9.0,0.0078125
2016-06,SIL,0.01178739,0.27648597,-0.01131138,10.0,0.0234375
2016-07,SIL,0.01113751,0.29194996,-0.02096092,9.0,0.0078125
2016-08,SIL,0.01301642,0.29339598,-0.01419516,9.0,0.0078125
2016-09,SIL,0.013556,0.34282287,-0.02144941,9.0,0.0078125
2016-10,SIL,0.0146929,0.34265138,-0.02328309,7.0,-0.0234375
2016-11,SIL,0.0162829,0.32844794,-0.01483309,8.0,-0.0078125
2016-12,SIL,0.01555882,0.32116291,-0.02044808,7.0,-0.0234375
2017-01,SIL,0.01534476,0.23833928,-0.01957574,7.0,-0.0234375
2017-02,SIL,0.01674586,0.23488641,-0.01698521,7.0,-0.0234375
2017-03,SIL,0.01611872,0.23695263,-0.01401305,8.0,-0.0078125
2017-04,SIL,0.01680185,0.2295749,-0.02636584,10.0,0.0234375
2017-05,SIL,0.01659647,0.21214352,-0.02752652,10.0,0.0234375
2017-06,SIL,0.0170621,0.16469276,-0.01868949,8.0,-0.0078125
2017-07,SIL,0.01668955,0.179487,-0.02704043,11.0,0.0390625
2017-08,SIL,0.01680095,0.12488936,-0.01948669,10.0,0.0234375
2017-09,SIL,0.01744569,0.13054382,-0.02403034,10.0,0.0234375
2017-10,SIL,0.01729746,0.14182954,-0.03626805,11.0,0.0390625
2017-11,SIL,0.01823712,0.13234614,-0.01957597,11.0,0.0390625
2017-12,SIL,0.01918346,0.13785868,-0.02291885,12.0,0.0546875
2018-01,SIL,0.01989771,0.11631875,-0.02705814,12.0,0.0546875
2018-02,SIL,0.01935015,0.11964272,-0.03277256,12.0,0.0546875
2018-03,SIL,0.02077138,0.12923844,-0.03065886,11.0,0.0390625
2018-04,SIL,0.02288723,0.09675471,-0.03777719,11.0,0.0390625
2018-05,SIL,0.02390145,0.09665942,-0.0414973,12.0,0.0546875
2018-06,SIL,0.02472303,0.09745613,-0.03294104,12.0,0.0546875
2018-07,SIL,0.0268423,0.08735616,-0.04955954,11.0,0.0390625
2018-08,SIL,0.02692555,0.08290009,-0.03367914,12.0,0.0546875
2018-09,SIL,0.02865956,0.09493865,-0.03242788,12.0,0.0546875
2018-10,SIL,0.02944999,0.10122453,-0.0468259,11.0,0.0390625
2018-11,SIL,0.02876968,0.09481043,-0.03215103,11.0,0.0390625
2018-12,SIL,0.02966716,0.09178547,-0.04809013,12.0,0.0546875
2019-01,SIL,0.0309657,0.16066404,-0.03924359,12.0,0.0546875
2019-02,SIL,0.03198618,0.16133693,-0.03755304,12.0,0.0546875
2019-03,SIL,0.03244697,0.14215645,-0.03668609,12.0,0.0546875
2019-04,SIL,0.03221491,0.14144994,-0.03671841,12.0,0.0546875
2019-05,SIL,0.03112048,0.13743925,-0.02814881,12.0,0.0546875
2019-06,SIL,0.03031686,0.14094218,-0.03825362,14.0,0.0859375
2019-07,SIL,0.03062925,0.12321624,-0.0453785,13.0,0.0703125
2019-08,SIL,0.03106422,0.14728693,-0.03585184,12.0,0.0546875
2019-09,SIL,0.03043881,0.19899579,-0.03854119,13.0,0.0703125
2019-10,SIL,0.03068104,0.23112329,-0.03461435,13.0,0.0703125
2019-11,SIL,0.03119237,0.22599438,-0.02866225,13.0,0.0703125
2019-12,SIL,0.02965272,0.24225881,-0.03726313,13.0,0.0703125
2020-01,SIL,0.02851107,0.24116033,-0.0270676,13.0,0.0703125
2020-02,SIL,0.02761463,0.23596973,-0.02504763,12.0,0.0546875
2020-03,SIL,0.02835075,0.17373746,-0.05170957,11.0,0.0390625
2020-04,SIL,0.03449286,0.25816755,-0.01225219,10.0,0.0234375
2020-05,SIL,0.03431137,0.25414724,-0.03535685,7.0,-0.0234375
2020-06,SIL,0.03513252,0.37940106,-0.03008515,7.0,-0.0234375
2020-07,SIL,0.03401399,0.38684947,-0.01273338,7.0,-0.0234375
2020-08,SIL,0.03279865,0.59171161,-0.01412041,6.0,-0.0390625
2020-09,SIL,0.03133266,0.58780615,-0.01724562,5.0,-0.0546875
2020-10,SIL,0.02929107,0.67993434,-0.01318312,6.0,-0.0390625
2020-11,SIL,0.02775996,0.68731468,-0.01340707,5.0,-0.0546875
2020-12,SIL,0.02756459,0.66421979,-0.01980062,5.0,-0.0546875
2021-01,SIL,0.02690275,0.67198018,-0.00575889,6.0,-0.0390625
2021-02,SIL,0.0260658,0.47719284,-0.00921929,6.0,-0.0390625
2021-03,SIL,0.02312155,0.41672848,-0.00797854,7.0,-0.0234375
2021-04,SIL,0.01567965,0.24821538,-0.00171235,2.0,-0.1015625
2021-05,SIL,0.0139181,0.25768751,-0.00913011,5.0,-0.0546875
2021-06,SIL,0.01188245,0.24914851,-0.00651269,3.0,-0.0859375
2021-07,SIL,0.01020327,0.19723388,-0.00849211,3.0,-0.0859375
2021-08,SIL,0.00936951,0.21635637,-0.00788244,5.0,-0.0546875
2021-09,SIL,0.00877632,0.24274934,-0.00884289,7.0,-0.0234375
2021-10,SIL,0.00868618,0.24052307,-0.00184878,8.0,-0.0078125
2021-11,SIL,0.00800691,0.26656713,-0.01106022,7.0,-0.0234375
2021-12,SIL,0.00900039,0.20996631,-0.00614957,9.0,0.0078125
2022-01,SIL,0.00813456,0.21824476,0.0009885,9.0,0.0078125
2022-02,SIL,0.00738008,0.20521997,-0.00258477,8.0,-0.0078125
2022-03,SIL,0.00657576,0.17866048,-0.00601496,11.0,0.0390625
2022-04,SIL,0.00643539,0.14542887,-0.01104346,10.0,0.0234375
2022-05,SIL,0.0075075,0.17463278,-0.02150528,8.0,-0.0078125
2022-06,SIL,0.00816095,0.20240794,-0.02180708,7.0,-0.0234375
2022-07,SIL,0.00959358,0.20910773,-0.02474042,5.0,-0.0546875
2022-08,SIL,0.01061513,0.21769468,-0.03186862,6.0,-0.0390625
2022-09,SIL,0.0129014,0.13887746,-0.03186189,5.0,-0.0546875
2022-10,SIL,0.01538565,0.21952601,0.00382021,6.0,-0.0390625
2022-11,SIL,0.01446886,0.23882904,-0.05580347,5.0,-0.0546875
2022-12,SIL,0.01603542,0.32091381,-0.05183056,4.0,-0.0703125
2023-01,SIL,0.0192731,0.32276542,-0.04093818,5.0,-0.0546875
2023-02,SIL,0.02268049,0.28227245,-0.03356256,5.0,-0.0546875
2023-03,SIL,0.02508511,0.27029563,-0.04038816,4.0,-0.0703125
2023-04,SIL,0.02714813,0.28920861,-0.04947669,6.0,-0.0390625
2023-05,SIL,0.0296819,0.28819115,-0.06048398,7.0,-0.0234375
2023-06,SIL,0.03259852,0.29810825,-0.04745105,6.0,-0.0390625
2023-07,SIL,0.03529596,0.27163733,-0.0596553,9.0,0.0078125
2023-08,SIL,0.0387532,0.29809726,-0.04865836,9.0,0.0078125
2023-09,SIL,0.03944638,0.25059028,-0.05734693,13.0,0.0703125
2023-10,SIL,0.04115366,0.2340647,-0.06105862,12.0,0.0546875
2023-11,SIL,0.04710579,0.22304676,-0.05282318,11.0,0.0390625
2023-12,SIL,0.04680504,0.24606999,-0.06477941,12.0,0.0546875
2024-01,SIL,0.04804085,0.26937831,-0.06660628,12.0,0.0546875
2024-02,SIL,0.04947011,0.23780168,-0.05755928,12.0,0.0546875
2024-03,SIL,0.05177049,0.23797078,-0.0529888,12.0,0.0546875
2024-04,SIL,0.05366995,0.23690378,-0.06950849,13.0,0.0703125
2024-05,SIL,0.05470543,0.24774538,-0.05211825,13.0,0.0703125
2024-06,SIL,0.05544324,0.3093141,-0.06271826,13.0,0.0703125
2024-07,SIL,0.05622492,0.28656243,-0.06983081,11.0,0.0390625
2024-08,SIL,0.05560035,0.27879604,-0.05150146,12.0,0.0546875
2024-09,SIL,0.05630617,0.27999496,-0.06263645,11.0,0.0390625
2024-10,SIL,0.05658921,0.28590862,-0.05148637,12.0,0.0546875
2024-11,SIL,0.05597433,0.28519559,-0.05397369,13.0,0.0703125
2024-12,SIL,0.05741351,0.21103716,-0.07102446,14.0,0.0859375
2025-01,SIL,0.05672004,0.20745368,-0.05359259,13.0,0.0703125
2025-02,SIL,0.05564568,0.20259527,-0.04633862,13.0,0.0703125
2025-03,SIL,0.05536416,0.21752002,-0.05429296,12.0,0.0546875
2025-04,SIL,0.05458791,0.22575215,-0.0571703,13.0,0.0703125
2025-05,SIL,0.05376835,0.23807855,-0.04600486,13.0,0.0703125
2025-06,SIL,0.05327409,0.2237952,-0.05433422,14.0,0.0859375
2025-07,SIL,0.052209,0.25277758,-0.05317763,15.0,0.1015625
2025-08,SIL,0.05134755,0.24922751,-0.04725538,12.0,0.0546875
2025-09,SIL,0.05126398,0.23264002,-0.06098928,13.0,0.0703125
2025-10,SIL,0.05092891,0.22788389,-0.03709219,13.0,0.0703125
2025-11,SIL,0.04945491,0.14744534,-0.05702486,13.0,0.0703125
2025-12,SIL,0.04742147,0.14041614,-0.0425237,10.0,0.0234375
2026-01,SIL,0.04633181,0.14725669,-0.03742072,11.0,0.0390625
2026-02,SIL,0.0451915,0.1262094,-0.03651795,9.0,0.0078125
2026-03,SIL,0.04405183,0.13583948,-0.03855674,8.0,-0.0078125
2026-04,SIL,0.04344981,0.50212683,-0.03884683,8.0,-0.0078125
2026-05,SIL,0.04238506,0.5039867,-0.03784597,8.0,-0.0078125
2026-06,SIL,0.04160442,0.48298166,-0.04776698,7.0,-0.0234375
2026-07,SIL,0.04093609,0.56722368,-0.03858211,9.0,0.0078125
2011-05,ZC,0.0343069,0.29342435,0.24130864,14.0,0.10714286
2011-06,ZC,-0.03988046,0.228582,-0.1753167,2.0,-0.10714286
2011-07,ZC,0.0204328,0.34079644,-0.01955356,11.0,0.05357143
2011-08,ZC,0.01132077,0.36004092,-0.05263992,8.0,0.0
2011-09,ZC,-0.00382982,0.38384762,-0.08876974,2.0,-0.10714286
2011-10,ZC,-0.0029013,0.55778211,-0.07376139,3.0,-0.08928571
2011-11,ZC,0.00829316,0.55972573,-0.04480959,7.0,-0.01785714
2011-12,ZC,0.00707469,0.56365746,-0.07592581,7.0,-0.01785714
2012-01,ZC,0.01396417,0.52939006,-0.05828063,7.0,-0.01785714
2012-02,ZC,0.01731562,0.51064698,-0.01366537,7.0,-0.01785714
2012-03,ZC,0.02794744,0.46299125,0.00709361,10.0,0.03571429
2012-04,ZC,0.05915048,0.21573006,0.24456746,12.0,0.07142857
2012-05,ZC,-0.02067134,0.18449012,0.31926487,1.0,-0.125
2012-06,ZC,0.06264727,0.28331396,0.39230217,12.0,0.07142857
2012-07,ZC,-0.01375145,0.38347185,0.00622574,1.0,-0.125
2012-08,ZC,-0.00331512,0.44052591,0.01502805,2.0,-0.10714286
2012-09,ZC,0.00791566,0.44577312,-0.0174034,4.0,-0.07142857
2012-10,ZC,0.00681211,0.45209151,-0.00670688,4.0,-0.07142857
2012-11,ZC,-0.00507864,0.45487943,-0.02569002,2.0,-0.10714286
2012-12,ZC,-0.01129465,0.34572627,-0.01712609,1.0,-0.125
2013-01,ZC,-0.01340495,0.30161006,-0.01211678,1.0,-0.125
2013-02,ZC,0.00365616,0.15976732,0.1346554,2.0,-0.10714286
2013-03,ZC,-0.01033756,0.16122197,0.17382444,2.0,-0.10714286
2013-04,ZC,-0.0275376,0.16075249,0.3088434,1.0,-0.125
2013-05,ZC,0.03384864,0.15937572,0.59674759,10.0,0.03571429
2013-06,ZC,0.13440457,0.18589176,1.25276988,12.0,0.07142857
2013-07,ZC,0.15425907,0.12977941,0.16418388,14.0,0.10714286
2013-08,ZC,0.13777418,0.11743658,0.10682017,13.0,0.08928571
2013-09,ZC,0.13429805,0.10989707,-0.1164782,13.0,0.08928571
2013-10,ZC,0.13532066,0.1456931,-0.10179473,13.0,0.08928571
2013-11,ZC,0.14332857,0.14876971,-0.08842766,13.0,0.08928571
2013-12,ZC,0.15416563,0.10655373,-0.11592868,14.0,0.10714286
2014-01,ZC,0.16009697,0.10303882,-0.07540426,14.0,0.10714286
2014-02,ZC,0.13514839,0.12418717,-0.0780168,14.0,0.10714286
2014-03,ZC,0.14321928,0.15683241,-0.0563902,13.0,0.08928571
2014-04,ZC,0.12114628,0.17780201,-0.05796468,14.0,0.10714286
2014-05,ZC,0.15040897,0.1524666,0.10214719,14.0,0.10714286
2014-06,ZC,0.03352422,0.20441477,0.0794347,11.0,0.05357143
2014-07,ZC,0.03452602,0.26520101,-0.11088374,9.0,0.01785714
2014-08,ZC,0.06055414,0.32218935,-0.06377746,11.0,0.05357143
2014-09,ZC,0.04786525,0.30294569,-0.1564589,8.0,0.0
2014-10,ZC,0.05054783,0.2328029,-0.13100824,8.0,0.0
2014-11,ZC,0.04584504,0.38968086,-0.13651694,9.0,0.0078125
2014-12,ZC,0.04793009,0.38893304,-0.12843207,9.0,0.0078125
2015-01,ZC,0.04025001,0.3769327,-0.13380561,10.0,0.0234375
2015-02,ZC,0.04089764,0.34099405,-0.13256073,9.0,0.0078125
2015-03,ZC,0.03321211,0.34658935,-0.12597871,9.0,0.0078125
2015-04,ZC,0.04422294,0.27008522,-0.06162358,9.0,0.0078125
2015-05,ZC,0.01984266,0.13075915,-0.09559008,6.0,-0.0390625
2015-06,ZC,0.02066043,0.13526999,-0.11275232,7.0,-0.0234375
2015-07,ZC,0.02478186,0.2962678,-0.10938742,8.0,-0.0078125
2015-08,ZC,0.0091732,0.33503848,-0.12493016,7.0,-0.0234375
2015-09,ZC,0.02201037,0.32779272,-0.11227966,9.0,0.0078125
2015-10,ZC,0.01973267,0.32979818,-0.09597113,10.0,0.0234375
2015-11,ZC,0.02534748,0.32640364,-0.07894344,10.0,0.0234375
2015-12,ZC,0.02622241,0.32729524,-0.09679602,11.0,0.0390625
2016-01,ZC,0.03034736,0.16193431,-0.0772381,11.0,0.0390625
2016-02,ZC,0.03297173,0.10396581,-0.05997585,13.0,0.0703125
2016-03,ZC,0.03408128,0.11947165,-0.07080269,13.0,0.0703125
2016-04,ZC,0.0315156,0.10960598,-0.02260027,13.0,0.0703125
2016-05,ZC,0.03196784,0.20732386,-0.02903828,13.0,0.0703125
2016-06,ZC,0.02116972,0.19148159,-0.10981366,12.0,0.0546875
2016-07,ZC,0.03820247,0.26649253,-0.09779243,15.0,0.1015625
2016-08,ZC,0.02105063,0.26065263,-0.18217813,12.0,0.0546875
2016-09,ZC,0.04092381,0.28637209,-0.11583296,14.0,0.0859375
2016-10,ZC,0.04310206,0.32919221,-0.09050317,14.0,0.0859375
2016-11,ZC,0.02686287,0.29147627,-0.13919034,12.0,0.0546875
2016-12,ZC,0.0402477,0.28851277,-0.09598143,12.0,0.0546875
2017-01,ZC,0.03258659,0.25629854,-0.12351952,12.0,0.0546875
2017-02,ZC,0.03079669,0.24850928,-0.11704534,11.0,0.0390625
2017-03,ZC,0.02012832,0.16103529,-0.11816209,9.0,0.0078125
2017-04,ZC,0.00886172,0.14614912,-0.13604423,5.0,-0.0546875
2017-05,ZC,0.01411844,0.12827454,-0.1253479,8.0,-0.0078125
2017-06,ZC,0.02116126,0.09784244,-0.16463308,11.0,0.0390625
2017-07,ZC,-0.00096384,0.07603665,-0.14877231,4.0,-0.0703125
2017-08,ZC,0.01283322,0.08260679,-0.17778024,8.0,-0.0078125
2017-09,ZC,0.00287006,0.10960826,-0.14034363,5.0,-0.0546875
2017-10,ZC,-0.00778798,0.11530962,-0.15826772,4.0,-0.0703125
2017-11,ZC,0.0030583,0.11517025,-0.16293706,6.0,-0.0390625
2017-12,ZC,-0.01668075,0.1037406,-0.13920617,1.0,-0.1171875
2018-01,ZC,-0.01087246,0.1016045,-0.13106307,4.0,-0.0703125
2018-02,ZC,-0.00985837,0.12664986,-0.11872904,4.0,-0.0703125
2018-03,ZC,-0.00067448,0.08544557,-0.13200453,5.0,-0.0546875
2018-04,ZC,0.00329319,0.09109112,-0.12662764,6.0,-0.0390625
2018-05,ZC,0.00255377,0.06974882,-0.13453843,5.0,-0.0546875
2018-06,ZC,0.00636111,0.08796369,-0.15112649,5.0,-0.0546875
2018-07,ZC,0.00500101,0.20448635,-0.15078081,6.0,-0.0390625
2018-08,ZC,0.01068324,0.21301368,-0.15698176,6.0,-0.0390625
2018-09,ZC,0.00096705,0.21242041,-0.13169376,3.0,-0.0859375
2018-10,ZC,0.00400115,0.19725156,-0.13730448,3.0,-0.0859375
2018-11,ZC,0.00875035,0.20117883,-0.12269997,4.0,-0.0703125
2018-12,ZC,0.00958016,0.20785124,-0.12639424,6.0,-0.0390625
2019-01,ZC,0.00635473,0.12951955,-0.13756409,4.0,-0.0703125
2019-02,ZC,0.00338549,0.1013806,-0.14300896,5.0,-0.0546875
2019-03,ZC,-0.00419075,0.08025861,-0.16703638,4.0,-0.0703125
2019-04,ZC,-0.00394055,0.0947376,-0.16001945,4.0,-0.0703125
2019-05,ZC,0.00302644,0.08165095,-0.12092807,4.0,-0.0703125
2019-06,ZC,0.01609486,0.26935517,-0.06175037,9.0,0.0078125
2019-07,ZC,0.02129169,0.27185816,-0.09660183,8.0,-0.0078125
2019-08,ZC,0.01461032,0.29106677,-0.12962006,5.0,-0.0546875
2019-09,ZC,0.01524184,0.32897415,-0.11723492,7.0,-0.0234375
2019-10,ZC,0.02364487,0.32752196,-0.08905644,11.0,0.0390625
2019-11,ZC,0.0156545,0.32732539,-0.10668366,8.0,-0.0078125
2019-12,ZC,0.00732302,0.17435849,-0.1054032,6.0,-0.0390625
2020-01,ZC,0.0134038,0.17540954,-0.08057026,8.0,-0.0078125
2020-02,ZC,0.02322615,0.16903972,-0.02806259,10.0,0.0234375
2020-03,ZC,0.03728054,0.09729963,-0.09155024,13.0,0.0703125
2020-04,ZC,0.02451512,0.06880589,-0.16119894,7.0,-0.0234375
2020-05,ZC,0.0530084,0.09727861,-0.0763634,12.0,0.0546875
2020-06,ZC,0.04812997,0.15469168,-0.04497067,10.0,0.0234375
2020-07,ZC,0.06613151,0.15830081,-0.13734186,11.0,0.0390625
2020-08,ZC,0.08237958,0.15974078,-0.10514459,14.0,0.0859375
2020-09,ZC,0.07840504,0.22392179,-0.10008372,13.0,0.0703125
2020-10,ZC,0.08364857,0.22735272,-0.04918099,13.0,0.0703125
2020-11,ZC,0.08510946,0.13438678,-0.06134561,13.0,0.0703125
2020-12,ZC,0.10014805,0.13494276,0.00899088,12.0,0.0546875
2021-01,ZC,0.09346829,0.16026998,-0.00529705,12.0,0.0546875
2021-02,ZC,0.09997509,0.12434758,0.08410112,12.0,0.0546875
2021-03,ZC,0.11524551,0.15525832,0.18043921,13.0,0.0703125
2021-04,ZC,0.19127597,0.15944377,0.56603843,16.0,0.1171875
2021-05,ZC,0.1206479,0.32106734,0.8010846,16.0,0.1171875
2021-06,ZC,0.16290991,0.36513344,1.08144833,15.0,0.1015625
2021-07,ZC,0.12881648,0.36010134,0.01286161,15.0,0.1015625
2021-08,ZC,0.11712226,0.42418156,-0.00187865,15.0,0.1015625
2021-09,ZC,0.08767526,0.43605549,-0.05817826,15.0,0.1015625
2021-10,ZC,0.0757666,0.4585492,-0.05673603,15.0,0.1015625
2021-11,ZC,0.09179611,0.23232581,-0.0035772,15.0,0.1015625
2021-12,ZC,0.07972891,0.23063711,-0.01793079,15.0,0.1015625
2022-01,ZC,0.08753791,0.18406417,0.01460417,14.0,0.0859375
2022-02,ZC,0.07944361,0.15581583,0.0591982,14.0,0.0859375
2022-03,ZC,-0.00917935,0.19238088,0.12524215,5.0,-0.0546875
2022-04,ZC,-0.08901531,0.12689914,0.03429808,1.0,-0.1171875
2022-05,ZC,-0.02336865,0.14010511,0.2271464,4.0,-0.0703125
2022-06,ZC,0.05845439,0.18226695,0.98954022,11.0,0.0390625
2022-07,ZC,0.03298611,0.20078568,-0.02435035,9.0,0.0078125
2022-08,ZC,0.04756073,0.23076301,0.0194081,11.0,0.0390625
2022-09,ZC,0.11344427,0.21453025,-0.03875045,13.0,0.0703125
2022-10,ZC,0.11507375,0.2193494,-0.03069527,13.0,0.0703125
2022-11,ZC,0.10201409,0.18766606,-0.03053689,10.0,0.0234375
2022-12,ZC,0.09559044,0.18873832,0.00456371,11.0,0.0390625
2023-01,ZC,0.09282423,0.18498609,0.02052538,11.0,0.0390625
2023-02,ZC,0.08099248,0.15662457,-0.00737132,11.0,0.0390625
2023-03,ZC,0.17027521,0.16008897,0.21914166,13.0,0.0703125
2023-04,ZC,0.23150083,0.15895431,0.48460394,16.0,0.1171875
2023-05,ZC,0.20383675,0.15660014,0.82645574,16.0,0.1171875
2023-06,ZC,0.06086204,0.15175679,0.74656708,11.0,0.0390625
2023-07,ZC,0.1505616,0.16981514,-0.07104143,16.0,0.1171875
2023-08,ZC,0.12062344,0.22011916,-0.14744687,16.0,0.1171875
2023-09,ZC,0.08588768,0.22986971,-0.12433838,15.0,0.1015625
2023-10,ZC,0.08555041,0.20958169,-0.11772543,14.0,0.0859375
2023-11,ZC,0.07036672,0.20834465,-0.17851213,14.0,0.0859375
2023-12,ZC,0.0709721,0.20828446,-0.15984878,14.0,0.0859375
2024-01,ZC,0.07248075,0.19360926,-0.13537709,14.0,0.0859375
2024-02,ZC,0.06705855,0.12231049,-0.19482569,14.0,0.0859375
2024-03,ZC,0.04629475,0.10791038,-0.17264582,11.0,0.0390625
2024-04,ZC,0.01203319,0.12979124,-0.10128839,8.0,-0.0078125
2024-05,ZC,0.00268535,0.12467087,-0.09982262,6.0,-0.0390625
2024-06,ZC,0.00798893,0.12858879,-0.14769508,6.0,-0.0390625
2024-07,ZC,-0.01617717,0.18484561,-0.17442621,5.0,-0.0546875
2024-08,ZC,-0.01275109,0.18401167,-0.23708029,4.0,-0.0703125
2024-09,ZC,0.00533267,0.17038433,-0.15296689,5.0,-0.0546875
2024-10,ZC,0.00534135,0.19254739,-0.14631911,4.0,-0.0703125
2024-11,ZC,0.03357506,0.1922568,-0.09378315,8.0,-0.0078125
2024-12,ZC,0.03523798,0.20539754,-0.09393941,9.0,0.0078125
2025-01,ZC,0.02427465,0.13587624,-0.13511292,8.0,-0.0078125
2025-02,ZC,0.02209513,0.12963047,-0.20761187,8.0,-0.0078125
2025-03,ZC,0.03145396,0.17259281,-0.07805918,8.0,-0.0078125
2025-04,ZC,0.01546151,0.16010439,-0.10479942,7.0,-0.0234375
2025-05,ZC,0.01890069,0.14713427,0.29135713,7.0,-0.0234375
2025-06,ZC,0.00641468,0.18736776,0.16508243,6.0,-0.0390625
2025-07,ZC,-0.02251349,0.17318229,-0.19631592,3.0,-0.0859375
2025-08,ZC,-0.01239033,0.12459135,-0.21833829,3.0,-0.0859375
2025-09,ZC,-0.02169435,0.12999856,-0.15630683,2.0,-0.1015625
2025-10,ZC,-0.01296469,0.12824058,-0.11462047,3.0,-0.0859375
2025-11,ZC,-0.02523692,0.14342311,-0.11134203,1.0,-0.1171875
2025-12,ZC,-0.01835919,0.11763818,-0.1060896,1.0,-0.1171875
2026-01,ZC,-0.01083603,0.08802699,-0.10227911,2.0,-0.1015625
2026-02,ZC,-0.00334542,0.07919694,-0.12948058,2.0,-0.1015625
2026-03,ZC,-0.02518078,0.08498471,-0.1357961,1.0,-0.1171875
2026-04,ZC,-0.01932449,0.08331521,-0.12747059,3.0,-0.0859375
2026-05,ZC,-0.03272939,0.07181328,-0.1175001,3.0,-0.0859375
2026-06,ZC,-0.00168529,0.10774296,-0.05681663,5.0,-0.0546875
2026-07,ZC,-0.00677018,0.15385791,-0.20633306,4.0,-0.0703125
2011-05,ZL,0.02508815,0.22299169,-0.06014938,10.0,0.03571429
2011-06,ZL,0.02525946,0.22692372,-0.04112227,12.0,0.07142857
2011-07,ZL,0.0240545,0.15873475,-0.02979324,13.0,0.08928571
2011-08,ZL,0.02596917,0.15982299,-0.02907712,13.0,0.08928571
2011-09,ZL,0.02336734,0.16129364,-0.0310864,12.0,0.07142857
2011-10,ZL,0.02290279,0.23810958,-0.06170579,12.0,0.07142857
2011-11,ZL,0.02312582,0.24383862,-0.05670254,12.0,0.07142857
2011-12,ZL,0.02588562,0.23792233,-0.03781359,12.0,0.07142857
2012-01,ZL,0.02202572,0.26825136,-0.05156795,11.0,0.05357143
2012-02,ZL,0.02485182,0.26556613,-0.04191852,10.0,0.03571429
2012-03,ZL,0.01629349,0.27961882,-0.04512949,7.0,-0.01785714
2012-04,ZL,0.01415293,0.1420355,-0.04328019,7.0,-0.01785714
2012-05,ZL,0.01140183,0.14614531,-0.05092472,8.0,0.0
2012-06,ZL,0.01091101,0.20673057,-0.03928362,7.0,-0.01785714
2012-07,ZL,0.00794546,0.20067935,-0.05145588,4.0,-0.07142857
2012-08,ZL,0.00710417,0.20319694,-0.05306928,4.0,-0.07142857
2012-09,ZL,0.00607465,0.2130766,-0.05308807,3.0,-0.08928571
2012-10,ZL,0.00573292,0.22587423,-0.08659162,3.0,-0.08928571
2012-11,ZL,0.00601469,0.2293347,-0.07842984,4.0,-0.07142857
2012-12,ZL,0.0014802,0.18058352,-0.06763098,3.0,-0.08928571
2013-01,ZL,0.0060017,0.15410531,-0.0473874,3.0,-0.08928571
2013-02,ZL,0.00617806,0.18266111,-0.03668199,4.0,-0.07142857
2013-03,ZL,0.00720911,0.16177086,-0.02957925,5.0,-0.05357143
2013-04,ZL,0.00985316,0.16100506,-0.01133017,8.0,0.0
2013-05,ZL,-0.00307378,0.15777469,0.0,3.0,-0.08928571
2013-06,ZL,-0.00128922,0.1578877,0.03104012,3.0,-0.08928571
2013-07,ZL,-0.01049143,0.16186955,-0.05195598,3.0,-0.08928571
2013-08,ZL,-0.00646058,0.12826969,-0.02145643,4.0,-0.07142857
2013-09,ZL,-0.00752047,0.13294414,-0.04012281,5.0,-0.05357143
2013-10,ZL,-0.00624835,0.13003385,-0.08255144,5.0,-0.05357143
2013-11,ZL,-0.00565808,0.13785988,-0.06790736,4.0,-0.07142857
2013-12,ZL,7.667e-05,0.13644896,-0.04923978,5.0,-0.05357143
2014-01,ZL,-0.00461598,0.13570996,-0.04595588,4.0,-0.07142857
2014-02,ZL,-0.00521068,0.10770796,-0.03881133,4.0,-0.07142857
2014-03,ZL,-0.00657107,0.19902155,-0.03102828,2.0,-0.10714286
2014-04,ZL,-0.00981376,0.18216424,-0.0327938,2.0,-0.10714286
2014-05,ZL,-0.00027443,0.19026602,-0.0336156,2.0,-0.10714286
2014-06,ZL,-0.0027965,0.22268946,-0.0302886,3.0,-0.08928571
2014-07,ZL,0.00724432,0.21706607,-0.01742747,7.0,-0.01785714
2014-08,ZL,0.00920675,0.23683223,0.01069233,5.0,-0.05357143
2014-09,ZL,0.01045822,0.19294363,-0.01915434,5.0,-0.05357143
2014-10,ZL,0.00913256,0.18635034,-0.06975102,5.0,-0.05357143
2014-11,ZL,0.01073907,0.23071207,-0.03776954,5.0,-0.0546875
2014-12,ZL,0.01002226,0.22971447,-0.03339769,6.0,-0.0390625
2015-01,ZL,0.00433666,0.21941555,-0.04694152,5.0,-0.0546875
2015-02,ZL,0.00654888,0.21910308,-0.02687972,6.0,-0.0390625
2015-03,ZL,0.006729,0.25890505,-0.045146,5.0,-0.0546875
2015-04,ZL,0.01013045,0.26510353,-0.02654465,4.0,-0.0703125
2015-05,ZL,0.00842169,0.23806525,-0.00706794,4.0,-0.0703125
2015-06,ZL,0.00606102,0.23233489,-0.03155494,5.0,-0.0546875
2015-07,ZL,0.0044346,0.22901438,-0.04706634,4.0,-0.0703125
2015-08,ZL,-0.00192417,0.24321477,-0.04787316,2.0,-0.1015625
2015-09,ZL,-0.002343,0.21738995,-0.05279421,3.0,-0.0859375
2015-10,ZL,0.0027829,0.20626028,-0.13294649,4.0,-0.0703125
2015-11,ZL,0.00024048,0.21289749,-0.12885715,3.0,-0.0859375
2015-12,ZL,0.00192149,0.19724006,-0.03972282,3.0,-0.0859375
2016-01,ZL,0.0086914,0.21695663,-0.04125802,5.0,-0.0546875
2016-02,ZL,0.00458499,0.16890805,-0.04552533,5.0,-0.0546875
2016-03,ZL,0.00684097,0.10590039,-0.03775278,8.0,-0.0078125
2016-04,ZL,0.00226635,0.13772907,-0.04640114,4.0,-0.0703125
2016-05,ZL,0.00630955,0.17303064,-0.04740844,4.0,-0.0703125
2016-06,ZL,0.00738324,0.19775661,-0.06006128,6.0,-0.0390625
2016-07,ZL,0.02790736,0.18821912,-0.04730777,13.0,0.0703125
2016-08,ZL,0.02864193,0.19140122,-0.04864767,14.0,0.0859375
2016-09,ZL,0.03066206,0.21072058,-0.03591915,11.0,0.0390625
2016-10,ZL,0.02637775,0.13343696,-0.07592145,12.0,0.0546875
2016-11,ZL,0.02684499,0.1287852,-0.06600721,11.0,0.0390625
2016-12,ZL,0.02289673,0.11301519,-0.04229895,10.0,0.0234375
2017-01,ZL,0.02122966,0.17061861,-0.05281093,9.0,0.0078125
2017-02,ZL,0.02336285,0.1648377,-0.04394466,10.0,0.0234375
2017-03,ZL,0.01405854,0.14130154,-0.05266472,7.0,-0.0234375
2017-04,ZL,0.01637732,0.16789225,-0.04773241,9.0,0.0078125
2017-05,ZL,0.01726152,0.15738199,-0.04877235,11.0,0.0390625
2017-06,ZL,0.01907075,0.11136644,-0.03929209,9.0,0.0078125
2017-07,ZL,0.00238333,0.13336693,-0.03389605,5.0,-0.0546875
2017-08,ZL,-0.00901729,0.16193459,-0.03623371,2.0,-0.1015625
2017-09,ZL,-0.01312925,0.1623631,-0.04504632,3.0,-0.0859375
2017-10,ZL,-0.01321676,0.15306106,-0.06146476,2.0,-0.1015625
2017-11,ZL,-0.01210949,0.16258226,-0.03726283,2.0,-0.1015625
2017-12,ZL,-0.01167528,0.16414743,-0.0324929,4.0,-0.0703125
2018-01,ZL,-0.01193157,0.15475642,-0.0379027,3.0,-0.0859375
2018-02,ZL,-0.01544626,0.12578267,-0.05037202,1.0,-0.1171875
2018-03,ZL,0.0018669,0.12502134,-0.04946121,6.0,-0.0390625
2018-04,ZL,0.00028432,0.10120441,-0.05391621,4.0,-0.0703125
2018-05,ZL,0.00463116,0.05491998,-0.04392845,6.0,-0.0390625
2018-06,ZL,0.00390481,0.08849549,-0.04303508,4.0,-0.0703125
2018-07,ZL,0.00033761,0.11421738,-0.06543444,4.0,-0.0703125
2018-08,ZL,0.00811363,0.11921545,-0.06421426,5.0,-0.0546875
2018-09,ZL,0.0116239,0.11904037,-0.06232978,6.0,-0.0390625
2018-10,ZL,0.0114693,0.12567627,-0.09214753,6.0,-0.0390625
2018-11,ZL,0.0087787,0.12376402,-0.10120828,5.0,-0.0546875
2018-12,ZL,0.00988673,0.10755074,-0.06704771,7.0,-0.0234375
2019-01,ZL,0.0130517,0.07257331,-0.06121038,8.0,-0.0078125
2019-02,ZL,0.01572384,0.14620017,-0.05767972,7.0,-0.0234375
2019-03,ZL,0.00854997,0.1465997,-0.07161951,5.0,-0.0546875
2019-04,ZL,0.01003202,0.1704896,-0.06697517,7.0,-0.0234375
2019-05,ZL,0.00649261,0.16158451,-0.05202916,7.0,-0.0234375
2019-06,ZL,0.00652229,0.16334825,-0.05083435,6.0,-0.0390625
2019-07,ZL,0.00775483,0.16740898,-0.05690285,6.0,-0.0390625
2019-08,ZL,0.01596072,0.0906266,0.0,6.0,-0.0390625
2019-09,ZL,0.01678427,0.1164825,-0.01886948,8.0,-0.0078125
2019-10,ZL,0.01626283,0.09508298,-0.08137085,7.0,-0.0234375
2019-11,ZL,0.01891493,0.10927704,-0.05987719,9.0,0.0078125
2019-12,ZL,0.01752542,0.10581477,-0.05005484,8.0,-0.0078125
2020-01,ZL,0.00947786,0.1617439,-0.07041274,7.0,-0.0234375
2020-02,ZL,0.00785562,0.26473015,-0.07649582,6.0,-0.0390625
2020-03,ZL,0.01034027,0.26806939,-0.07709125,6.0,-0.0390625
2020-04,ZL,0.00845756,0.26789731,-0.08387231,3.0,-0.0859375
2020-05,ZL,0.01221492,0.25224455,-0.07292883,4.0,-0.0703125
2020-06,ZL,0.0125205,0.25867722,-0.06805655,4.0,-0.0703125
2020-07,ZL,0.03794788,0.19252575,0.16892416,8.0,-0.0078125
2020-08,ZL,0.03309885,0.18579139,0.08525686,7.0,-0.0234375
2020-09,ZL,0.03494666,0.17568014,0.04321971,6.0,-0.0390625
2020-10,ZL,0.02606483,0.16930264,0.05270141,5.0,-0.0546875
2020-11,ZL,0.03005784,0.13575527,0.12193503,6.0,-0.0390625
2020-12,ZL,0.06959818,0.16551214,0.13903128,11.0,0.0390625
2021-01,ZL,0.07319886,0.18954689,0.09299441,11.0,0.0390625
2021-02,ZL,0.08583922,0.19225264,0.16029194,11.0,0.0390625
2021-03,ZL,0.09788347,0.21384832,0.24952381,11.0,0.0390625
2021-04,ZL,0.1501879,0.19161418,0.55592623,13.0,0.0703125
2021-05,ZL,0.08769448,0.26578403,0.65775438,15.0,0.1015625
2021-06,ZL,0.06032247,0.35311295,0.32953482,12.0,0.0546875
2021-07,ZL,0.0140924,0.37132355,0.24539777,7.0,-0.0234375
2021-08,ZL,0.01444675,0.38622963,0.09678275,7.0,-0.0234375
2021-09,ZL,0.00444332,0.42607938,0.01019358,5.0,-0.0546875
2021-10,ZL,0.00314615,0.43237632,0.04238227,6.0,-0.0390625
2021-11,ZL,-0.00813998,0.14373928,-0.02136015,3.0,-0.0859375
2021-12,ZL,-0.05012647,0.18286148,-0.025239,1.0,-0.1171875
2022-01,ZL,-0.0471583,0.21328086,0.00093921,1.0,-0.1171875
2022-02,ZL,-0.05383131,0.32037337,0.03097971,1.0,-0.1171875
2022-03,ZL,-0.05021634,0.31825991,0.11053099,1.0,-0.1171875
2022-04,ZL,-0.06256325,0.29870771,0.3392542,2.0,-0.1015625
2022-05,ZL,-0.01925594,0.41036341,0.25141515,5.0,-0.0546875
2022-06,ZL,0.03039365,0.38345599,0.53720567,10.0,0.0234375
2022-07,ZL,0.05144029,0.46865527,0.34411627,10.0,0.0234375
2022-08,ZL,0.09264494,0.45710742,0.66031431,12.0,0.0546875
2022-09,ZL,0.08663725,0.44701958,0.35773622,11.0,0.0390625
2022-10,ZL,0.09592256,0.47171305,0.440251,10.0,0.0234375
2022-11,ZL,0.11072437,0.3772635,0.55459591,12.0,0.0546875
2022-12,ZL,0.08625302,0.35729941,-0.02475371,10.0,0.0234375
2023-01,ZL,0.08475888,0.36882342,-0.015871,10.0,0.0234375
2023-02,ZL,0.07754597,0.36812939,-0.02997412,10.0,0.0234375
2023-03,ZL,0.05553855,0.34312885,-0.01356657,9.0,0.0078125
2023-04,ZL,0.01789166,0.34369415,-0.0067362,5.0,-0.0546875
2023-05,ZL,0.02313355,0.1810361,-0.02801965,5.0,-0.0546875
2023-06,ZL,0.05507774,0.12277738,0.6157075,10.0,0.0234375
2023-07,ZL,0.06451156,0.57470483,0.45233898,13.0,0.0703125
2023-08,ZL,-0.01285785,0.58021565,0.30941341,4.0,-0.0703125
2023-09,ZL,0.00627566,0.57117975,0.16748224,5.0,-0.0546875
2023-10,ZL,-0.00386832,0.58820815,0.14535023,7.0,-0.0234375
2023-11,ZL,-0.02422668,0.62001329,0.00722802,6.0,-0.0390625
2023-12,ZL,-0.00078257,0.59783341,-0.04172031,7.0,-0.0234375
2024-01,ZL,-0.00204936,0.29339303,-0.06727829,8.0,-0.0078125
2024-02,ZL,-0.00077522,0.2267748,-0.07328984,6.0,-0.0390625
2024-03,ZL,0.00228261,0.20910457,-0.06805128,7.0,-0.0234375
2024-04,ZL,-0.00478498,0.22673822,-0.104511,7.0,-0.0234375
2024-05,ZL,0.00589571,0.21506522,-0.0630391,7.0,-0.0234375
2024-06,ZL,-0.04987469,0.24008683,-0.07560263,4.0,-0.0703125
2024-07,ZL,-0.05981607,0.22296042,0.01125231,3.0,-0.0859375
2024-08,ZL,-0.02603503,0.22544915,0.16779033,3.0,-0.0859375
2024-09,ZL,-0.04691819,0.22682136,0.02804658,3.0,-0.0859375
2024-10,ZL,-0.03607873,0.22387417,0.01771388,3.0,-0.0859375
2024-11,ZL,-0.02978347,0.11136539,-0.03560478,3.0,-0.0859375
2024-12,ZL,-0.03365787,0.15593686,-0.08960958,4.0,-0.0703125
2025-01,ZL,-0.02805605,0.1507817,-0.05300605,4.0,-0.0703125
2025-02,ZL,-0.03166243,0.24604892,-0.08061151,3.0,-0.0859375
2025-03,ZL,-0.03243416,0.26781781,-0.06632439,2.0,-0.1015625
2025-04,ZL,-0.02346388,0.26353122,-0.04787734,2.0,-0.1015625
2025-05,ZL,-0.03291526,0.2847313,-0.0551511,2.0,-0.1015625
2025-06,ZL,-0.02976191,0.24083852,-0.03137157,2.0,-0.1015625
2025-07,ZL,-0.01962888,0.2502382,0.07044487,4.0,-0.0703125
2025-08,ZL,-0.03032182,0.20884331,-0.05089151,2.0,-0.1015625
2025-09,ZL,-0.01992571,0.25637849,-0.07804537,3.0,-0.0859375
2025-10,ZL,-0.02186446,0.29246242,-0.08831946,1.0,-0.1171875
2025-11,ZL,-0.01480071,0.2731199,-0.06183954,2.0,-0.1015625
2025-12,ZL,-0.00613079,0.28789977,-0.06386752,3.0,-0.0859375
2026-01,ZL,-0.0044418,0.2296367,-0.06024262,3.0,-0.0859375
2026-02,ZL,0.00129914,0.23825166,-0.05358218,4.0,-0.0703125
2026-03,ZL,0.00299064,0.27787629,0.0,3.0,-0.0859375
2026-04,ZL,0.02403292,0.29715077,0.14444203,6.0,-0.0390625
2026-05,ZL,0.02144211,0.26648768,0.24973408,5.0,-0.0546875
2026-06,ZL,-0.00461474,0.27522423,-0.03349488,4.0,-0.0703125
2026-07,ZL,-0.01536177,0.39600345,-0.02455003,3.0,-0.0859375
2011-05,ZM,0.02664142,0.19873881,-0.03186325,11.0,0.05357143
2011-06,ZM,0.01814079,0.19872743,-0.08690031,9.0,0.01785714
2011-07,ZM,-0.00534497,0.17367343,-0.0502529,2.0,-0.10714286
2011-08,ZM,-0.01915396,0.18879966,-0.06059606,2.0,-0.10714286
2011-09,ZM,0.00218605,0.18884711,-0.07615315,4.0,-0.07142857
2011-10,ZM,0.00682345,0.36242219,-0.0729619,9.0,0.01785714
2011-11,ZM,0.00868273,0.38017482,-0.07523196,8.0,0.0
2011-12,ZM,-0.00027828,0.38539713,-0.07117998,3.0,-0.08928571
2012-01,ZM,0.01635457,0.40481407,-0.03738823,8.0,0.0
2012-02,ZM,0.02627066,0.40818549,-0.02891384,11.0,0.05357143
2012-03,ZM,0.02756674,0.42400546,-0.01564107,9.0,0.01785714
2012-04,ZM,0.0308194,0.22876947,-0.01679698,10.0,0.03571429
2012-05,ZM,0.04732246,0.24865018,0.36154167,12.0,0.07142857
2012-06,ZM,0.03503766,0.23919549,0.17144495,10.0,0.03571429
2012-07,ZM,0.07884524,0.24787485,0.64460714,12.0,0.07142857
2012-08,ZM,0.05129642,0.3427857,0.26251529,12.0,0.07142857
2012-09,ZM,0.03981802,0.35883866,0.0011906,11.0,0.05357143
2012-10,ZM,0.05560369,0.40580619,0.17229429,11.0,0.05357143
2012-11,ZM,0.05826528,0.39472567,0.20145694,12.0,0.07142857
2012-12,ZM,0.04438724,0.40089935,0.01768766,12.0,0.07142857
2013-01,ZM,0.02526923,0.39978917,0.04652037,11.0,0.05357143
2013-02,ZM,0.01424638,0.17188855,-0.01100681,10.0,0.03571429
2013-03,ZM,0.00758423,0.17347938,0.06305303,7.0,-0.01785714
2013-04,ZM,0.03033987,0.17573256,0.20275034,11.0,0.05357143
2013-05,ZM,0.08386527,0.19844508,0.54274124,13.0,0.08928571
2013-06,ZM,0.17138504,0.2751124,1.32708971,14.0,0.10714286
2013-07,ZM,0.1257302,0.25825557,0.90291032,13.0,0.08928571
2013-08,ZM,0.1811833,0.25745691,1.04671479,14.0,0.10714286
2013-09,ZM,0.17373168,0.27359664,0.06719987,14.0,0.10714286
2013-10,ZM,0.18667463,0.23160306,0.20257961,14.0,0.10714286
2013-11,ZM,0.21124154,0.23764273,0.51123917,15.0,0.125
2013-12,ZM,0.27071675,0.20942203,0.29992301,15.0,0.125
2014-01,ZM,0.27962542,0.21265053,0.21458477,15.0,0.125
2014-02,ZM,0.27543606,0.21851736,0.13197291,15.0,0.125
2014-03,ZM,0.28181412,0.1900516,0.19941809,15.0,0.125
2014-04,ZM,0.24639357,0.15472231,0.12244731,15.0,0.125
2014-05,ZM,0.17507829,0.15184837,0.63637966,15.0,0.125
2014-06,ZM,0.11231364,0.10218836,0.73182196,15.0,0.125
2014-07,ZM,0.15244778,0.20898455,0.98025943,15.0,0.125
2014-08,ZM,0.34737052,0.23447078,2.17962297,15.0,0.125
2014-09,ZM,0.38641227,0.46414062,0.1169442,15.0,0.125
2014-10,ZM,0.45707726,0.53074533,0.65341309,15.0,0.125
2014-11,ZM,0.43651056,0.67139131,0.72508336,16.0,0.1171875
2014-12,ZM,0.43061806,0.67441291,0.30069187,16.0,0.1171875
2015-01,ZM,0.36510392,0.6341235,0.10631168,16.0,0.1171875
2015-02,ZM,0.39332423,0.65616134,0.19128173,16.0,0.1171875
2015-03,ZM,0.39227136,0.53511299,0.02938757,16.0,0.1171875
2015-04,ZM,0.40903714,0.46990175,0.0528053,16.0,0.1171875
2015-05,ZM,0.44365461,0.1920996,0.28476964,16.0,0.1171875
2015-06,ZM,0.43275187,0.19190055,0.25175307,16.0,0.1171875
2015-07,ZM,0.44275917,0.3106505,0.54051856,16.0,0.1171875
2015-08,ZM,0.20961042,0.25405342,0.28016209,15.0,0.1015625
2015-09,ZM,0.16663501,0.26383177,-0.01357977,15.0,0.1015625
2015-10,ZM,0.06797695,0.27155883,0.0504262,12.0,0.0546875
2015-11,ZM,0.0547652,0.26652845,-0.02894397,12.0,0.0546875
2015-12,ZM,0.01319315,0.28843249,-0.02757649,8.0,-0.0078125
2016-01,ZM,0.07452584,0.12785304,-0.04453202,12.0,0.0546875
2016-02,ZM,0.05515238,0.13302573,-0.07466556,14.0,0.0859375
2016-03,ZM,0.05619902,0.1342545,-0.06071147,14.0,0.0859375
2016-04,ZM,0.05449641,0.16990059,-0.04770171,14.0,0.0859375
2016-05,ZM,0.05671994,0.36592262,0.36406564,14.0,0.0859375
2016-06,ZM,0.02938331,0.40584175,-0.01552808,14.0,0.0859375
2016-07,ZM,-0.00228931,0.35232931,0.00316279,6.0,-0.0390625
2016-08,ZM,0.00938493,0.44164773,0.14909951,7.0,-0.0234375
2016-09,ZM,0.03434325,0.49701702,-0.03407239,12.0,0.0546875
2016-10,ZM,0.02133447,0.50363392,-0.06913268,11.0,0.0390625
2016-11,ZM,0.02776204,0.40989838,-0.07289292,13.0,0.0703125
2016-12,ZM,0.03069082,0.26207486,-0.07156159,11.0,0.0390625
2017-01,ZM,0.02739753,0.24941334,-0.06075658,11.0,0.0390625
2017-02,ZM,0.03080144,0.21321951,-0.07032834,12.0,0.0546875
2017-03,ZM,0.02948586,0.09814473,-0.06356692,13.0,0.0703125
2017-04,ZM,0.02517389,0.16098712,-0.07576279,13.0,0.0703125
2017-05,ZM,-0.01373653,0.12483987,-0.05127016,1.0,-0.1171875
2017-06,ZM,0.01485794,0.12761133,-0.06946651,6.0,-0.0390625
2017-07,ZM,-0.00309472,0.14347005,-0.07740601,1.0,-0.1171875
2017-08,ZM,-0.01095997,0.15980494,-0.09380077,1.0,-0.1171875
2017-09,ZM,-0.01396712,0.18206214,-0.08076599,2.0,-0.1015625
2017-10,ZM,-0.00701175,0.1791299,-0.08052986,5.0,-0.0546875
2017-11,ZM,-0.00645343,0.17803932,-0.07738782,4.0,-0.0703125
2017-12,ZM,-0.00956608,0.16760981,-0.07991336,5.0,-0.0546875
2018-01,ZM,-0.00103784,0.17435218,-0.06522811,6.0,-0.0390625
2018-02,ZM,0.0101344,0.18602879,-0.00758994,7.0,-0.0234375
2018-03,ZM,0.00427102,0.21823145,-0.03635283,7.0,-0.0234375
2018-04,ZM,0.00802008,0.24284708,-0.02633609,7.0,-0.0234375
2018-05,ZM,0.01070732,0.23657743,-0.02733908,7.0,-0.0234375
2018-06,ZM,0.02007025,0.25033276,0.06190227,11.0,0.0390625
2018-07,ZM,0.02209309,0.32090531,0.04497711,10.0,0.0234375
2018-08,ZM,0.01863768,0.31881285,-0.03859999,9.0,0.0078125
2018-09,ZM,0.01366105,0.22709033,-0.06794163,7.0,-0.0234375
2018-10,ZM,0.00730236,0.24174793,-0.0690144,5.0,-0.0546875
2018-11,ZM,0.0057998,0.23131424,-0.08377853,3.0,-0.0859375
2018-12,ZM,0.01768403,0.23723757,-0.07435736,8.0,-0.0078125
2019-01,ZM,0.01273758,0.17449776,-0.0767665,6.0,-0.0390625
2019-02,ZM,0.00376698,0.15286154,-0.07284163,6.0,-0.0390625
2019-03,ZM,0.01035379,0.05812683,-0.07029231,6.0,-0.0390625
2019-04,ZM,0.00630657,0.04397905,-0.08516081,6.0,-0.0390625
2019-05,ZM,0.00504054,0.05932615,-0.04812261,5.0,-0.0546875
2019-06,ZM,-0.00543211,0.120693,-0.07749873,4.0,-0.0703125
2019-07,ZM,-0.00731534,0.12549992,-0.09354481,5.0,-0.0546875
2019-08,ZM,0.00015247,0.1364474,-0.09734107,4.0,-0.0703125
2019-09,ZM,0.00113303,0.13664858,-0.10402749,5.0,-0.0546875
2019-10,ZM,0.00594789,0.14356064,-0.09335945,5.0,-0.0546875
2019-11,ZM,0.00784603,0.14208781,-0.08599677,6.0,-0.0390625
2019-12,ZM,-0.00295472,0.10564377,-0.0982993,5.0,-0.0546875
2020-01,ZM,-0.00378767,0.1076362,-0.10633009,5.0,-0.0546875
2020-02,ZM,-0.00956615,0.10113882,-0.13651026,4.0,-0.0703125
2020-03,ZM,0.01264872,0.10981971,0.04861998,7.0,-0.0234375
2020-04,ZM,-0.01188312,0.16342051,-0.11265041,2.0,-0.1015625
2020-05,ZM,-0.00625774,0.22340801,-0.07465025,2.0,-0.1015625
2020-06,ZM,-0.00825889,0.21924863,-0.12949962,2.0,-0.1015625
2020-07,ZM,-0.00153325,0.21833913,-0.07712789,2.0,-0.1015625
2020-08,ZM,-0.00165443,0.21790318,-0.0915867,2.0,-0.1015625
2020-09,ZM,0.0115948,0.22573041,-0.05439418,2.0,-0.1015625
2020-10,ZM,0.00942864,0.25716741,0.21988323,2.0,-0.1015625
2020-11,ZM,-0.00324258,0.18465355,0.07818781,2.0,-0.1015625
2020-12,ZM,0.00273524,0.14738221,0.07418345,2.0,-0.1015625
2021-01,ZM,-0.00044183,0.11581401,0.02561445,2.0,-0.1015625
2021-02,ZM,0.00452544,0.14750349,0.02471165,3.0,-0.0859375
2021-03,ZM,-0.03231709,0.18254937,-0.02259514,2.0,-0.1015625
2021-04,ZM,-0.00184462,0.14589864,-0.0014054,1.0,-0.1171875
2021-05,ZM,-0.0161541,0.12702568,-0.03074497,1.0,-0.1171875
2021-06,ZM,-0.01428569,0.16159171,-0.06467479,1.0,-0.1171875
2021-07,ZM,-0.02129235,0.0997923,0.04216024,1.0,-0.1171875
2021-08,ZM,-0.01737516,0.10508791,0.11654186,1.0,-0.1171875
2021-09,ZM,-0.02558558,0.10398,-0.04571487,2.0,-0.1015625
2021-10,ZM,0.00144661,0.08790726,0.07819325,5.0,-0.0546875
2021-11,ZM,0.02710918,0.10597941,0.23886079,12.0,0.0546875
2021-12,ZM,0.08100158,0.14590715,0.19242433,16.0,0.1171875
2022-01,ZM,0.0889217,0.32230703,0.02767381,15.0,0.1015625
2022-02,ZM,0.10361765,0.29665069,0.1161875,16.0,0.1171875
2022-03,ZM,0.1631177,0.27648977,0.1029655,16.0,0.1171875
2022-04,ZM,0.16089142,0.2131959,0.11069817,15.0,0.1015625
2022-05,ZM,0.1585049,0.28852861,0.13431354,15.0,0.1015625
2022-06,ZM,0.22665267,0.37492126,0.95752315,16.0,0.1171875
2022-07,ZM,0.322386,0.31520118,1.25014216,16.0,0.1171875
2022-08,ZM,0.32654727,0.38959816,1.05815763,16.0,0.1171875
2022-09,ZM,0.29308153,0.38773487,0.00297083,16.0,0.1171875
2022-10,ZM,0.29288277,0.41299217,0.25868537,15.0,0.1015625
2022-11,ZM,0.25775974,0.38922774,-0.00291442,15.0,0.1015625
2022-12,ZM,0.2018539,0.33541909,0.09617104,15.0,0.1015625
2023-01,ZM,0.24925818,0.33517515,0.20405677,15.0,0.1015625
2023-02,ZM,0.24470803,0.2523956,0.26590219,16.0,0.1171875
2023-03,ZM,0.17190547,0.2530244,0.05877072,15.0,0.1015625
2023-04,ZM,0.16714019,0.20962477,0.03875339,14.0,0.0859375
2023-05,ZM,0.15193163,0.24580125,0.16892416,14.0,0.0859375
2023-06,ZM,0.08495727,0.30816814,0.14991432,12.0,0.0546875
2023-07,ZM,0.03254902,0.25780786,0.73814733,8.0,-0.0078125
2023-08,ZM,0.05484274,0.26967151,0.42833272,12.0,0.0546875
2023-09,ZM,0.03704897,0.28631442,-0.08248182,11.0,0.0390625
2023-10,ZM,0.03142494,0.31341076,0.38573747,10.0,0.0234375
2023-11,ZM,0.06431373,0.34819964,0.52934566,13.0,0.0703125
2023-12,ZM,0.04077495,0.25789721,0.0,10.0,0.0234375
2024-01,ZM,-0.00948246,0.32606629,0.06867459,6.0,-0.0390625
2024-02,ZM,-0.0185643,0.3239604,0.07411292,4.0,-0.0703125
2024-03,ZM,-0.01135342,0.32311693,-0.06020156,5.0,-0.0546875
2024-04,ZM,-0.01421778,0.31345709,-0.09930834,5.0,-0.0546875
2024-05,ZM,0.01436821,0.21300037,0.20522746,8.0,-0.0078125
2024-06,ZM,0.03849271,0.21586706,0.45438408,8.0,-0.0078125
2024-07,ZM,0.07253475,0.18740113,0.95819901,13.0,0.0703125
2024-08,ZM,0.00837297,0.21877871,0.05685514,5.0,-0.0546875
2024-09,ZM,0.06598892,0.20439642,0.04792633,14.0,0.0859375
2024-10,ZM,0.034161,0.23648355,-0.06839339,9.0,0.0078125
2024-11,ZM,0.01217018,0.31567133,-0.18925304,5.0,-0.0546875
2024-12,ZM,0.02949842,0.31515471,-0.18439571,8.0,-0.0078125
2025-01,ZM,0.03044457,0.33537364,-0.16668996,9.0,0.0078125
2025-02,ZM,0.02865198,0.29648847,-0.1719851,9.0,0.0078125
2025-03,ZM,0.05750289,0.27583047,-0.1355154,13.0,0.0703125
2025-04,ZM,0.05923965,0.21250497,-0.1629408,14.0,0.0859375
2025-05,ZM,0.06073473,0.13732577,-0.14621806,15.0,0.1015625
2025-06,ZM,0.03418294,0.12705795,-0.19382693,10.0,0.0234375
2025-07,ZM,-0.03786277,0.10065074,-0.19571663,1.0,-0.1171875
2025-08,ZM,0.01632485,0.10057759,0.00805225,8.0,-0.0078125
2025-09,ZM,-0.01097895,0.18328116,-0.17459099,4.0,-0.0703125
2025-10,ZM,0.00903046,0.19539437,-0.06519797,7.0,-0.0234375
2025-11,ZM,0.01192554,0.32427991,-0.15035196,6.0,-0.0390625
2025-12,ZM,0.00943934,0.32540001,-0.10391658,6.0,-0.0390625
2026-01,ZM,0.01244967,0.31855998,-0.07773892,6.0,-0.0390625
2026-02,ZM,0.01080634,0.31244066,-0.09262972,5.0,-0.0546875
2026-03,ZM,0.0265691,0.31074527,0.03987388,6.0,-0.0390625
2026-04,ZM,0.03509531,0.28555958,0.0635009,7.0,-0.0234375
2026-05,ZM,0.04386924,0.17593734,0.20541542,9.0,0.0078125
2026-06,ZM,0.03310465,0.18114832,0.03097539,6.0,-0.0390625
2026-07,ZM,0.01745137,0.18291093,-0.10145844,6.0,-0.0390625
2011-05,ZS,0.02800517,0.20380323,0.03666619,12.0,0.07142857
2011-06,ZS,0.03027382,0.20680137,0.06525206,13.0,0.08928571
2011-07,ZS,-0.00126188,0.16696147,0.04709436,4.0,-0.07142857
2011-08,ZS,0.01453884,0.17663493,-0.03502194,10.0,0.03571429
2011-09,ZS,0.01759892,0.18137047,-0.05397439,11.0,0.05357143
2011-10,ZS,0.01844773,0.34100944,-0.04895634,11.0,0.05357143
2011-11,ZS,0.01829358,0.34835558,-0.05138561,11.0,0.05357143
2011-12,ZS,0.01898691,0.35372972,-0.04603557,11.0,0.05357143
2012-01,ZS,0.02077897,0.3732466,-0.04725524,10.0,0.03571429
2012-02,ZS,0.02201739,0.36289427,-0.02955775,9.0,0.01785714
2012-03,ZS,0.03200212,0.37557074,-0.0227368,11.0,0.05357143
2012-04,ZS,0.02737841,0.20255627,-0.01011717,9.0,0.01785714
2012-05,ZS,0.02759805,0.21221471,0.14788871,10.0,0.03571429
2012-06,ZS,0.03307706,0.24565791,0.23633233,9.0,0.01785714
2012-07,ZS,0.06144609,0.27887102,0.44828741,10.0,0.03571429
2012-08,ZS,0.03092799,0.30617143,0.02720916,10.0,0.03571429
2012-09,ZS,0.02640862,0.30291309,-0.00654139,10.0,0.03571429
2012-10,ZS,0.02554619,0.3402538,-0.00676959,10.0,0.03571429
2012-11,ZS,0.03129463,0.3488637,0.02695119,10.0,0.03571429
2012-12,ZS,0.03258879,0.31307532,0.04049428,11.0,0.05357143
2013-01,ZS,0.04728271,0.27286519,0.03578422,12.0,0.07142857
2013-02,ZS,0.0533861,0.17917393,0.09002699,12.0,0.07142857
2013-03,ZS,0.05049692,0.15855332,0.08542062,13.0,0.08928571
2013-04,ZS,0.08259854,0.14669531,0.2969849,14.0,0.10714286
2013-05,ZS,0.10412434,0.15675589,0.54267582,14.0,0.10714286
2013-06,ZS,0.13653821,0.17601577,0.98720195,13.0,0.08928571
2013-07,ZS,0.09091563,0.15966962,1.15397892,12.0,0.07142857
2013-08,ZS,0.12946032,0.17800134,0.28174348,12.0,0.07142857
2013-09,ZS,0.119489,0.20222376,-0.0104935,12.0,0.07142857
2013-10,ZS,0.13227522,0.21058719,0.06583838,12.0,0.07142857
2013-11,ZS,0.12070701,0.2157912,0.08746512,12.0,0.07142857
2013-12,ZS,0.11974622,0.19092495,0.09506026,12.0,0.07142857
2014-01,ZS,0.10539685,0.19660659,0.06688931,13.0,0.08928571
2014-02,ZS,0.0853435,0.18509436,0.00105855,11.0,0.05357143
2014-03,ZS,0.09009209,0.18692336,0.14279289,11.0,0.05357143
2014-04,ZS,0.04389837,0.16248041,0.07082632,9.0,0.01785714
2014-05,ZS,0.01346841,0.1541421,0.55534587,9.0,0.01785714
2014-06,ZS,-0.02198983,0.15224233,0.61077295,2.0,-0.10714286
2014-07,ZS,0.05647971,0.19155733,1.35331065,12.0,0.07142857
2014-08,ZS,0.06276394,0.20729506,0.35805074,13.0,0.08928571
2014-09,ZS,0.09512931,0.14548808,-0.05222343,13.0,0.08928571
2014-10,ZS,0.08847862,0.17583396,-0.0157139,12.0,0.07142857
2014-11,ZS,0.09502686,0.28402607,-0.04016024,12.0,0.0546875
2014-12,ZS,0.09601619,0.28441624,-0.02620394,12.0,0.0546875
2015-01,ZS,0.07840083,0.2717844,-0.04123425,12.0,0.0546875
2015-02,ZS,0.09542483,0.27793431,-0.00571261,11.0,0.0390625
2015-03,ZS,0.08403575,0.29707755,-0.02762145,11.0,0.0390625
2015-04,ZS,0.10322604,0.25419189,0.01531775,11.0,0.0390625
2015-05,ZS,0.12176604,0.15587845,0.18755373,11.0,0.0390625
2015-06,ZS,0.10755448,0.16216945,0.07553652,11.0,0.0390625
2015-07,ZS,0.05878629,0.25013538,0.33509197,10.0,0.0234375
2015-08,ZS,0.07466083,0.25227611,0.068208,11.0,0.0390625
2015-09,ZS,0.06500123,0.23139257,-0.01319402,11.0,0.0390625
2015-10,ZS,0.05888293,0.22160926,-0.01331705,11.0,0.0390625
2015-11,ZS,0.06603117,0.2220216,-0.01552714,13.0,0.0703125
2015-12,ZS,0.07443252,0.2137541,0.04910715,13.0,0.0703125
2016-01,ZS,0.09818236,0.08611531,-0.01550517,15.0,0.1015625
2016-02,ZS,0.08536477,0.06808072,-0.05682655,15.0,0.1015625
2016-03,ZS,0.08837053,0.08110624,-0.04510594,15.0,0.1015625
2016-04,ZS,0.08032238,0.11964983,-0.05027204,15.0,0.1015625
2016-05,ZS,0.07306345,0.18411665,0.02337788,16.0,0.1171875
2016-06,ZS,0.08135308,0.18439521,0.00804182,16.0,0.1171875
2016-07,ZS,0.09286627,0.17479633,0.13481509,16.0,0.1171875
2016-08,ZS,0.06928194,0.27309168,0.10698233,16.0,0.1171875
2016-09,ZS,0.07644152,0.28305147,-0.03340855,15.0,0.1015625
2016-10,ZS,0.07251643,0.27780676,-0.05742967,15.0,0.1015625
2016-11,ZS,0.06588643,0.23789181,-0.05284576,15.0,0.1015625
2016-12,ZS,0.05645176,0.22803345,-0.04564505,14.0,0.0859375
2017-01,ZS,0.04485518,0.1858569,-0.0586371,14.0,0.0859375
2017-02,ZS,0.05068174,0.13068519,-0.06458852,14.0,0.0859375
2017-03,ZS,0.04802832,0.09690678,-0.06702524,14.0,0.0859375
2017-04,ZS,0.04889613,0.17298077,-0.06707812,14.0,0.0859375
2017-05,ZS,0.04339725,0.1466938,-0.02890565,14.0,0.0859375
2017-06,ZS,0.04203976,0.13396556,-0.05924663,14.0,0.0859375
2017-07,ZS,0.01248069,0.15190063,-0.05908868,8.0,-0.0078125
2017-08,ZS,-0.00569179,0.1654393,-0.05728382,4.0,-0.0703125
2017-09,ZS,-0.0178437,0.17504994,-0.06519074,1.0,-0.1171875
2017-10,ZS,-0.01460046,0.13909879,-0.06954115,1.0,-0.1171875
2017-11,ZS,-0.01672474,0.13932293,-0.07245106,1.0,-0.1171875
2017-12,ZS,-0.01625979,0.11970665,-0.06258437,2.0,-0.1015625
2018-01,ZS,-0.01405699,0.12859263,-0.06726989,1.0,-0.1171875
2018-02,ZS,-0.01185867,0.12027774,-0.05986329,3.0,-0.0859375
2018-03,ZS,-0.00245991,0.09946232,-0.06231753,3.0,-0.0859375
2018-04,ZS,-0.00251948,0.09962041,-0.06273573,3.0,-0.0859375
2018-05,ZS,0.00189422,0.10138245,-0.05310826,4.0,-0.0703125
2018-06,ZS,0.00331503,0.10872941,-0.06628394,3.0,-0.0859375
2018-07,ZS,0.00528721,0.26636079,-0.06500573,7.0,-0.0234375
2018-08,ZS,0.01691813,0.28084312,-0.07500355,7.0,-0.0234375
2018-09,ZS,0.01620523,0.26306737,-0.09833402,10.0,0.0234375
2018-10,ZS,0.01824827,0.26855,-0.09030866,8.0,-0.0078125
2018-11,ZS,0.02212299,0.26829045,-0.08759324,8.0,-0.0078125
2018-12,ZS,0.02055945,0.29308236,-0.08707145,10.0,0.0234375
2019-01,ZS,0.02132061,0.15836626,-0.0908967,10.0,0.0234375
2019-02,ZS,0.02115803,0.14486175,-0.08446356,10.0,0.0234375
2019-03,ZS,0.01889474,0.09128266,-0.09379995,7.0,-0.0234375
2019-04,ZS,0.01907293,0.11053772,-0.09312211,9.0,0.0078125
2019-05,ZS,0.01336977,0.13158803,-0.08479,8.0,-0.0078125
2019-06,ZS,0.01691945,0.11071238,-0.05827794,10.0,0.0234375
2019-07,ZS,0.01729246,0.12146501,-0.07025409,7.0,-0.0234375
2019-08,ZS,0.016711,0.11532965,-0.08191737,7.0,-0.0234375
2019-09,ZS,0.0168346,0.11672137,-0.08856257,9.0,0.0078125
2019-10,ZS,0.01351882,0.13076647,-0.10039113,6.0,-0.0390625
2019-11,ZS,0.00602572,0.10397851,-0.1015462,5.0,-0.0546875
2019-12,ZS,0.00917604,0.1407472,-0.08152183,7.0,-0.0234375
2020-01,ZS,0.00377939,0.17814557,-0.09543888,6.0,-0.0390625
2020-02,ZS,0.00849014,0.20219037,-0.06135785,7.0,-0.0234375
2020-03,ZS,0.01432291,0.20352899,-0.02360686,8.0,-0.0078125
2020-04,ZS,0.01229257,0.19429462,-0.03510831,5.0,-0.0546875
2020-05,ZS,0.01702055,0.19717793,-0.03847557,5.0,-0.0546875
2020-06,ZS,0.02367782,0.17880314,0.06818455,6.0,-0.0390625
2020-07,ZS,0.02154212,0.13917034,0.09556352,5.0,-0.0546875
2020-08,ZS,0.02487354,0.09687325,-0.01438182,5.0,-0.0546875
2020-09,ZS,0.0474567,0.11871578,-0.02154505,8.0,-0.0078125
2020-10,ZS,0.05332603,0.17345642,0.00139419,8.0,-0.0078125
2020-11,ZS,0.04906408,0.1307925,-0.00548152,8.0,-0.0078125
2020-12,ZS,0.04992147,0.11122896,0.02073952,8.0,-0.0078125
2021-01,ZS,0.05440303,0.13007303,0.01270944,9.0,0.0078125
2021-02,ZS,0.04713758,0.12576925,0.00412715,10.0,0.0234375
2021-03,ZS,0.03675874,0.14069501,0.03762578,10.0,0.0234375
2021-04,ZS,0.05606644,0.13890253,0.14173315,9.0,0.0078125
2021-05,ZS,0.03925226,0.14011423,0.39205877,11.0,0.0390625
2021-06,ZS,0.01188682,0.1647661,0.16909994,4.0,-0.0703125
2021-07,ZS,0.01247174,0.16637923,0.48832152,6.0,-0.0390625
2021-08,ZS,0.00379372,0.16738162,0.02986343,3.0,-0.0859375
2021-09,ZS,-0.02887613,0.19633212,-0.04368641,1.0,-0.1171875
2021-10,ZS,-0.03630015,0.19720497,-0.06415296,1.0,-0.1171875
2021-11,ZS,-0.02226835,0.08605522,-0.04686571,2.0,-0.1015625
2021-12,ZS,-0.02666107,0.07609689,-0.04872748,3.0,-0.0859375
2022-01,ZS,-0.02450097,0.18981713,-0.0193691,3.0,-0.0859375
2022-02,ZS,-0.01526709,0.26876906,0.02783074,4.0,-0.0703125
2022-03,ZS,-0.01058253,0.26301642,0.07418387,4.0,-0.0703125
2022-04,ZS,-0.02670959,0.23474509,0.08160551,5.0,-0.0546875
2022-05,ZS,0.00815655,0.21353074,0.48044217,10.0,0.0234375
2022-06,ZS,0.05913028,0.17980047,0.89180048,12.0,0.0546875
2022-07,ZS,0.09710904,0.19136065,1.06184286,14.0,0.0859375
2022-08,ZS,0.12420601,0.15562925,0.34750701,13.0,0.0703125
2022-09,ZS,0.1058675,0.12093652,-0.04776277,12.0,0.0546875
2022-10,ZS,0.10839879,0.17747806,-0.05384344,11.0,0.0390625
2022-11,ZS,0.11454647,0.16852062,-0.02480479,13.0,0.0703125
2022-12,ZS,0.11580025,0.16910289,-0.01900314,13.0,0.0703125
2023-01,ZS,0.12778908,0.16351944,0.03127376,13.0,0.0703125
2023-02,ZS,0.12272921,0.14632566,0.04794959,13.0,0.0703125
2023-03,ZS,0.12513212,0.14699638,0.11669537,12.0,0.0546875
2023-04,ZS,0.12120576,0.09081758,0.10123566,13.0,0.0703125
2023-05,ZS,0.12118037,0.11890906,0.76781494,13.0,0.0703125
2023-06,ZS,0.10024284,0.13769856,0.90594261,14.0,0.0859375
2023-07,ZS,0.00635756,0.3083727,0.62979211,5.0,-0.0546875
2023-08,ZS,-0.06265938,0.32099364,-0.03840044,1.0,-0.1171875
2023-09,ZS,-0.04385535,0.31737467,-0.09396422,2.0,-0.1015625
2023-10,ZS,-0.04577294,0.32917498,-0.11201917,4.0,-0.0703125
2023-11,ZS,-0.05386425,0.32490652,-0.08493827,2.0,-0.1015625
2023-12,ZS,-0.0438722,0.30504858,-0.02045928,2.0,-0.1015625
2024-01,ZS,-0.05892252,0.12494764,-0.05121897,2.0,-0.1015625
2024-02,ZS,-0.06408038,0.12454105,-0.06597362,1.0,-0.1171875
2024-03,ZS,-0.07135725,0.14820876,-0.07103182,2.0,-0.1015625
2024-04,ZS,-0.07237835,0.16722576,-0.0938609,1.0,-0.1171875
2024-05,ZS,-0.0877633,0.16446891,0.0137864,2.0,-0.1015625
2024-06,ZS,-0.08584581,0.17139413,0.16476582,2.0,-0.1015625
2024-07,ZS,-0.05175583,0.17381593,0.16686507,4.0,-0.0703125
2024-08,ZS,0.00841674,0.17494049,-0.10700629,6.0,-0.0390625
2024-09,ZS,0.01810595,0.14645209,-0.10250044,6.0,-0.0390625
2024-10,ZS,0.02600115,0.16427981,-0.07268927,7.0,-0.0234375
2024-11,ZS,0.03477928,0.18450719,-0.04053342,9.0,0.0078125
2024-12,ZS,0.01818488,0.16935854,-0.0755064,6.0,-0.0390625
2025-01,ZS,0.01766218,0.16653663,-0.08841259,6.0,-0.0390625
2025-02,ZS,0.02090235,0.15941416,-0.08376604,7.0,-0.0234375
2025-03,ZS,0.0220165,0.16447469,-0.07913382,7.0,-0.0234375
2025-04,ZS,0.02954176,0.13413248,-0.05615539,8.0,-0.0078125
2025-05,ZS,0.02406831,0.08400773,0.05668646,8.0,-0.0078125
2025-06,ZS,0.00026087,0.08671247,-0.0630989,5.0,-0.0546875
2025-07,ZS,0.00607118,0.09284767,-0.10108524,7.0,-0.0234375
2025-08,ZS,0.00341977,0.1079225,-0.09841981,5.0,-0.0546875
2025-09,ZS,0.00224275,0.14583973,-0.10957036,7.0,-0.0234375
2025-10,ZS,0.00156753,0.17339088,-0.0838022,4.0,-0.0703125
2025-11,ZS,-0.0119805,0.22409433,-0.04549875,3.0,-0.0859375
2025-12,ZS,-0.01546846,0.22285701,-0.10303987,2.0,-0.1015625
2026-01,ZS,-0.01658263,0.26723768,-0.07015788,1.0,-0.1171875
2026-02,ZS,-0.01704764,0.25301885,-0.06832572,1.0,-0.1171875
2026-03,ZS,-0.02018372,0.26706623,-0.0762128,2.0,-0.1015625
2026-04,ZS,-0.0226497,0.24021307,-0.0679999,2.0,-0.1015625
2026-05,ZS,-0.03022512,0.20264191,-0.03469746,4.0,-0.0703125
2026-06,ZS,-0.02380711,0.20208755,-0.07886414,3.0,-0.0859375
2026-07,ZS,0.0021784,0.15919489,0.01257311,5.0,-0.0546875
2011-05,ZW,0.01166452,0.33021964,-0.36323558,7.0,-0.01785714
2011-06,ZW,0.01833675,0.28192236,-0.28994727,10.0,0.03571429
2011-07,ZW,0.0215137,0.4367053,-0.2501715,12.0,0.07142857
2011-08,ZW,0.0257327,0.50570225,-0.24166765,12.0,0.07142857
2011-09,ZW,0.0563031,0.53373249,-0.23819319,13.0,0.08928571
2011-10,ZW,0.06601934,0.61159531,-0.22515737,13.0,0.08928571
2011-11,ZW,0.0977323,0.61725421,-0.12110972,14.0,0.10714286
2011-12,ZW,0.11054763,0.61632545,-0.16734101,14.0,0.10714286
2012-01,ZW,0.11956464,0.48358054,-0.12676395,14.0,0.10714286
2012-02,ZW,0.14319037,0.43163024,-0.03370832,14.0,0.10714286
2012-03,ZW,0.1279616,0.39450605,-0.12086462,14.0,0.10714286
2012-04,ZW,0.13211823,0.19837629,-0.06310769,14.0,0.10714286
2012-05,ZW,0.13579501,0.2008652,-0.15111553,14.0,0.10714286
2012-06,ZW,0.12502413,0.18814905,-0.14143598,14.0,0.10714286
2012-07,ZW,0.1242939,0.2220038,-0.06388044,14.0,0.10714286
2012-08,ZW,0.11592437,0.31132705,-0.08896966,15.0,0.125
2012-09,ZW,0.08641649,0.31789296,-0.04360835,14.0,0.10714286
2012-10,ZW,0.07699611,0.31293951,-0.06865875,12.0,0.07142857
2012-11,ZW,0.04603801,0.32440447,-0.08909329,11.0,0.05357143
2012-12,ZW,0.02962381,0.32018082,-0.07457241,10.0,0.03571429
2013-01,ZW,0.02445593,0.31766251,-0.06493906,10.0,0.03571429
2013-02,ZW,0.01026814,0.13529333,-0.05683573,9.0,0.01785714
2013-03,ZW,-0.00318213,0.15748251,-0.02918548,3.0,-0.08928571
2013-04,ZW,-0.02069014,0.14794351,-0.07883606,2.0,-0.10714286
2013-05,ZW,-0.02245468,0.20577022,-0.08160049,1.0,-0.125
2013-06,ZW,-0.02421235,0.20817604,-0.08211119,1.0,-0.125
2013-07,ZW,-0.0250758,0.18953418,-0.07631192,1.0,-0.125
2013-08,ZW,-0.01638617,0.19929934,-0.06652326,1.0,-0.125
2013-09,ZW,-0.01177986,0.16307501,-0.04997027,4.0,-0.07142857
2013-10,ZW,-0.01097531,0.18289075,-0.07151612,3.0,-0.08928571
2013-11,ZW,-0.00889733,0.16307785,-0.08338562,3.0,-0.08928571
2013-12,ZW,-0.01259844,0.16341261,-0.06640776,3.0,-0.08928571
2014-01,ZW,-0.00760495,0.15675158,-0.02687484,3.0,-0.08928571
2014-02,ZW,-0.00988098,0.17437315,-0.03239973,3.0,-0.08928571
2014-03,ZW,0.0138104,0.22795219,-0.03638652,8.0,0.0
2014-04,ZW,0.01605653,0.30622656,-0.07096004,8.0,0.0
2014-05,ZW,0.00976423,0.30532825,-0.12012031,6.0,-0.03571429
2014-06,ZW,0.00725932,0.35990564,-0.13590518,7.0,-0.01785714
2014-07,ZW,0.0487635,0.37425358,-0.14860508,11.0,0.05357143
2014-08,ZW,0.05955423,0.35857609,-0.0955053,10.0,0.03571429
2014-09,ZW,0.07504012,0.34177931,-0.10571257,10.0,0.03571429
2014-10,ZW,0.08216775,0.26435197,-0.09865,11.0,0.05357143
2014-11,ZW,0.10753997,0.34373762,-0.00868211,13.0,0.0703125
2014-12,ZW,0.12512107,0.35132818,-0.04725862,13.0,0.0703125
2015-01,ZW,0.11861597,0.31329279,-0.04668576,13.0,0.0703125
2015-02,ZW,0.13619711,0.39562296,0.05145124,13.0,0.0703125
2015-03,ZW,0.12823559,0.393585,-0.02626831,12.0,0.0546875
2015-04,ZW,0.12351865,0.32722144,-0.08908546,12.0,0.0546875
2015-05,ZW,0.12403748,0.30768739,-0.06448525,12.0,0.0546875
2015-06,ZW,0.13595128,0.26224363,-0.00957518,12.0,0.0546875
2015-07,ZW,0.11215925,0.48777687,-0.04397564,12.0,0.0546875
2015-08,ZW,0.10471805,0.50384493,-0.02074287,12.0,0.0546875
2015-09,ZW,0.07548094,0.5031698,-0.0524933,12.0,0.0546875
2015-10,ZW,0.08011715,0.50377158,-0.0268222,13.0,0.0703125
2015-11,ZW,0.03124436,0.482871,-0.1330168,11.0,0.0390625
2015-12,ZW,0.02783141,0.52154396,-0.08361199,12.0,0.0546875
2016-01,ZW,0.02954268,0.28130176,-0.07260262,10.0,0.0234375
2016-02,ZW,0.00644119,0.19369728,-0.11182474,7.0,-0.0234375
2016-03,ZW,0.00594244,0.20863035,-0.08951849,5.0,-0.0546875
2016-04,ZW,0.00990019,0.23221827,-0.12800681,8.0,-0.0078125
2016-05,ZW,0.01504786,0.22927667,-0.13788378,11.0,0.0390625
2016-06,ZW,-0.0033769,0.16886321,-0.19151635,5.0,-0.0546875
2016-07,ZW,-0.03462888,0.19012147,-0.26657006,4.0,-0.0703125
2016-08,ZW,-0.04677426,0.18242166,-0.29208562,3.0,-0.0859375
2016-09,ZW,-0.03063566,0.21575638,-0.22340586,3.0,-0.0859375
2016-10,ZW,-0.02316509,0.21470016,-0.16713146,2.0,-0.1015625
2016-11,ZW,-0.01235485,0.23216439,-0.23063445,4.0,-0.0703125
2016-12,ZW,-0.02310488,0.24140448,-0.18681798,3.0,-0.0859375
2017-01,ZW,-0.02458906,0.25023617,-0.18481008,2.0,-0.1015625
2017-02,ZW,-0.03205362,0.25413408,-0.27090766,1.0,-0.1171875
2017-03,ZW,-0.03082506,0.17414718,-0.16747609,1.0,-0.1171875
2017-04,ZW,-0.02773199,0.17759254,-0.18742099,1.0,-0.1171875
2017-05,ZW,-0.01192859,0.16226921,-0.19571415,2.0,-0.1015625
2017-06,ZW,0.00146559,0.10592984,-0.17043992,1.0,-0.1171875
2017-07,ZW,-0.00245304,0.27164622,-0.2080976,3.0,-0.0859375
2017-08,ZW,-0.00167883,0.32695432,-0.23050572,6.0,-0.0390625
2017-09,ZW,0.01767435,0.38737932,-0.16195553,11.0,0.0390625
2017-10,ZW,0.00274952,0.39283917,-0.16625106,7.0,-0.0234375
2017-11,ZW,0.00295092,0.40256174,-0.22893672,5.0,-0.0546875
2017-12,ZW,-0.00713039,0.40029137,-0.18297668,6.0,-0.0390625
2018-01,ZW,-0.00687916,0.23107105,-0.17953036,5.0,-0.0546875
2018-02,ZW,0.01557129,0.2565958,-0.12837838,10.0,0.0234375
2018-03,ZW,0.04434073,0.18949796,-0.23174359,13.0,0.0703125
2018-04,ZW,0.08975975,0.18987753,0.02380257,14.0,0.0859375
2018-05,ZW,0.05187299,0.22836475,-0.18165642,14.0,0.0859375
2018-06,ZW,0.07140628,0.21837326,-0.04353677,14.0,0.0859375
2018-07,ZW,0.08067188,0.24298768,-0.13890979,14.0,0.0859375
2018-08,ZW,0.07010056,0.25968374,-0.2037484,15.0,0.1015625
2018-09,ZW,0.04523433,0.28345895,-0.14296211,14.0,0.0859375
2018-10,ZW,0.05102042,0.31259853,-0.12377578,14.0,0.0859375
2018-11,ZW,0.09696574,0.22829817,0.0,15.0,0.1015625
2018-12,ZW,0.08450722,0.23904244,-0.08564557,14.0,0.0859375
2019-01,ZW,0.08812197,0.23339639,-0.0605552,15.0,0.1015625
2019-02,ZW,0.07434121,0.16716897,-0.09191833,14.0,0.0859375
2019-03,ZW,0.04712707,0.22266775,-0.07727948,14.0,0.0859375
2019-04,ZW,-0.00656568,0.20448804,-0.14979651,3.0,-0.0859375
2019-05,ZW,0.0250076,0.22250287,-0.07728365,10.0,0.0234375
2019-06,ZW,0.01593579,0.35697762,0.00824111,8.0,-0.0078125
2019-07,ZW,0.05285089,0.3644481,-0.04912334,14.0,0.0859375
2019-08,ZW,0.05661882,0.36827758,-0.09883845,13.0,0.0703125
2019-09,ZW,0.08394014,0.33215913,-0.05428126,14.0,0.0859375
2019-10,ZW,0.08101176,0.36066464,-0.04705949,14.0,0.0859375
2019-11,ZW,0.07279503,0.31452496,0.04237631,14.0,0.0859375
2019-12,ZW,0.09567392,0.24454989,-0.03154561,15.0,0.1015625
2020-01,ZW,0.09909825,0.24101812,0.01331329,15.0,0.1015625
2020-02,ZW,0.10966646,0.21546128,0.04471467,15.0,0.1015625
2020-03,ZW,0.1157836,0.18251793,0.06616316,15.0,0.1015625
2020-04,ZW,0.12688419,0.17728308,0.06249085,15.0,0.1015625
2020-05,ZW,0.12635367,0.22667567,-0.03102828,13.0,0.0703125
2020-06,ZW,0.1148113,0.20155787,-0.01212167,14.0,0.0859375
2020-07,ZW,0.06756203,0.21407303,-0.05626825,13.0,0.0703125
2020-08,ZW,0.07937505,0.22984191,-0.05856901,12.0,0.0546875
2020-09,ZW,0.07811697,0.223625,-0.04108623,12.0,0.0546875
2020-10,ZW,0.08371351,0.21087963,-0.01038941,14.0,0.0859375
2020-11,ZW,0.05578141,0.17379219,-0.03383876,9.0,0.0078125
2020-12,ZW,0.05781805,0.18733597,0.00905878,10.0,0.0234375
2021-01,ZW,0.04939533,0.14836965,0.00437391,8.0,-0.0078125
2021-02,ZW,0.0353273,0.14846343,-0.04628422,8.0,-0.0078125
2021-03,ZW,0.0150579,0.16475706,0.02183968,4.0,-0.0703125
2021-04,ZW,0.02251636,0.18751009,0.06282639,5.0,-0.0546875
2021-05,ZW,0.03497675,0.31297394,-0.03320202,10.0,0.0234375
2021-06,ZW,0.02556013,0.33980353,-0.06976992,8.0,-0.0078125
2021-07,ZW,0.03043348,0.32308578,-0.05241234,11.0,0.0390625
2021-08,ZW,0.0223706,0.32115412,-0.08707537,10.0,0.0234375
2021-09,ZW,-0.0040006,0.31942453,-0.06107046,4.0,-0.0703125
2021-10,ZW,-0.01207639,0.29940823,-0.06383002,2.0,-0.1015625
2021-11,ZW,-0.00799561,0.15463003,-0.07019714,4.0,-0.0703125
2021-12,ZW,0.0013757,0.09084052,-0.02758095,6.0,-0.0390625
2022-01,ZW,0.00016785,0.09604289,-0.03985284,6.0,-0.0390625
2022-02,ZW,0.00900756,0.10384189,-0.03923214,9.0,0.0078125
2022-03,ZW,-0.00135243,0.27893656,0.02347066,8.0,-0.0078125
2022-04,ZW,-0.02361306,0.26518627,-0.06734396,6.0,-0.0390625
2022-05,ZW,-0.04051081,0.26498646,-0.05392375,2.0,-0.1015625
2022-06,ZW,-0.04255181,0.25462528,-0.10251546,3.0,-0.0859375
2022-07,ZW,-0.02070882,0.47145932,-0.08846058,2.0,-0.1015625
2022-08,ZW,-0.01746564,0.47882711,-0.11010634,3.0,-0.0859375
2022-09,ZW,-0.00455486,0.35084956,-0.04598107,3.0,-0.0859375
2022-10,ZW,-0.01163047,0.42431703,-0.07745581,3.0,-0.0859375
2022-11,ZW,-0.02161012,0.41837999,-0.1243237,2.0,-0.1015625
2022-12,ZW,-0.03425832,0.42857093,-0.05253789,2.0,-0.1015625
2023-01,ZW,-0.03583362,0.31262365,-0.07476999,2.0,-0.1015625
2023-02,ZW,-0.04390137,0.31013212,-0.1240836,2.0,-0.1015625
2023-03,ZW,-0.02228449,0.3281809,-0.10169702,2.0,-0.1015625
2023-04,ZW,-0.01166622,0.16375848,-0.12950944,3.0,-0.0859375
2023-05,ZW,-0.01789699,0.17655325,-0.13475826,2.0,-0.1015625
2023-06,ZW,-0.00969201,0.1610316,-0.13501333,3.0,-0.0859375
2023-07,ZW,-0.03211626,0.24422955,-0.15376782,3.0,-0.0859375
2023-08,ZW,-0.03778468,0.25242017,-0.1981651,2.0,-0.1015625
2023-09,ZW,-0.06294925,0.28669081,-0.23044815,1.0,-0.1171875
2023-10,ZW,-0.04860007,0.29194684,-0.20398319,3.0,-0.0859375
2023-11,ZW,-0.03374614,0.31269977,-0.19071626,3.0,-0.0859375
2023-12,ZW,-0.02571551,0.30477553,-0.10865562,5.0,-0.0546875
2024-01,ZW,-0.02063795,0.27700624,-0.09975583,5.0,-0.0546875
2024-02,ZW,0.0061548,0.27425537,0.01297445,7.0,-0.0234375
2024-03,ZW,-0.02152263,0.20331835,-0.16894624,4.0,-0.0703125
2024-04,ZW,-0.02015484,0.13363199,-0.19017674,4.0,-0.0703125
2024-05,ZW,-0.00867421,0.14570455,-0.17671905,4.0,-0.0703125
2024-06,ZW,-0.01364578,0.24923846,-0.20579335,5.0,-0.0546875
2024-07,ZW,-0.00410867,0.39043693,-0.18412303,6.0,-0.0390625
2024-08,ZW,0.01823632,0.38802474,-0.1388334,8.0,-0.0078125
2024-09,ZW,0.03621859,0.38934952,-0.13681638,7.0,-0.0234375
2024-10,ZW,0.02967902,0.39694023,-0.13659951,8.0,-0.0078125
2024-11,ZW,0.03124466,0.39345638,-0.11704851,7.0,-0.0234375
2024-12,ZW,0.01253207,0.3189322,-0.11825295,5.0,-0.0546875
2025-01,ZW,0.00826259,0.15436164,-0.13491755,5.0,-0.0546875
2025-02,ZW,-0.0223524,0.15539783,-0.20550078,5.0,-0.0546875
2025-03,ZW,0.01306166,0.16537991,-0.1486679,6.0,-0.0390625
2025-04,ZW,0.0073047,0.11526034,-0.20367331,6.0,-0.0390625
2025-05,ZW,0.00261737,0.11933492,-0.16031765,4.0,-0.0703125
2025-06,ZW,0.01616038,0.0976229,-0.10840258,8.0,-0.0078125
2025-07,ZW,0.01823928,0.08354041,-0.14501117,9.0,0.0078125
2025-08,ZW,0.01219569,0.05973153,-0.1239789,7.0,-0.0234375
2025-09,ZW,-0.00216266,0.05757113,-0.14738079,6.0,-0.0390625
2025-10,ZW,0.00771097,0.08025084,-0.10753378,6.0,-0.0390625
2025-11,ZW,0.01560591,0.12395292,-0.05629456,7.0,-0.0234375
2025-12,ZW,0.03158103,0.12397635,-0.13213227,9.0,0.0078125
2026-01,ZW,0.04203278,0.12494215,-0.08695551,9.0,0.0078125
2026-02,ZW,0.06815848,0.15810718,-0.00249044,13.0,0.0703125
2026-03,ZW,0.04833441,0.20209743,-0.09877347,11.0,0.0390625
2026-04,ZW,0.05338938,0.15318327,-0.12351118,12.0,0.0546875
2026-05,ZW,0.05567349,0.15105836,-0.12412887,12.0,0.0546875
2026-06,ZW,0.05368565,0.15026559,-0.08559911,12.0,0.0546875
2026-07,ZW,0.0341197,0.17535295,-0.11298326,8.0,-0.0078125
