symbol,date,n_candidates,chosen,settle,rejected,rejected_settles,reason
6A,2010-06-14,4,id8568,0.8522,id26505|id26505|id8568,0.86|0.86|0.85,matches next day (roll already happened)
6A,2010-09-13,4,id12940,0.9245,id12940|id8568|id8568,0.92|0.93|0.93,matches next day (roll already happened)
6A,2010-12-13,4,id9788,0.9858,id12940|id12940|id9788,0.99|0.99|0.99,matches next day (roll already happened)
6A,2011-06-13,4,id8615,1.0492,id8615|id99218|id99218,1.05|1.06|1.06,matches next day (roll already happened)
6A,2011-09-19,4,id25060,1.0068,id25060|id8615|id8615,1.01|1.02|1.02,matches next day (roll already happened)
6A,2011-12-19,4,id83274,0.9819,id25060|id25060|id83274,0.99|0.99|0.98,matches next day (roll already happened)
6A,2012-03-19,4,id95233,1.0511,id83274|id83274|id95233,1.06|1.06|1.05,matches next day (roll already happened)
6A,2012-06-18,4,id25563,1.004,id25563|id95233|id95233,1.0|1.01|1.01,matches next day (roll already happened)
6A,2013-12-16,4,id8998,0.8895,id10066|id10066|id8998,0.9|0.9|0.89,matches next day (roll already happened)
6A,2015-09-14,4,id173768,0.7103,id173691|id173691|id173768,0.71|0.71|0.71,matches next day (roll already happened)
6A,2015-12-14,4,id173772,0.7214,id173768|id173768|id173772,0.73|0.73|0.72,matches next day (roll already happened)
6A,2016-12-19,4,id174052,0.7238,id174051|id174051|id174052,0.73|0.73|0.72,matches next day (roll already happened)
6A,2017-02-24,2,id174052,0.767,id174052,0.77,matches next day (roll already happened)
6A,2017-11-13,4,id174062,0.7623,id174062|id287814|id287814,0.76|0.76|0.76,matches next day (roll already happened)
6A,2017-12-18,4,id153906,0.7668,id153906|id174062|id174062,0.77|0.77|0.77,matches next day (roll already happened)
6A,2018-01-12,4,id167724,0.7911,id167724|id153906|id153906,0.79|0.79|0.79,matches next day (roll already happened)
6A,2018-02-16,4,id174066,0.7906,id167724|id167724|id174066,0.79|0.79|0.79,matches next day (roll already happened)
6A,2018-11-19,4,id193086,0.7293,id185689|id185689|id193086,0.73|0.73|0.73,matches next day (roll already happened)
6A,2018-12-17,4,id197631,0.718,id193086|id193086|id197631,0.72|0.72|0.72,matches next day (roll already happened)
6A,2019-01-14,4,id197040,0.7203,id197631|id197631|id197040,0.72|0.72|0.72,matches next day (roll already happened)
6A,2019-02-15,4,id17,0.7143,id17|id197040|id197040,0.71|0.71|0.71,matches next day (roll already happened)
6A,2019-10-11,4,id164407,0.6807,id164407|id84486|id84486,0.68|0.68|0.68,matches next day (roll already happened)
6A,2019-11-18,4,id177370,0.6816,id164407|id164407|id177370,0.68|0.68|0.68,matches next day (roll already happened)
6A,2019-12-16,4,id216474,0.6896,id177370|id177370|id216474,0.69|0.69|0.69,matches next day (roll already happened)
6A,2020-01-13,4,id6953,0.6912,id6953|id216474|id216474,0.69|0.69|0.69,matches next day (roll already happened)
6A,2020-02-14,4,id53995,0.6714,id53995|id6953|id6953,0.67|0.67|0.67,matches next day (roll already happened)
6A,2020-11-16,4,id108078,0.7315,id108078|id1864|id1864,0.73|0.73|0.73,matches next day (roll already happened)
6A,2021-01-15,4,id8326,0.77105,id8326|id51165|id51165,0.77|0.77|0.77,matches next day (roll already happened)
6A,2021-02-12,4,id2737,0.77565,id2737|id8326|id8326,0.78|0.77|0.77,matches next day (roll already happened)
6A,2021-04-19,4,id16115,0.7761,id16115|id24524|id24524,0.78|0.78|0.78,matches next day (roll already happened)
6A,2021-05-17,4,id80934,0.77715,id16115|id16115|id80934,0.77|0.77|0.78,matches next day (roll already happened)
6A,2021-12-13,4,id16777,0.714,id16777|id86272|id86272,0.71|0.71|0.71,matches next day (roll already happened)
6A,2022-01-14,4,id9542,0.72085,id16777|id16777|id9542,0.72|0.72|0.72,matches next day (roll already happened)
6A,2022-02-14,4,id30359,0.71225,id30359|id9542|id9542,0.71|0.71|0.71,matches next day (roll already happened)
6A,2022-11-14,4,id191017,0.6727,id1113|id1113|id191017,0.67|0.67|0.67,matches next day (roll already happened)
6A,2023-01-13,4,id36889,0.69855,id723|id723|id36889,0.7|0.7|0.7,matches next day (roll already happened)
6A,2023-02-13,4,id271727,0.697,id271727|id36889|id36889,0.7|0.69|0.69,matches next day (roll already happened)
6A,2023-05-15,4,id11709,0.6709,id11709|id24062|id24062,0.67|0.67|0.67,matches next day (roll already happened)
6A,2023-06-16,4,id48167,0.68845,id48167|id11709|id11709,0.69|0.69|0.69,matches next day (roll already happened)
6A,2023-12-18,4,id42007396,0.67085,id306839|id306839|id42007396,0.67|0.67|0.67,matches next day (roll already happened)
6A,2024-01-12,4,id42002404,0.6695,id42007396|id42007396|id42002404,0.67|0.67|0.67,matches next day (roll already happened)
6A,2024-02-16,4,id156755,0.6539,id156755|id42002404|id42002404,0.65|0.65|0.65,matches next day (roll already happened)
6A,2024-10-11,4,id42013560,0.67595,id42007978|id42007978|id42013560,0.67|0.67|0.68,matches next day (roll already happened)
6A,2024-11-18,4,id148217,0.6506,id148217|id42013560|id42013560,0.65|0.65|0.65,matches next day (roll already happened)
6A,2025-02-14,4,id52126,0.636,id42004585|id42004585|id52126,0.64|0.64|0.64,matches next day (roll already happened)
6A,2025-03-17,4,id42003705,0.63925,id42003705|id52126|id52126,0.64|0.64|0.64,matches next day (roll already happened)
6A,2025-09-15,4,id42002037,0.6675,id42002037|id6212|id6212,0.67|0.67|0.67,matches next day (roll already happened)
6A,2025-10-10,4,id42006572,0.64865,id42002037|id42002037|id42006572,0.65|0.65|0.65,matches next day (roll already happened)
6A,2025-12-15,4,id42012276,0.6644,id42012276|id7103|id7103,0.66|0.66|0.66,matches next day (roll already happened)
6A,2026-01-16,4,id42006515,0.6684,id42006515|id42012276|id42012276,0.67|0.67|0.67,matches next day (roll already happened)
6A,2026-02-13,4,id150265,0.7071,id150265|id42006515|id42006515,0.71|0.71|0.71,matches next day (roll already happened)
6B,2010-06-14,4,id8577,1.4773,id26541|id26541|id8577,1.48|1.48|1.48,matches next day (roll already happened)
6B,2010-09-13,4,id12954,1.5395,id12954|id8577|id8577,1.54|1.54|1.54,matches next day (roll already happened)
6B,2010-12-13,4,id9961,1.5858,id12954|id12954|id9961,1.58|1.58|1.59,matches next day (roll already happened)
6B,2011-06-13,4,id57756,1.6354,id17465|id17465|id57756,1.63|1.63|1.64,matches next day (roll already happened)
6B,2011-09-19,4,id20402,1.5678,id20402|id57756|id57756,1.57|1.57|1.57,matches next day (roll already happened)
6B,2011-12-19,4,id3968,1.5507,id20402|id20402|id3968,1.55|1.55|1.55,matches next day (roll already happened)
6B,2012-03-19,4,id7007,1.5889,id3968|id3968|id7007,1.59|1.59|1.59,matches next day (roll already happened)
6B,2012-06-18,4,id33234,1.5663,id33234|id7007|id7007,1.57|1.57|1.57,matches next day (roll already happened)
6B,2013-12-16,4,id7945,1.629,id5060|id5060|id7945,1.63|1.63|1.63,matches next day (roll already happened)
6B,2015-09-14,4,id175916,1.5427,id175882|id175882|id175916,1.54|1.54|1.54,matches next day (roll already happened)
6B,2015-12-14,4,id175919,1.5142,id175916|id175916|id175919,1.51|1.51|1.51,matches next day (roll already happened)
6B,2016-12-19,4,id176049,1.2428,id176046|id176046|id176049,1.24|1.24|1.24,matches next day (roll already happened)
6B,2017-02-24,2,id176049,1.2461,id176049,1.25,matches next day (roll already happened)
6B,2017-11-13,4,id176052,1.3127,id176052|id287856|id287856,1.31|1.31|1.31,matches next day (roll already happened)
6B,2017-12-18,4,id153808,1.3414,id153808|id176052|id176052,1.34|1.34|1.34,matches next day (roll already happened)
6B,2018-01-12,4,id167729,1.3752,id167729|id153808|id153808,1.38|1.37|1.37,matches next day (roll already happened)
6B,2018-02-16,4,id176071,1.4037,id167729|id167729|id176071,1.4|1.4|1.4,matches next day (roll already happened)
6B,2018-11-19,4,id192949,1.2871,id185820|id185820|id192949,1.29|1.29|1.29,matches next day (roll already happened)
6B,2018-12-17,4,id197646,1.2651,id192949|id192949|id197646,1.26|1.26|1.27,matches next day (roll already happened)
6B,2019-01-14,4,id197043,1.2889,id197646|id197646|id197043,1.29|1.29|1.29,matches next day (roll already happened)
6B,2019-02-15,4,id1176,1.2905,id1176|id197043|id197043,1.29|1.28|1.28,matches next day (roll already happened)
6B,2019-10-11,4,id164415,1.2676,id164415|id84876|id84876,1.27|1.27|1.27,matches next day (roll already happened)
6B,2019-11-18,4,id178182,1.2965,id164415|id164415|id178182,1.3|1.3|1.3,matches next day (roll already happened)
6B,2019-12-16,4,id216468,1.3366,id178182|id178182|id216468,1.33|1.33|1.34,matches next day (roll already happened)
6B,2020-01-13,4,id5230,1.3014,id5230|id216468|id216468,1.3|1.3|1.3,matches next day (roll already happened)
6B,2020-02-14,4,id25069,1.3043,id25069|id5230|id5230,1.3|1.3|1.3,matches next day (roll already happened)
6B,2020-11-16,4,id103049,1.3192,id103049|id2017|id2017,1.32|1.32|1.32,matches next day (roll already happened)
6B,2021-01-15,4,id8613,1.3583,id8613|id18539|id18539,1.36|1.36|1.36,matches next day (roll already happened)
6B,2021-02-12,4,id8382,1.385,id8382|id8613|id8613,1.38|1.38|1.38,matches next day (roll already happened)
6B,2021-04-19,4,id16108,1.3992,id16108|id17652|id17652,1.4|1.4|1.4,matches next day (roll already happened)
6B,2021-05-17,4,id81589,1.4145,id16108|id16108|id81589,1.41|1.41|1.41,matches next day (roll already happened)
6B,2021-12-13,4,id12791,1.3226,id12791|id86134|id86134,1.32|1.32|1.32,matches next day (roll already happened)
6B,2022-01-14,4,id9713,1.3675,id12791|id12791|id9713,1.37|1.37|1.37,matches next day (roll already happened)
6B,2022-02-14,4,id30011,1.3518,id30011|id9713|id9713,1.35|1.35|1.35,matches next day (roll already happened)
6B,2022-11-14,4,id190915,1.1791,id190915|id921|id921,1.18|1.17|1.17,matches next day (roll already happened)
6B,2023-01-13,4,id37785,1.2237,id5761|id5761|id37785,1.22|1.22|1.22,matches next day (roll already happened)
6B,2023-02-13,4,id271882,1.2138,id271882|id37785|id37785,1.21|1.21|1.21,matches next day (roll already happened)
6B,2023-05-15,4,id12682,1.2539,id12682|id19205|id19205,1.25|1.25|1.25,matches next day (roll already happened)
6B,2023-06-16,4,id48178,1.2839,id48178|id12682|id12682,1.28|1.28|1.28,matches next day (roll already happened)
6B,2023-12-18,4,id42007694,1.2643,id307307|id307307|id42007694,1.26|1.26|1.26,matches next day (roll already happened)
6B,2024-01-12,4,id42001564,1.2751,id42007694|id42007694|id42001564,1.28|1.28|1.28,matches next day (roll already happened)
6B,2024-02-16,4,id156618,1.2609,id156618|id42001564|id42001564,1.26|1.26|1.26,matches next day (roll already happened)
6B,2024-10-11,4,id42011955,1.3071,id42009565|id42009565|id42011955,1.31|1.31|1.31,matches next day (roll already happened)
6B,2024-11-18,4,id146417,1.2669,id146417|id42011955|id42011955,1.27|1.26|1.26,matches next day (roll already happened)
6B,2025-02-14,4,id29307,1.2595,id29307|id42001282|id42001282,1.26|1.26|1.26,matches next day (roll already happened)
6B,2025-03-17,4,id42003864,1.2998,id29307|id29307|id42003864,1.3|1.3|1.3,matches next day (roll already happened)
6B,2025-09-15,4,id42005124,1.3608,id1318|id1318|id42005124,1.36|1.36|1.36,matches next day (roll already happened)
6B,2025-10-10,4,id42006177,1.3348,id42005124|id42005124|id42006177,1.33|1.33|1.33,matches next day (roll already happened)
6B,2025-12-15,4,id42012328,1.3373,id42012328|id6783|id6783,1.34|1.34|1.34,matches next day (roll already happened)
6B,2026-01-16,4,id42071335,1.3381,id42012328|id42012328|id42071335,1.34|1.34|1.34,matches next day (roll already happened)
6B,2026-02-13,4,id131442,1.3642,id131442|id42071335|id42071335,1.36|1.36|1.36,matches next day (roll already happened)
6C,2010-06-15,4,id15384,0.9739,id15384|id26417|id26417,0.97|0.97|0.97,matches next day (roll already happened)
6C,2010-09-14,4,id14192,0.9738,id14192|id15384|id15384,0.97|0.97|0.97,matches next day (roll already happened)
6C,2010-12-14,4,id15920,0.9929,id14192|id14192|id15920,0.99|0.99|0.99,matches next day (roll already happened)
6C,2011-03-15,4,id69910,1.0163,id15920|id15920|id69910,1.01|1.01|1.02,matches next day (roll already happened)
6C,2011-06-14,4,id32159,1.0308,id32159|id69910|id69910,1.03|1.03|1.03,matches next day (roll already happened)
6C,2011-09-20,4,id36166,1.0068,id32159|id32159|id36166,1.01|1.01|1.01,matches next day (roll already happened)
6C,2011-12-20,4,id50412,0.9681,id36166|id36166|id50412,0.97|0.97|0.97,matches next day (roll already happened)
6C,2012-03-20,4,id45134,1.0065,id50412|id50412|id45134,1.01|1.01|1.01,matches next day (roll already happened)
6C,2012-06-19,4,id67020,0.9805,id45134|id45134|id67020,0.98|0.98|0.98,matches next day (roll already happened)
6C,2013-12-17,4,id21216,0.94,id11321|id11321|id21216,0.94|0.94|0.94,matches next day (roll already happened)
6C,2015-12-15,4,id174594,0.7284,id174594|id174580|id174580,0.73|0.73|0.73,matches next day (roll already happened)
6C,2016-12-20,4,id174970,0.7487,id174969|id174969|id174970,0.75|0.75|0.75,matches next day (roll already happened)
6C,2017-02-24,2,id174970,0.76355,id174970,0.76,matches next day (roll already happened)
6C,2017-11-14,4,id174989,0.7858,id174989|id11751|id11751,0.79|0.78|0.78,matches next day (roll already happened)
6C,2018-01-16,4,id5556,0.80495,id1183|id1183|id5556,0.81|0.81|0.8,matches next day (roll already happened)
6C,2018-02-20,4,id174469,0.7913,id174469|id5556|id5556,0.79|0.79|0.79,matches next day (roll already happened)
6C,2018-11-20,4,id38586,0.75135,id42621|id42621|id38586,0.75|0.75|0.75,matches next day (roll already happened)
6C,2018-12-18,4,id14014,0.74165,id14014|id38586|id38586,0.74|0.75|0.75,matches next day (roll already happened)
6C,2019-02-19,4,id102601,0.75735,id420|id420|id102601,0.75|0.75|0.76,matches next day (roll already happened)
6C,2019-11-19,4,id8075,0.75365,id162|id162|id8075,0.76|0.76|0.75,matches next day (roll already happened)
6C,2019-12-17,4,id2626,0.7598,id2626|id8075|id8075,0.76|0.76|0.76,matches next day (roll already happened)
6C,2020-02-18,4,id24683,0.75455,id1867|id1867|id24683,0.75|0.75|0.75,matches next day (roll already happened)
6C,2020-03-17,4,id7064,0.70335,id24683|id24683|id7064,0.71|0.71|0.7,matches next day (roll already happened)
6C,2020-05-19,4,id39795,0.72005,id39795|id3321|id3321,0.72|0.72|0.72,matches next day (roll already happened)
6C,2020-11-17,4,id779,0.76435,id779|id3168|id3168,0.76|0.76|0.76,matches next day (roll already happened)
6C,2020-12-15,4,id1872,0.78795,id1872|id779|id779,0.79|0.79|0.79,matches next day (roll already happened)
6C,2021-01-19,4,id4466,0.7855,id1872|id1872|id4466,0.78|0.78|0.79,matches next day (roll already happened)
6C,2021-02-16,4,id7276,0.7888,id4466|id4466|id7276,0.79|0.79|0.79,matches next day (roll already happened)
6C,2021-12-14,4,id11028,0.77815,id11028|id3169|id3169,0.78|0.78|0.78,matches next day (roll already happened)
6C,2022-01-18,4,id1674,0.7996,id11028|id11028|id1674,0.8|0.8|0.8,matches next day (roll already happened)
6C,2022-02-15,4,id20787,0.7853,id1674|id1674|id20787,0.78|0.78|0.79,matches next day (roll already happened)
6C,2022-09-20,4,id11601,0.7481,id11601|id7909|id7909,0.75|0.75|0.75,matches next day (roll already happened)
6C,2022-11-15,4,id3634,0.753,id13|id13|id3634,0.75|0.75|0.75,matches next day (roll already happened)
6C,2022-12-20,4,id1984,0.73485,id1984|id3634|id3634,0.73|0.74|0.74,matches next day (roll already happened)
6C,2023-01-17,4,id3305,0.74725,id3305|id1984|id1984,0.75|0.75|0.75,matches next day (roll already happened)
6C,2023-11-14,4,id5465,0.73045,id5465|id4120987|id4120987,0.73|0.73|0.73,matches next day (roll already happened)
6C,2024-01-16,4,id42064895,0.74145,id42011269|id42011269|id42064895,0.74|0.74|0.74,matches next day (roll already happened)
6C,2024-10-15,4,id42002030,0.7257,id42002030|id42019237|id42019237,0.73|0.72|0.72,matches next day (roll already happened)
6C,2024-11-19,4,id162,0.7167,id42002030|id42002030|id162,0.71|0.71|0.72,matches next day (roll already happened)
6C,2024-12-17,4,id42002048,0.6996,id162|id162|id42002048,0.7|0.7|0.7,matches next day (roll already happened)
6C,2025-01-14,4,id42000740,0.697,id42000740|id42002048|id42002048,0.7|0.7|0.7,matches next day (roll already happened)
6C,2026-01-20,4,id42002507,0.72365,id42002461|id42002461|id42002507,0.72|0.72|0.72,matches next day (roll already happened)
6C,2026-03-17,4,id42755248,0.731,id387|id387|id42755248,0.73|0.73|0.73,matches next day (roll already happened)
6E,2010-06-14,4,id8588,1.2251,id26591|id26591|id8588,1.22|1.22|1.23,matches next day (roll already happened)
6E,2010-09-13,4,id13001,1.286,id13001|id8588|id8588,1.29|1.28|1.28,matches next day (roll already happened)
6E,2010-12-13,4,id12216,1.3395,id12216|id13001|id13001,1.34|1.33|1.33,matches next day (roll already happened)
6E,2011-06-13,4,id86354,1.4372,id76377|id76377|id86354,1.44|1.44|1.44,matches next day (roll already happened)
6E,2011-09-19,4,id41562,1.3658,id41562|id86354|id86354,1.37|1.36|1.36,matches next day (roll already happened)
6E,2011-12-19,4,id70924,1.3026,id41562|id41562|id70924,1.3|1.3|1.3,matches next day (roll already happened)
6E,2012-03-19,4,id55551,1.3245,id55551|id70924|id70924,1.32|1.32|1.32,matches next day (roll already happened)
6E,2012-06-18,4,id92500,1.2591,id55551|id55551|id92500,1.26|1.26|1.26,matches next day (roll already happened)
6E,2013-12-16,4,id9296,1.3762,id8015|id8015|id9296,1.38|1.38|1.38,matches next day (roll already happened)
6E,2015-09-14,4,id175135,1.1332,id175112|id175112|id175135,1.13|1.13|1.13,matches next day (roll already happened)
6E,2015-12-14,4,id175152,1.1027,id175135|id175135|id175152,1.1|1.1|1.1,matches next day (roll already happened)
6E,2016-12-19,4,id175382,1.0449,id175316|id175316|id175382,1.04|1.04|1.04,matches next day (roll already happened)
6E,2017-02-24,2,id175382,1.05695,id175382,1.06,matches next day (roll already happened)
6E,2017-11-13,4,id173245,1.1689,id173245|id287678|id287678,1.17|1.17|1.17,matches next day (roll already happened)
6E,2017-12-18,4,id153785,1.1823,id153785|id173245|id173245,1.18|1.18|1.18,matches next day (roll already happened)
6E,2018-01-12,4,id167893,1.22085,id167893|id153785|id153785,1.22|1.21|1.21,matches next day (roll already happened)
6E,2018-02-16,4,id173248,1.24395,id167893|id167893|id173248,1.24|1.24|1.24,matches next day (roll already happened)
6E,2018-11-19,4,id192848,1.14785,id185818|id185818|id192848,1.14|1.14|1.15,matches next day (roll already happened)
6E,2018-12-17,4,id197628,1.1382,id192848|id192848|id197628,1.13|1.13|1.14,matches next day (roll already happened)
6E,2019-01-14,4,id197027,1.14995,id197628|id197628|id197027,1.15|1.15|1.15,matches next day (roll already happened)
6E,2019-02-15,4,id1191,1.1322,id1191|id197027|id197027,1.13|1.13|1.13,matches next day (roll already happened)
6E,2019-10-11,4,id164469,1.10695,id164469|id84490|id84490,1.11|1.1|1.1,matches next day (roll already happened)
6E,2019-11-18,4,id178373,1.1094,id164469|id164469|id178373,1.11|1.11|1.11,matches next day (roll already happened)
6E,2019-12-16,4,id216457,1.1173,id178373|id178373|id216457,1.12|1.12|1.12,matches next day (roll already happened)
6E,2020-01-13,4,id6773,1.11625,id6773|id216457|id216457,1.12|1.11|1.11,matches next day (roll already happened)
6E,2020-02-14,4,id56340,1.0859,id56340|id6773|id6773,1.09|1.08|1.08,matches next day (roll already happened)
6E,2020-11-16,4,id98206,1.185,id1032|id1032|id98206,1.18|1.18|1.18,matches next day (roll already happened)
6E,2021-01-15,4,id6079,1.20855,id64927|id64927|id6079,1.21|1.21|1.21,matches next day (roll already happened)
6E,2021-02-12,4,id3903,1.2123,id3903|id6079|id6079,1.21|1.21|1.21,matches next day (roll already happened)
6E,2021-04-19,4,id17178,1.2046,id17178|id20388|id20388,1.2|1.2|1.2,matches next day (roll already happened)
6E,2021-05-17,4,id80958,1.21655,id17178|id17178|id80958,1.21|1.21|1.22,matches next day (roll already happened)
6E,2021-12-13,4,id12860,1.13025,id12860|id86136|id86136,1.13|1.13|1.13,matches next day (roll already happened)
6E,2022-01-14,4,id13562,1.1422,id12860|id12860|id13562,1.14|1.14|1.14,matches next day (roll already happened)
6E,2022-02-14,4,id28727,1.13025,id13562|id13562|id28727,1.13|1.13|1.13,matches next day (roll already happened)
6E,2022-11-14,4,id191026,1.03795,id1473|id1473|id191026,1.03|1.03|1.04,matches next day (roll already happened)
6E,2023-01-13,4,id25822,1.0851,id3941|id3941|id25822,1.08|1.08|1.09,matches next day (roll already happened)
6E,2023-02-13,4,id270958,1.0735,id25822|id25822|id270958,1.07|1.07|1.07,matches next day (roll already happened)
6E,2023-05-15,4,id11985,1.0896,id11985|id27871|id27871,1.09|1.09|1.09,matches next day (roll already happened)
6E,2023-06-16,4,id24261,1.0961,id24261|id11985|id11985,1.1|1.09|1.09,matches next day (roll already happened)
6E,2023-12-18,4,id42007387,1.09305,id306787|id306787|id42007387,1.09|1.09|1.09,matches next day (roll already happened)
6E,2024-01-12,4,id42002328,1.0972,id42007387|id42007387|id42002328,1.1|1.1|1.1,matches next day (roll already happened)
6E,2024-02-16,4,id156627,1.07895,id156627|id42002328|id42002328,1.08|1.08|1.08,matches next day (roll already happened)
6E,2024-10-11,4,id42003321,1.09555,id42001604|id42001604|id42003321,1.09|1.09|1.1,matches next day (roll already happened)
6E,2024-11-18,4,id147644,1.0602,id147644|id42003321|id42003321,1.06|1.06|1.06,matches next day (roll already happened)
6E,2025-02-14,4,id42272,1.0514,id42000603|id42000603|id42272,1.05|1.05|1.05,matches next day (roll already happened)
6E,2025-03-17,4,id42008406,1.09425,id42008406|id42272|id42272,1.09|1.09|1.09,matches next day (roll already happened)
6E,2025-09-15,4,id42002756,1.17895,id3624|id3624|id42002756,1.18|1.18|1.18,matches next day (roll already happened)
6E,2025-10-10,4,id42040878,1.1633,id42002756|id42002756|id42040878,1.16|1.16|1.16,matches next day (roll already happened)
6E,2025-12-15,4,id42007681,1.17705,id42007681|id4274|id4274,1.18|1.18|1.18,matches next day (roll already happened)
6E,2026-01-16,4,id42057506,1.16115,id42007681|id42007681|id42057506,1.16|1.16|1.16,matches next day (roll already happened)
6E,2026-02-13,4,id57062,1.1883,id42057506|id42057506|id57062,1.19|1.19|1.19,matches next day (roll already happened)
6J,2010-06-14,4,id8569,0.010941,id26517|id26517|id8569,0.01|0.01|0.01,matches next day (roll already happened)
6J,2010-09-13,4,id12943,0.011968,id12943|id8569|id8569,0.01|0.01|0.01,matches next day (roll already happened)
6J,2010-12-13,4,id9822,0.012013,id12943|id12943|id9822,0.01|0.01|0.01,matches next day (roll already happened)
6J,2011-06-13,4,id54554,0.012475,id54554|id97482|id97482,0.01|0.01|0.01,matches next day (roll already happened)
6J,2011-09-19,4,id4906,0.013089,id4906|id54554|id54554,0.01|0.01|0.01,matches next day (roll already happened)
6J,2011-12-19,4,id52767,0.012856,id4906|id4906|id52767,0.01|0.01|0.01,matches next day (roll already happened)
6J,2012-03-19,4,id17293,0.012,id17293|id52767|id52767,0.01|0.01|0.01,matches next day (roll already happened)
6J,2012-06-18,4,id86613,0.012654,id17293|id17293|id86613,0.01|0.01|0.01,matches next day (roll already happened)
6J,2013-12-16,4,id7641,0.009715,id7641|id7821|id7821,0.01|0.01|0.01,matches next day (roll already happened)
6J,2015-09-14,4,id173477,0.0083435,id173475|id173475|id173477,0.01|0.01|0.01,matches next day (roll already happened)
6J,2015-12-14,4,id173479,0.0082985,id173477|id173477|id173479,0.01|0.01|0.01,matches next day (roll already happened)
6J,2016-12-19,4,id173483,0.008561,id173496|id173496|id173483,0.01|0.01|0.01,matches next day (roll already happened)
6J,2017-02-24,2,id173483,0.008934,id173483,0.01,matches next day (roll already happened)
6J,2017-11-13,4,id173489,0.0088185,id287858|id287858|id173489,0.01|0.01|0.01,matches next day (roll already happened)
6J,2017-12-18,4,id153783,0.0089065,id153783|id173489|id173489,0.01|0.01|0.01,matches next day (roll already happened)
6J,2018-01-12,4,id167751,0.0090215,id167751|id153783|id153783,0.01|0.01|0.01,matches next day (roll already happened)
6J,2018-02-16,4,id173491,0.0094215,id167751|id167751|id173491,0.01|0.01|0.01,matches next day (roll already happened)
6J,2018-11-19,4,id193031,0.0089035,id185666|id185666|id193031,0.01|0.01|0.01,matches next day (roll already happened)
6J,2018-12-17,4,id197655,0.0088975,id193031|id193031|id197655,0.01|0.01|0.01,matches next day (roll already happened)
6J,2019-01-14,4,id197016,0.0092675,id197655|id197655|id197016,0.01|0.01|0.01,matches next day (roll already happened)
6J,2019-02-15,4,id649,0.009073,id197016|id197016|id649,0.01|0.01|0.01,matches next day (roll already happened)
6J,2019-10-11,4,id164468,0.0092355,id164468|id84695|id84695,0.01|0.01|0.01,matches next day (roll already happened)
6J,2019-11-18,4,id176722,0.0092175,id164468|id164468|id176722,0.01|0.01|0.01,matches next day (roll already happened)
6J,2019-12-16,4,id216476,0.009147,id176722|id176722|id216476,0.01|0.01|0.01,matches next day (roll already happened)
6J,2020-01-13,4,id5502,0.009114,id5502|id216476|id216476,0.01|0.01|0.01,matches next day (roll already happened)
6J,2020-02-14,4,id42854,0.009124,id42854|id5502|id5502,0.01|0.01|0.01,matches next day (roll already happened)
6J,2020-11-16,4,id108553,0.009564,id108553|id2560|id2560,0.01|0.01|0.01,matches next day (roll already happened)
6J,2021-01-15,4,id4826,0.009631,id4826|id25380|id25380,0.01|0.01|0.01,matches next day (roll already happened)
6J,2021-02-12,4,id2759,0.009528,id2759|id4826|id4826,0.01|0.01|0.01,matches next day (roll already happened)
6J,2021-04-19,4,id7171,0.0092525,id20281|id20281|id7171,0.01|0.01|0.01,matches next day (roll already happened)
6J,2021-05-17,4,id70058,0.009161,id70058|id7171|id7171,0.01|0.01|0.01,matches next day (roll already happened)
6J,2021-12-13,4,id13049,0.0088145,id13049|id86183|id86183,0.01|0.01|0.01,matches next day (roll already happened)
6J,2022-01-14,4,id13987,0.0087625,id13049|id13049|id13987,0.01|0.01|0.01,matches next day (roll already happened)
6J,2022-02-14,4,id28481,0.0086485,id13987|id13987|id28481,0.01|0.01|0.01,matches next day (roll already happened)
6J,2022-11-14,4,id191138,0.007177,id191138|id707|id707,0.01|0.01|0.01,matches next day (roll already happened)
6J,2022-12-19,2,id191138,0.007322,id191138,0.01,matches previous day (roll not yet)
6J,2023-01-13,4,id40152,0.0078475,id663|id663|id40152,0.01|0.01|0.01,matches next day (roll already happened)
6J,2023-02-13,4,id271216,0.0075775,id271216|id40152|id40152,0.01|0.01|0.01,matches next day (roll already happened)
6J,2023-05-15,4,id13265,0.007387,id13265|id5593|id5593,0.01|0.01|0.01,matches next day (roll already happened)
6J,2023-06-16,4,id57298,0.0070835,id57298|id13265|id13265,0.01|0.01|0.01,matches next day (roll already happened)
6J,2023-12-18,4,id42007693,0.007032,id306755|id306755|id42007693,0.01|0.01|0.01,matches next day (roll already happened)
6J,2024-01-12,4,id42000575,0.0069415,id42007693|id42007693|id42000575,0.01|0.01|0.01,matches next day (roll already happened)
6J,2024-02-16,4,id156657,0.0066875,id156657|id42000575|id42000575,0.01|0.01|0.01,matches next day (roll already happened)
6J,2024-10-11,4,id42025910,0.006738,id42001566|id42001566|id42025910,0.01|0.01|0.01,matches next day (roll already happened)
6J,2024-11-18,4,id146415,0.0064845,id146415|id42025910|id42025910,0.01|0.01|0.01,matches next day (roll already happened)
6J,2025-01-13,2,id42003657,0.0063555,id42003657,0.01,matches previous day (roll not yet)
6J,2025-02-14,4,id57969,0.006592,id42004779|id42004779|id57969,0.01|0.01|0.01,matches next day (roll already happened)
6J,2025-03-17,4,id42005593,0.0067245,id42005593|id57969|id57969,0.01|0.01|0.01,matches next day (roll already happened)
6J,2025-09-15,4,id42000602,0.0068075,id42000602|id6796|id6796,0.01|0.01|0.01,matches next day (roll already happened)
6J,2025-10-10,4,id42039890,0.006615,id42000602|id42000602|id42039890,0.01|0.01|0.01,matches next day (roll already happened)
6J,2025-12-15,4,id42008076,0.0064625,id4197|id4197|id42008076,0.01|0.01|0.01,matches next day (roll already happened)
6J,2026-01-16,4,id42000442,0.00634,id42000442|id42008076|id42008076,0.01|0.01|0.01,matches next day (roll already happened)
6J,2026-02-13,4,id10908,0.0065625,id10908|id42000442|id42000442,0.01|0.01|0.01,matches next day (roll already happened)
6M,2010-06-14,4,id12970,0.078675,id12970|id15393|id15393,0.08|0.08|0.08,matches next day (roll already happened)
6M,2010-07-19,4,id9747,0.07745,id9747|id12970|id12970,0.08|0.08|0.08,matches next day (roll already happened)
6M,2010-08-16,4,id5839,0.078675,id5839|id9747|id9747,0.08|0.08|0.08,matches next day (roll already happened)
6M,2010-09-13,4,id9974,0.07765,id5839|id5839|id9974,0.08|0.08|0.08,matches next day (roll already happened)
6M,2010-10-18,4,id6676,0.080675,id6676|id9974|id9974,0.08|0.08|0.08,matches next day (roll already happened)
6M,2010-11-15,4,id9531,0.0814,id6676|id6676|id9531,0.08|0.08|0.08,matches next day (roll already happened)
6M,2010-12-13,4,id43922,0.080775,id9531|id9531|id43922,0.08|0.08|0.08,matches next day (roll already happened)
6M,2011-01-14,4,id26511,0.083125,id26511|id43922|id43922,0.08|0.08|0.08,matches next day (roll already happened)
6M,2011-02-14,4,id7273,0.08285,id7273|id26511|id26511,0.08|0.08|0.08,matches next day (roll already happened)
6M,2011-05-16,4,id17689,0.08495,id17689|id13674|id13674,0.08|0.09|0.09,matches next day (roll already happened)
6M,2011-06-13,4,id30041,0.0842,id17689|id17689|id30041,0.08|0.08|0.08,matches next day (roll already happened)
6M,2011-07-18,4,id36837,0.085025,id36837|id30041|id30041,0.09|0.08|0.08,matches next day (roll already happened)
6M,2011-08-15,4,id32234,0.08165,id32234|id36837|id36837,0.08|0.08|0.08,matches next day (roll already happened)
6M,2011-09-19,4,id62299,0.075725,id62299|id32234|id32234,0.08|0.08|0.08,matches next day (roll already happened)
6M,2011-10-17,4,id51015,0.074,id51015|id62299|id62299,0.07|0.08|0.08,matches next day (roll already happened)
6M,2011-11-14,4,id55758,0.073625,id51015|id51015|id55758,0.07|0.07|0.07,matches next day (roll already happened)
6M,2011-12-19,4,id32672,0.07195,id32672|id55758|id55758,0.07|0.07|0.07,matches next day (roll already happened)
6M,2012-01-13,4,id77952,0.0732,id32672|id32672|id77952,0.07|0.07|0.07,matches next day (roll already happened)
6M,2012-02-13,4,id184672,0.078625,id184672|id77952|id77952,0.08|0.08|0.08,matches next day (roll already happened)
6M,2012-03-19,4,id79513,0.0791,id184672|id184672|id79513,0.08|0.08|0.08,matches next day (roll already happened)
6M,2012-04-16,4,id70678,0.075475,id70678|id79513|id79513,0.08|0.08|0.08,matches next day (roll already happened)
6M,2012-05-14,4,id81221,0.0729,id81221|id70678|id70678,0.07|0.07|0.07,matches next day (roll already happened)
6M,2012-06-18,4,id91571,0.0719,id81221|id81221|id91571,0.07|0.07|0.07,matches next day (roll already happened)
6M,2012-07-16,4,id75084,0.075375,id91571|id91571|id75084,0.08|0.08|0.08,matches next day (roll already happened)
6M,2012-08-13,4,id90334,0.07585,id75084|id75084|id90334,0.08|0.08|0.08,matches next day (roll already happened)
6M,2013-02-15,4,id36659,0.0785,id30862|id30862|id36659,0.08|0.08|0.08,matches next day (roll already happened)
6M,2013-10-11,4,id155371,0.076725,id155371|id9716|id9716,0.08|0.08|0.08,matches next day (roll already happened)
6M,2013-11-18,4,id20589,0.077425,id20589|id155371|id155371,0.08|0.08|0.08,matches next day (roll already happened)
6M,2013-12-16,4,id379066,0.077075,id20589|id20589|id379066,0.08|0.08|0.08,matches next day (roll already happened)
6M,2014-01-13,4,id505368,0.07625,id379066|id379066|id505368,0.08|0.08|0.08,matches next day (roll already happened)
6M,2014-02-14,4,id12224,0.075375,id505368|id505368|id12224,0.08|0.08|0.08,matches next day (roll already happened)
6M,2014-10-10,4,id31530,0.07426,id15286|id15286|id31530,0.07|0.07|0.07,matches next day (roll already happened)
6M,2015-01-16,4,id81254,0.06852,id192941|id192941|id81254,0.07|0.07|0.07,matches next day (roll already happened)
6M,2015-02-13,4,id5954,0.06698,id5954|id81254|id81254,0.07|0.07|0.07,matches next day (roll already happened)
6M,2015-09-14,4,id20161,0.05945,id20161|id49502|id49502,0.06|0.06|0.06,matches next day (roll already happened)
6M,2015-11-16,4,id128246,0.0594,id14956|id14956|id128246,0.06|0.06|0.06,matches next day (roll already happened)
6M,2015-12-14,4,id178015,0.05755,id128246|id128246|id178015,0.06|0.06|0.06,matches next day (roll already happened)
6M,2016-01-15,4,id84005,0.05464,id178015|id178015|id84005,0.06|0.06|0.05,matches next day (roll already happened)
6M,2016-02-12,4,id16618,0.05276,id84005|id84005|id16618,0.05|0.05|0.05,matches next day (roll already happened)
6M,2016-11-14,4,id121269,0.04799,id121269|id140162|id140162,0.05|0.05|0.05,matches next day (roll already happened)
6M,2016-12-19,4,id78281,0.0489,id121269|id121269|id78281,0.05|0.05|0.05,matches next day (roll already happened)
6M,2017-01-13,4,id48457,0.04626,id48457|id78281|id78281,0.05|0.0|0.0,matches next day (roll already happened)
6M,2017-02-13,4,id129875,0.049,id129875|id48457|id48457,0.05|0.05|0.05,matches next day (roll already happened)
6M,2017-11-13,4,id2366,0.05198,id2366|id221828|id221828,0.05|0.05|0.05,matches next day (roll already happened)
6M,2017-12-18,4,id86210,0.05219,id2366|id2366|id86210,0.05|0.05|0.05,matches next day (roll already happened)
6M,2018-01-12,4,id1022,0.05224,id1022|id86210|id86210,0.05|0.05|0.05,matches next day (roll already happened)
6M,2018-02-16,4,id162901,0.05378,id1022|id1022|id162901,0.05|0.05|0.05,matches next day (roll already happened)
6M,2018-11-19,4,id138504,0.04883,id167717|id167717|id138504,0.05|0.05|0.05,matches next day (roll already happened)
6M,2018-12-17,4,id191001,0.04956,id138504|id138504|id191001,0.05|0.05|0.05,matches next day (roll already happened)
6M,2019-01-14,4,id13533,0.05244,id13533|id191001|id191001,0.05|0.05|0.05,matches next day (roll already happened)
6M,2019-02-15,4,id153863,0.05166,id153863|id13533|id13533,0.05|0.05|0.05,matches next day (roll already happened)
6M,2019-10-11,4,id197028,0.0515,id197028|id173098|id173098,0.05|0.05|0.05,matches next day (roll already happened)
6M,2019-11-18,4,id208552,0.05157,id197028|id197028|id208552,0.05|0.05|0.05,matches next day (roll already happened)
6M,2019-12-16,4,id305208,0.05262,id305208|id208552|id208552,0.05|0.05|0.05,matches next day (roll already happened)
6M,2020-01-13,4,id249502,0.05299,id249502|id305208|id305208,0.05|0.05|0.05,matches next day (roll already happened)
6M,2020-02-14,4,id197664,0.05363,id197664|id249502|id249502,0.05|0.05|0.05,matches next day (roll already happened)
6M,2020-11-16,4,id85115,0.04913,id266|id266|id85115,0.05|0.05|0.05,matches next day (roll already happened)
6M,2021-01-15,4,id6579,0.05039,id6579|id146961|id146961,0.05|0.05|0.05,matches next day (roll already happened)
6M,2021-02-12,4,id216456,0.04996,id216456|id6579|id6579,0.05|0.05|0.05,matches next day (roll already happened)
6M,2021-04-19,4,id3357,0.0503,id3357|id33507|id33507,0.05|0.05|0.05,matches next day (roll already happened)
6M,2021-05-17,4,id7535,0.05042,id3357|id3357|id7535,0.05|0.05|0.05,matches next day (roll already happened)
6M,2021-12-13,4,id8379,0.04737,id4406|id4406|id8379,0.05|0.05|0.05,matches next day (roll already happened)
6M,2022-01-14,4,id15234,0.049,id15234|id8379|id8379,0.05|0.05|0.05,matches next day (roll already happened)
6M,2022-02-14,4,id25340,0.04866,id15234|id15234|id25340,0.05|0.05|0.05,matches next day (roll already happened)
6M,2022-11-14,4,id4288,0.05138,id12135|id12135|id4288,0.05|0.05|0.05,matches next day (roll already happened)
6M,2023-01-13,4,id11276,0.05302,id8433|id8433|id11276,0.05|0.05|0.05,matches next day (roll already happened)
6M,2023-02-13,4,id22412,0.05349,id11276|id11276|id22412,0.05|0.05|0.05,matches next day (roll already happened)
6M,2023-05-15,4,id168347,0.05694,id168347|id4853|id4853,0.06|0.06|0.06,matches next day (roll already happened)
6M,2023-06-16,4,id14325,0.05835,id168347|id168347|id14325,0.06|0.06|0.06,matches next day (roll already happened)
6M,2023-12-18,4,id3521,0.05802,id30974|id30974|id3521,0.06|0.06|0.06,matches next day (roll already happened)
6M,2024-01-12,4,id19192,0.05897,id19192|id3521|id3521,0.06|0.06|0.06,matches next day (roll already happened)
6M,2024-02-16,4,id5082,0.05837,id19192|id19192|id5082,0.06|0.06|0.06,matches next day (roll already happened)
6M,2024-10-11,4,id42000208,0.05154,id42000208|id42012263|id42012263,0.05|0.05|0.05,matches next day (roll already happened)
6M,2024-11-18,4,id3563,0.04924,id42000208|id42000208|id3563,0.05|0.05|0.05,matches next day (roll already happened)
6M,2025-02-14,4,id42007011,0.04906,id42007011|id42015317|id42015317,0.05|0.05|0.05,matches next day (roll already happened)
6M,2025-03-17,4,id42009009,0.04999,id42007011|id42007011|id42009009,0.05|0.05|0.05,matches next day (roll already happened)
6M,2025-09-15,4,id42187310,0.05435,id42000237|id42000237|id42187310,0.05|0.05|0.05,matches next day (roll already happened)
6M,2025-10-10,4,id42004120,0.05359,id42187310|id42187310|id42004120,0.05|0.05|0.05,matches next day (roll already happened)
6M,2025-12-15,4,id42007630,0.05546,id42011827|id42011827|id42007630,0.06|0.06|0.06,matches next day (roll already happened)
6M,2026-01-16,4,id42021184,0.05652,id42021184|id42007630|id42007630,0.06|0.06|0.06,matches next day (roll already happened)
6M,2026-02-13,4,id42000634,0.05814,id42000634|id42021184|id42021184,0.06|0.06|0.06,matches next day (roll already happened)
6N,2010-06-14,4,id8585,0.6931,id26584|id26584|id8585,0.7|0.7|0.69,matches next day (roll already happened)
6N,2010-09-13,4,id12985,0.728,id12985|id8585|id8585,0.73|0.73|0.73,matches next day (roll already happened)
6N,2010-12-13,4,id12211,0.7508,id12211|id12985|id12985,0.75|0.75|0.75,matches next day (roll already happened)
6N,2011-06-13,4,id4593,0.8103,id4593|id70393|id70393,0.81|0.81|0.81,matches next day (roll already happened)
6N,2011-09-19,4,id6684,0.8143,id4593|id4593|id6684,0.82|0.82|0.81,matches next day (roll already happened)
6N,2011-12-19,4,id98542,0.7525,id6684|id6684|id98542,0.76|0.76|0.75,matches next day (roll already happened)
6N,2012-03-19,4,id29016,0.8219,id29016|id98542|id98542,0.82|0.82|0.82,matches next day (roll already happened)
6N,2012-06-18,4,id12969,0.787,id12969|id29016|id29016,0.79|0.79|0.79,matches next day (roll already happened)
6N,2013-12-16,4,id5131,0.8206,id8457|id8457|id5131,0.83|0.83|0.82,matches next day (roll already happened)
6N,2015-09-14,4,id5611,0.629,id1207|id1207|id5611,0.63|0.63|0.63,matches next day (roll already happened)
6N,2015-12-14,4,id24167,0.6732,id24167|id5611|id5611,0.67|0.68|0.68,matches next day (roll already happened)
6N,2016-12-19,4,id110002,0.6917,id110002|id71373|id71373,0.69|0.69|0.69,matches next day (roll already happened)
6N,2017-12-18,4,id242919,0.6987,id74983|id74983|id242919,0.7|0.7|0.7,matches next day (roll already happened)
6N,2018-12-17,4,id48780,0.6817,id11098|id11098|id48780,0.68|0.68|0.68,matches next day (roll already happened)
6N,2019-12-16,4,id173178,0.6608,id12245|id12245|id173178,0.66|0.66|0.66,matches next day (roll already happened)
6N,2021-12-13,4,id4708,0.6749,id4708|id9250|id9250,0.67|0.68|0.68,matches next day (roll already happened)
6N,2023-06-16,4,id16407,0.6229,id16407|id8789|id8789,0.62|0.62|0.62,matches next day (roll already happened)
6N,2023-12-18,4,id2259,0.62115,id22159|id22159|id2259,0.62|0.62|0.62,matches next day (roll already happened)
6N,2025-03-17,4,id42003953,0.58375,id42003953|id42008173|id42008173,0.58|0.58|0.58,matches next day (roll already happened)
6N,2025-09-15,4,id42445133,0.599,id42008513|id42008513|id42445133,0.6|0.6|0.6,matches next day (roll already happened)
6N,2025-12-15,4,id42130905,0.58085,id42130905|id42445133|id42445133,0.58|0.58|0.58,matches next day (roll already happened)
6S,2010-06-14,4,id8572,0.878,id26527|id26527|id8572,0.88|0.88|0.88,matches next day (roll already happened)
6S,2010-09-13,4,id12947,0.9928,id12947|id8572|id8572,0.99|0.99|0.99,matches next day (roll already happened)
6S,2010-12-13,4,id9893,1.0341,id12947|id12947|id9893,1.03|1.03|1.03,matches next day (roll already happened)
6S,2011-06-13,4,id77487,1.1941,id12733|id12733|id77487,1.2|1.2|1.19,matches next day (roll already happened)
6S,2011-09-19,4,id36159,1.136,id36159|id77487|id77487,1.14|1.13|1.13,matches next day (roll already happened)
6S,2011-12-19,4,id22348,1.0704,id22348|id36159|id36159,1.07|1.07|1.07,matches next day (roll already happened)
6S,2012-03-19,4,id2528,1.0985,id22348|id22348|id2528,1.09|1.09|1.1,matches next day (roll already happened)
6S,2012-06-18,4,id56108,1.0499,id2528|id2528|id56108,1.05|1.05|1.05,matches next day (roll already happened)
6S,2013-12-16,4,id8009,1.1282,id9995|id9995|id8009,1.13|1.13|1.13,matches next day (roll already happened)
6S,2015-09-14,4,id173514,1.0356,id173505|id173505|id173514,1.03|1.03|1.04,matches next day (roll already happened)
6S,2015-12-14,4,id173515,1.0196,id173514|id173514|id173515,1.02|1.02|1.02,matches next day (roll already happened)
6S,2016-12-19,4,id173600,0.9791,id173595|id173595|id173600,0.98|0.98|0.98,matches next day (roll already happened)
6S,2017-12-18,4,id173640,1.0228,id173640|id173625|id173625,1.02|1.01|1.01,matches next day (roll already happened)
6S,2018-12-17,4,id787,1.0167,id193206|id193206|id787,1.01|1.01|1.02,matches next day (roll already happened)
6S,2019-12-16,4,id24929,1.0249,id178513|id178513|id24929,1.02|1.02|1.02,matches next day (roll already happened)
6S,2021-12-13,4,id31130,1.0878,id31130|id85931|id85931,1.09|1.08|1.08,matches next day (roll already happened)
6S,2023-06-16,4,id172318,1.12955,id12918|id12918|id172318,1.12|1.12|1.13,matches next day (roll already happened)
6S,2023-12-18,4,id156650,1.16265,id156650|id305212|id305212,1.16|1.15|1.15,matches next day (roll already happened)
6S,2025-03-17,4,id6529,1.14775,id33558|id33558|id6529,1.13|1.13|1.15,matches next day (roll already happened)
6S,2025-09-15,4,id3811,1.27255,id3811|id7436|id7436,1.27|1.26|1.26,matches next day (roll already happened)
6S,2025-12-15,4,id13402,1.2678,id13402|id3811|id3811,1.27|1.26|1.26,matches next day (roll already happened)
HE,2010-06-14,4,id9852,80.05,id6114|id6114|id9852,77.92|77.92|80.05,matches next day (roll already happened)
HE,2010-07-15,4,id7424,80.825,id9852|id9852|id7424,77.85|77.85|80.82,matches next day (roll already happened)
HE,2010-08-13,4,id80,74.65,id7424|id7424|id80,82.88|82.88|74.65,matches next day (roll already happened)
HE,2010-10-14,4,id7464,68.85,id7464|id80|id80,68.85|73.0|73.0,matches next day (roll already happened)
HE,2010-12-14,4,id4792,76.125,id4792|id7464|id7464,76.12|68.92|68.92,matches next day (roll already happened)
HE,2011-02-14,4,id133,92.45,id133|id4792|id4792,92.45|85.68|85.68,matches next day (roll already happened)
HE,2011-05-13,4,id60306,94.55,id31932|id31932|id60306,92.85|92.85|94.55,matches next day (roll already happened)
HE,2011-06-14,4,id85462,94.45,id85462|id60306|id60306,94.45|91.85|91.85,matches next day (roll already happened)
HE,2011-07-15,4,id46254,98.95,id46254|id85462|id85462,98.95|95.15|95.15,matches next day (roll already happened)
HE,2011-08-12,4,id41831,89.475,id41831|id46254|id46254,89.48|107.45|107.45,matches next day (roll already happened)
HE,2011-10-14,4,id23302,90.075,id23302|id41831|id41831,90.08|93.58|93.58,matches next day (roll already happened)
HE,2011-12-14,4,id67251,86.325,id23302|id23302|id67251,85.7|85.7|86.32,matches next day (roll already happened)
HE,2012-02-14,4,id51074,89.625,id51074|id67251|id67251,89.62|87.1|87.1,matches next day (roll already happened)
HE,2012-04-16,4,id57953,88.55,id51074|id51074|id57953,82.3|82.3|88.55,matches next day (roll already happened)
HE,2012-05-14,4,id15822,85.375,id15822|id57953|id57953,85.38|79.35|79.35,matches next day (roll already happened)
HE,2012-06-14,4,id70608,94.525,id15822|id15822|id70608,94.75|94.75|94.52,matches next day (roll already happened)
HE,2012-07-16,4,id17124,90.425,id17124|id70608|id70608,90.42|97.08|97.08,matches next day (roll already happened)
HE,2012-08-14,4,id51042,77.425,id51042|id17124|id17124,77.42|91.8|91.8,matches next day (roll already happened)
HE,2012-10-12,4,id81979,78.375,id51042|id51042|id81979,82.75|82.75|78.38,matches next day (roll already happened)
HE,2012-12-14,4,id44521,85.4,id44521|id81979|id81979,85.4|82.0|82.0,matches next day (roll already happened)
HE,2013-02-14,4,id53025,84.325,id44521|id44521|id53025,87.68|87.68|84.32,matches next day (roll already happened)
HE,2013-04-12,4,id66363,87.375,id53025|id53025|id66363,82.22|82.22|87.38,matches next day (roll already happened)
HE,2013-06-14,4,id49736,98.025,id49736|id66367|id66367,98.02|102.3|102.3,matches next day (roll already happened)
HE,2013-12-13,4,id57483,87.175,id52078|id52078|id57483,81.25|81.25|87.18,matches next day (roll already happened)
HE,2014-02-14,4,id71370,96.175,id71370|id57483|id57483,96.18|86.52|86.52,matches next day (roll already happened)
HE,2014-10-14,4,id122575,94.925,id153896|id153896|id122575,109.52|109.52|94.92,matches next day (roll already happened)
HE,2014-12-12,4,id77509,83.25,id122575|id122575|id77509,87.52|87.52|83.25,matches next day (roll already happened)
HE,2015-02-13,4,id108875,66.025,id108875|id77509|id77509,66.03|62.08|62.08,matches next day (roll already happened)
HE,2015-06-12,4,id131416,78.05,id131416|id98152|id98152,78.05|81.45|81.45,matches next day (roll already happened)
HE,2015-08-14,4,id5165,65.325,id5165|id5170|id5170,65.32|78.82|78.82,matches next day (roll already happened)
HE,2015-12-14,4,id20900,60.125,id20900|id28898|id28898,60.12|55.55|55.55,matches next day (roll already happened)
HE,2016-02-12,4,id14385,70.375,id20900|id20900|id14385,65.95|65.95|70.38,matches next day (roll already happened)
HE,2016-05-13,4,id5890,81.95,id5890|id4735|id4735,81.95|76.85|76.85,matches next day (roll already happened)
HE,2016-07-15,4,id26783,77.925,id21298|id21298|id26783,80.0|80.0|77.92,matches next day (roll already happened)
HE,2016-08-12,4,id15572,60.0,id26783|id26783|id15572,67.15|67.15|60.0,matches next day (roll already happened)
HE,2016-10-14,4,id12679,42.225,id15572|id15572|id12679,52.6|52.6|42.22,matches next day (roll already happened)
HE,2016-12-14,4,id103471,61.775,id103471|id12679|id12679,61.78|57.85|57.85,matches next day (roll already happened)
HE,2017-02-14,4,id124624,71.3,id103471|id103471|id124624,75.18|75.18|71.3,matches next day (roll already happened)
HE,2017-05-12,4,id37074,77.95,id37074|id35664|id35664,77.95|71.9|71.9,matches next day (roll already happened)
HE,2017-10-13,4,id22754,62.2,id22754|id473|id473,62.2|60.4|60.4,matches next day (roll already happened)
HE,2017-12-14,4,id20656,67.625,id20656|id22754|id22754,67.62|64.03|64.03,matches next day (roll already happened)
HE,2018-02-14,4,id15397,70.65,id20656|id20656|id15397,73.5|73.5|70.65,matches next day (roll already happened)
HE,2018-04-13,4,id235562,69.7,id15397|id15397|id235562,53.82|53.82|69.7,matches next day (roll already happened)
HE,2018-10-12,4,id9730,55.0,id448|id448|id9730,68.75|68.75|55.0,matches next day (roll already happened)
HE,2018-12-14,4,id153908,64.5,id9730|id9730|id153908,54.95|54.95|64.5,matches next day (roll already happened)
HE,2019-02-14,4,id10272,58.7,id10272|id153908|id153908,58.7|55.1|55.1,matches next day (roll already happened)
HE,2019-04-12,4,id17607,89.6,id10272|id10272|id17607,79.3|79.3|89.6,matches next day (roll already happened)
HE,2019-06-14,4,id19045,81.35,id19045|id15886|id15886,81.35|79.38|79.38,matches next day (roll already happened)
HE,2019-12-13,4,id8181,69.5,id1250|id1250|id8181,60.48|60.48|69.5,matches next day (roll already happened)
HE,2020-02-14,4,id6037,64.3,id6037|id8181|id8181,64.3|55.9|55.9,matches next day (roll already happened)
HE,2020-06-12,4,id49,51.675,id49|id64356|id64356,51.68|48.05|48.05,matches next day (roll already happened)
HE,2020-08-14,4,id1486,53.025,id13972|id13972|id1486,53.82|53.82|53.02,matches next day (roll already happened)
HE,2021-02-12,4,id199872,85.2,id199872|id203|id203,85.2|74.0|74.0,matches next day (roll already happened)
HE,2021-05-14,4,id5488,108.725,id5469|id5469|id5488,111.15|111.15|108.72,matches next day (roll already happened)
HE,2021-08-13,4,id11100,86.525,id11100|id354|id354,86.52|109.8|109.8,matches next day (roll already happened)
HE,2021-12-14,4,id18920,80.075,id3190|id3190|id18920,72.18|72.18|80.08,matches next day (roll already happened)
HE,2022-02-14,4,id1959,102.325,id18920|id18920|id1959,91.62|91.62|102.32,matches next day (roll already happened)
HE,2022-04-14,4,id7355,112.75,id1959|id1959|id7355,99.88|99.88|112.75,matches next day (roll already happened)
HE,2022-05-13,4,id6176,100.75,id6176|id7355|id7355,100.75|100.0|100.0,matches next day (roll already happened)
HE,2022-07-15,4,id407,109.825,id407|id9152|id9152,109.82|114.9|114.9,matches next day (roll already happened)
HE,2022-08-12,4,id17114,100.025,id17114|id407|id407,100.02|121.72|121.72,matches next day (roll already happened)
HE,2022-10-14,4,id6610,82.25,id17114|id17114|id6610,93.38|93.38|82.25,matches next day (roll already happened)
HE,2022-12-14,4,id105,83.4,id105|id6610|id6610,83.4|82.32|82.32,matches next day (roll already happened)
HE,2023-05-12,4,id8488,84.1,id1125|id1125|id8488,76.62|76.62|84.1,matches next day (roll already happened)
HE,2023-10-13,4,id5839,69.5,id5839|id27323|id27323,69.5|81.92|81.92,matches next day (roll already happened)
HE,2023-12-14,4,id275,70.475,id275|id5839|id5839,70.47|67.18|67.18,matches next day (roll already happened)
HE,2024-02-14,4,id4588,84.525,id275|id275|id4588,75.18|75.18|84.52,matches next day (roll already happened)
HE,2024-04-12,4,id14783,93.875,id4588|id4588|id14783,90.88|90.88|93.88,matches next day (roll already happened)
HE,2024-06-14,4,id18978,93.65,id18978|id603|id603,93.65|91.18|91.18,matches next day (roll already happened)
HE,2024-12-13,4,id42007374,85.6,id1402|id1402|id42007374,83.72|83.72|85.6,matches next day (roll already happened)
HE,2025-02-14,4,id42000659,92.6,id42000659|id42007374|id42007374,92.6|89.48|89.48,matches next day (roll already happened)
HE,2025-06-13,4,id42085203,109.475,id42085203|id42177167|id42177167,109.48|103.7|103.7,matches next day (roll already happened)
HE,2025-12-12,4,id42006175,84.525,id42006175|id42011439|id42011439,84.52|83.32|83.32,matches next day (roll already happened)
HE,2026-02-13,4,id42019411,91.275,id42006175|id42006175|id42019411,86.95|86.95|91.28,matches next day (roll already happened)
HE,2026-06-12,4,id42004812,97.45,id42004812|id42005488|id42005488,97.45|92.52|92.52,matches next day (roll already happened)
HO,2010-06-30,4,id50848,2.0143,id1296|id1296|id50848,1.98|1.98|2.01,matches next day (roll already happened)
HO,2010-07-30,4,id100039,2.0881,id100039|id50848|id50848,2.09|2.04|2.04,matches next day (roll already happened)
HO,2010-08-31,4,id203578,1.9917,id203578|id100039|id100039,1.99|1.99|1.99,matches next day (roll already happened)
HO,2010-09-30,4,id251305,2.2678,id203578|id203578|id251305,2.24|2.24|2.27,matches next day (roll already happened)
HO,2010-10-29,4,id305568,2.2377,id251305|id251305|id305568,2.22|2.22|2.24,matches next day (roll already happened)
HO,2010-11-30,4,id350840,2.3244,id350840|id305568|id305568,2.32|2.32|2.32,matches next day (roll already happened)
HO,2010-12-31,4,id403193,2.5424,id403193|id350840|id350840,2.54|2.54|2.54,matches next day (roll already happened)
HO,2011-01-31,4,id456405,2.7403,id403193|id403193|id456405,2.75|2.75|2.74,matches next day (roll already happened)
HO,2011-02-28,4,id500734,2.9389,id500734|id456405|id456405,2.94|2.93|2.93,matches next day (roll already happened)
HO,2011-03-31,4,id557736,3.1125,id500734|id500734|id557736,3.09|3.09|3.11,matches next day (roll already happened)
HO,2011-04-29,4,id608672,3.2758,id557736|id557736|id608672,3.26|3.26|3.28,matches next day (roll already happened)
HO,2011-05-31,4,id650953,3.053,id608672|id608672|id650953,3.06|3.06|3.05,matches next day (roll already happened)
HO,2011-06-30,4,id705106,2.9463,id650953|id650953|id705106,2.93|2.93|2.95,matches next day (roll already happened)
HO,2011-07-29,4,id751659,3.0994,id705106|id705106|id751659,3.1|3.1|3.1,matches next day (roll already happened)
HO,2011-08-31,4,id815574,3.084,id751659|id751659|id815574,3.08|3.08|3.08,matches next day (roll already happened)
HO,2011-09-30,4,id856150,2.7793,id856150|id815574|id815574,2.78|2.79|2.79,matches next day (roll already happened)
HO,2011-10-31,4,id69878,3.0583,id69878|id856150|id856150,3.06|3.04|3.04,matches next day (roll already happened)
HO,2011-11-30,4,id48254,3.0251,id48254|id69878|id69878,3.03|3.02|3.02,matches next day (roll already happened)
HO,2011-12-30,4,id116505,2.9142,id116505|id48254|id48254,2.91|2.94|2.94,matches next day (roll already happened)
HO,2012-01-31,4,id207638,3.0509,id207638|id116505|id116505,3.05|3.06|3.06,matches next day (roll already happened)
HO,2012-02-29,4,id252091,3.2059,id207638|id207638|id252091,3.19|3.19|3.21,matches next day (roll already happened)
HO,2012-03-30,4,id305094,3.1701,id252091|id252091|id305094,3.17|3.17|3.17,matches next day (roll already happened)
HO,2012-04-30,4,id356354,3.1842,id356354|id305094|id305094,3.18|3.18|3.18,matches next day (roll already happened)
HO,2012-05-31,4,id403628,2.7032,id403628|id356354|id356354,2.7|2.71|2.71,matches next day (roll already happened)
HO,2012-06-29,4,id453938,2.7099,id403628|id403628|id453938,2.7|2.7|2.71,matches next day (roll already happened)
HO,2012-07-31,4,id713327,2.848,id453938|id453938|id713327,2.84|2.84|2.85,matches next day (roll already happened)
HO,2012-08-31,4,id663023,3.1802,id663023|id713327|id713327,3.18|3.17|3.17,matches next day (roll already happened)
HO,2012-09-28,4,id639111,3.1592,id639111|id663023|id663023,3.16|3.17|3.17,matches next day (roll already happened)
HO,2012-11-30,4,id514651,3.0607,id514651|id599249|id599249,3.06|3.04|3.04,matches next day (roll already happened)
HO,2013-05-31,4,id738745,2.7814,id161623|id161623|id738745,2.79|2.79|2.78,matches next day (roll already happened)
HO,2013-06-28,4,id546369,2.8588,id546369|id738745|id738745,2.86|2.88|2.88,matches next day (roll already happened)
HO,2013-08-30,4,id354002,3.1366,id223503|id223503|id354002,3.14|3.14|3.14,matches next day (roll already happened)
HO,2013-11-29,4,id278612,3.0308,id278612|id99798|id99798,3.03|3.05|3.05,matches next day (roll already happened)
HO,2014-01-31,4,id484495,2.9971,id86238|id86238|id484495,3.28|3.28|3.0,matches next day (roll already happened)
HO,2014-02-28,4,id676873,3.0163,id484495|id484495|id676873,3.09|3.09|3.02,matches next day (roll already happened)
HO,2014-05-30,4,id409113,2.8882,id471026|id471026|id409113,2.88|2.88|2.89,matches next day (roll already happened)
HO,2014-08-29,4,id793866,2.8601,id601489|id601489|id793866,2.86|2.86|2.86,matches next day (roll already happened)
HO,2014-10-31,4,id539615,2.5109,id539615|id670116|id670116,2.51|2.51|2.51,matches next day (roll already happened)
HO,2014-11-28,4,id347243,2.1612,id347243|id539615|id539615,2.16|2.23|2.23,matches next day (roll already happened)
HO,2014-12-31,4,id24807,1.8336,id347243|id347243|id24807,1.85|1.85|1.83,matches next day (roll already happened)
HO,2015-01-30,4,id731989,1.7008,id24807|id24807|id731989,1.69|1.69|1.7,matches next day (roll already happened)
HO,2015-02-27,4,id154869,1.9737,id154869|id731989|id731989,1.97|2.3|2.3,matches next day (roll already happened)
HO,2015-03-31,4,id862490,1.708,id862490|id154869|id154869,1.71|1.72|1.72,matches next day (roll already happened)
HO,2015-05-29,4,id752268,1.9497,id44639|id44639|id752268,1.96|1.96|1.95,matches next day (roll already happened)
HO,2015-06-30,4,id429377,1.8899,id752268|id752268|id429377,1.89|1.89|1.89,matches next day (roll already happened)
HO,2015-07-31,4,id559884,1.5889,id429377|id429377|id559884,1.58|1.58|1.59,matches next day (roll already happened)
HO,2015-10-30,4,id882754,1.5167,id175137|id175137|id882754,1.5|1.5|1.52,matches next day (roll already happened)
HO,2015-11-30,4,id477741,1.3542,id477741|id882754|id882754,1.35|1.34|1.34,matches next day (roll already happened)
HO,2015-12-31,4,id360264,1.1239,id360264|id477741|id477741,1.12|1.1|1.1,matches next day (roll already happened)
HO,2016-01-29,4,id353510,1.0787,id353510|id360264|id360264,1.08|1.06|1.06,matches next day (roll already happened)
HO,2016-02-29,4,id738255,1.0937,id353510|id353510|id738255,1.08|1.08|1.09,matches next day (roll already happened)
HO,2016-04-29,4,id698807,1.386,id279531|id279531|id698807,1.38|1.38|1.39,matches next day (roll already happened)
HO,2016-07-29,4,id636934,1.3075,id636934|id829436|id829436,1.31|1.28|1.28,matches next day (roll already happened)
HO,2016-09-30,4,id767435,1.5383,id767435|id279563|id279563,1.54|1.53|1.53,matches next day (roll already happened)
HO,2016-11-30,4,id279574,1.5763,id444560|id444560|id279574,1.57|1.57|1.58,matches next day (roll already happened)
HO,2016-12-30,4,id41434,1.7282,id279574|id279574|id41434,1.7|1.7|1.73,matches next day (roll already happened)
HO,2017-01-31,4,id553330,1.6308,id41434|id41434|id553330,1.61|1.61|1.63,matches next day (roll already happened)
HO,2017-02-28,4,id477944,1.6399,id553330|id553330|id477944,1.62|1.62|1.64,matches next day (roll already happened)
HO,2017-03-31,4,id800822,1.5746,id800822|id477944|id477944,1.57|1.57|1.57,matches next day (roll already happened)
HO,2017-04-28,4,id93717,1.5072,id800822|id800822|id93717,1.5|1.5|1.51,matches next day (roll already happened)
HO,2017-06-30,4,id347445,1.4831,id155126|id155126|id347445,1.48|1.48|1.48,matches next day (roll already happened)
HO,2017-09-29,4,id161822,1.81,id161822|id862679|id862679,1.81|1.81|1.81,matches next day (roll already happened)
HO,2017-11-30,4,id554395,1.8976,id354199|id354199|id554395,1.89|1.89|1.9,matches next day (roll already happened)
HO,2017-12-29,4,id687796,2.0681,id554395|id554395|id687796,2.08|2.08|2.07,matches next day (roll already happened)
HO,2018-01-31,4,id303048,2.0664,id687796|id687796|id303048,2.07|2.07|2.07,matches next day (roll already happened)
HO,2018-02-28,4,id426793,1.9035,id303048|id303048|id426793,1.91|1.91|1.9,matches next day (roll already happened)
HO,2018-03-29,4,id364921,2.021,id364921|id426793|id426793,2.02|2.03|2.03,matches next day (roll already happened)
HO,2018-06-29,4,id3419,2.2097,id3419|id648352|id648352,2.21|2.21|2.21,matches next day (roll already happened)
HO,2018-08-31,4,id325477,2.2431,id325477|id517851|id517851,2.24|2.24|2.24,matches next day (roll already happened)
HO,2018-09-28,4,id710225,2.3485,id325477|id325477|id710225,2.35|2.35|2.35,matches next day (roll already happened)
HO,2018-11-30,4,id557296,1.8294,id557296|id749668|id749668,1.83|1.85|1.85,matches next day (roll already happened)
HO,2018-12-31,4,id841186,1.6794,id557296|id557296|id841186,1.68|1.68|1.68,matches next day (roll already happened)
HO,2019-01-31,4,id779311,1.8774,id779311|id841186|id841186,1.88|1.88|1.88,matches next day (roll already happened)
HO,2019-02-28,4,id586937,2.0273,id779311|id779311|id586937,2.02|2.02|2.03,matches next day (roll already happened)
HO,2019-03-29,4,id889554,1.9714,id586937|id586937|id889554,1.97|1.97|1.97,matches next day (roll already happened)
HO,2019-05-31,4,id463187,1.8404,id697174|id697174|id463187,1.84|1.84|1.84,matches next day (roll already happened)
HO,2019-06-28,4,id401318,1.9394,id401318|id463187|id463187,1.94|1.94|1.94,matches next day (roll already happened)
HO,2019-08-30,4,id257695,1.8373,id209111|id209111|id257695,1.83|1.83|1.84,matches next day (roll already happened)
HO,2019-11-29,4,id449683,1.8785,id642055|id642055|id449683,1.88|1.88|1.88,matches next day (roll already happened)
HO,2019-12-31,4,id49483,2.0228,id449683|id449683|id49483,2.03|2.03|2.02,matches next day (roll already happened)
HO,2020-01-31,4,id607011,1.6284,id49483|id49483|id607011,1.62|1.62|1.63,matches next day (roll already happened)
HO,2020-02-28,2,id414633,1.4773,id414633,1.48,matches next day (roll already happened)
HO,2020-04-30,4,id559937,0.8331,id559937|id782824|id782824,0.83|0.73|0.73,matches next day (roll already happened)
HO,2020-05-29,4,id367564,1.0366,id367564|id559937|id559937,1.04|0.96|0.96,matches next day (roll already happened)
HO,2020-07-31,4,id49492,1.224,id205981|id205981|id49492,1.22|1.22|1.22,matches next day (roll already happened)
HO,2020-10-30,4,id223159,1.0859,id223159|id384127|id384127,1.09|1.08|1.08,matches next day (roll already happened)
HO,2020-11-30,4,id252774,1.3714,id223159|id223159|id252774,1.36|1.36|1.37,matches next day (roll already happened)
HO,2020-12-31,4,id658542,1.484,id658542|id252774|id252774,1.48|1.48|1.48,matches next day (roll already happened)
HO,2021-01-29,4,id466169,1.5984,id466169|id658542|id658542,1.6|1.6|1.6,matches next day (roll already happened)
HO,2021-02-26,4,id304294,1.8431,id466169|id466169|id304294,1.86|1.86|1.84,matches next day (roll already happened)
HO,2021-04-30,4,id527167,1.9224,id112628|id112628|id527167,1.92|1.92|1.92,matches next day (roll already happened)
HO,2021-05-28,4,id121324,2.0383,id527167|id527167|id121324,2.04|2.04|2.04,matches next day (roll already happened)
HO,2021-07-30,4,id689068,2.1956,id689068|id728922|id728922,2.2|2.2|2.2,matches next day (roll already happened)
HO,2021-10-29,4,id313721,2.4787,id506046|id506046|id313721,2.5|2.5|2.48,matches next day (roll already happened)
HO,2021-11-30,4,id151854,2.0603,id151854|id313721|id313721,2.06|2.06|2.06,matches next day (roll already happened)
HO,2021-12-31,4,id188582,2.3253,id151854|id151854|id188582,2.33|2.33|2.33,matches next day (roll already happened)
HO,2022-01-31,4,id765688,2.7157,id188582|id188582|id765688,2.76|2.76|2.72,matches next day (roll already happened)
HO,2022-02-28,4,id573317,2.9313,id573317|id765688|id765688,2.93|3.01|3.01,matches next day (roll already happened)
HO,2022-04-29,4,id162424,4.0172,id411439|id411439|id162424,4.78|4.78|4.02,matches next day (roll already happened)
HO,2022-07-29,4,id219114,3.549,id219114|id472444|id472444,3.55|3.62|3.62,matches next day (roll already happened)
HO,2022-09-30,4,id603822,3.2216,id796190|id796190|id603822,3.37|3.37|3.22,matches next day (roll already happened)
HO,2022-11-30,4,id249565,3.3635,id441943|id441943|id249565,3.36|3.36|3.36,matches next day (roll already happened)
HO,2022-12-30,4,id747498,3.295,id249565|id249565|id747498,3.36|3.36|3.3,matches next day (roll already happened)
HO,2023-01-31,4,id92828,3.1448,id747498|id747498|id92828,3.18|3.18|3.14,matches next day (roll already happened)
HO,2023-03-31,4,id123365,2.6206,id123365|id315683|id315683,2.62|2.68|2.68,matches next day (roll already happened)
HO,2023-04-28,4,id569062,2.3771,id123365|id123365|id569062,2.38|2.38|2.38,matches next day (roll already happened)
HO,2023-06-30,4,id376686,2.4476,id376686|id730934|id730934,2.45|2.45|2.45,matches next day (roll already happened)
HO,2023-09-29,4,id669932,3.3006,id669932|id285289|id285289,3.3|3.36|3.36,matches next day (roll already happened)
HO,2023-11-30,4,id538560,2.7542,id538560|id700437|id700437,2.75|2.83|2.83,matches next day (roll already happened)
HO,2023-12-29,4,id311271,2.5289,id538560|id538560|id311271,2.55|2.55|2.53,matches next day (roll already happened)
HO,2024-01-31,4,id99004,2.7852,id311271|id311271|id99004,2.81|2.81|2.79,matches next day (roll already happened)
HO,2024-02-29,4,id638102,2.6499,id638102|id99004|id99004,2.65|2.68|2.68,matches next day (roll already happened)
HO,2024-03-28,4,id321851,2.6227,id638102|id638102|id321851,2.62|2.62|2.62,matches next day (roll already happened)
HO,2024-05-31,4,id379543,2.3842,id287401|id287401|id379543,2.36|2.36|2.38,matches next day (roll already happened)
HO,2024-06-28,4,id717026,2.5331,id717026|id379543|id379543,2.53|2.52|2.52,matches next day (roll already happened)
HO,2024-08-30,4,id119092,2.2783,id119092|id558557|id558557,2.28|2.25|2.25,matches next day (roll already happened)
HO,2024-11-29,4,id186964,2.1924,id492572|id492572|id186964,2.19|2.19|2.19,matches next day (roll already happened)
HO,2024-12-31,4,id774592,2.3164,id186964|id186964|id774592,2.32|2.32|2.32,matches next day (roll already happened)
HO,2025-01-31,4,id224707,2.3973,id224707|id774592|id774592,2.4|2.48|2.48,matches next day (roll already happened)
HO,2025-02-28,4,id278013,2.315,id278013|id224707|id224707,2.32|2.35|2.35,matches next day (roll already happened)
HO,2025-05-30,4,id255064,2.0054,id255064|id428810|id428810,2.01|2.02|2.02,matches next day (roll already happened)
HO,2025-08-29,4,id186064,2.2698,id238755|id238755|id186064,2.27|2.27|2.27,matches next day (roll already happened)
HO,2025-10-31,4,id292411,2.3986,id259177|id259177|id292411,2.43|2.43|2.4,matches next day (roll already happened)
HO,2025-11-28,4,id482097,2.3031,id482097|id292411|id292411,2.3|2.33|2.33,matches next day (roll already happened)
HO,2025-12-31,4,id745979,2.1215,id482097|id482097|id745979,2.12|2.12|2.12,matches next day (roll already happened)
HO,2026-01-30,4,id711006,2.533,id711006|id745979|id745979,2.53|2.74|2.74,matches next day (roll already happened)
HO,2026-02-27,4,id324570,2.596,id711006|id711006|id324570,2.67|2.67|2.6,matches next day (roll already happened)
HO,2026-03-31,4,id518631,4.1138,id324570|id324570|id518631,4.16|4.16|4.11,matches next day (roll already happened)
HO,2026-05-29,4,id361233,3.4886,id371168|id371168|id361233,3.54|3.54|3.49,matches next day (roll already happened)
HO,2026-07-31,4,id486417,4.0955,id486417|id134066|id134066,4.1|4.12|4.12,matches next day (roll already happened)
KE,2014-03-14,4,id880868,751.5,id880868|id365616|id365616,751.5|744.0|744.0,matches next day (roll already happened)
KE,2014-09-12,4,id504305,593.25,id827180|id827180|id504305,572.25|572.25|593.25,matches next day (roll already happened)
KE,2014-12-12,4,id504203,634.25,id504203|id504305|id504305,634.25|634.0|634.0,matches next day (roll already happened)
KE,2015-03-13,4,id311827,539.25,id311827|id504203|id504203,539.25|541.75|541.75,matches next day (roll already happened)
KE,2015-09-14,4,id566073,496.25,id566073|id696576|id696576,496.25|470.75|470.75,matches next day (roll already happened)
KE,2015-12-14,4,id145219,488.0,id566073|id566073|id145219,472.5|472.5|488.0,matches next day (roll already happened)
KE,2016-05-13,4,id510960,456.0,id510960|id833831|id833831,456.0|444.75|444.75,matches next day (roll already happened)
KE,2016-12-14,4,id274618,420.0,id336491|id336491|id274618,400.5|400.5|420.0,matches next day (roll already happened)
KE,2017-05-12,4,id624353,439.25,id624353|id85161|id85161,439.25|429.0|429.0,matches next day (roll already happened)
KE,2017-07-14,4,id708395,513.5,id624353|id624353|id708395,499.0|499.0|513.5,matches next day (roll already happened)
KE,2017-12-14,4,id454147,418.25,id454147|id516014|id516014,418.25|402.5|402.5,matches next day (roll already happened)
KE,2018-07-13,4,id808821,491.75,id63069|id63069|id808821,469.25|469.25|491.75,matches next day (roll already happened)
KE,2018-09-14,4,id101392,516.25,id101392|id808821|id808821,516.25|479.0|479.0,matches next day (roll already happened)
KE,2018-12-14,4,id88282,518.25,id101392|id101392|id88282,492.5|492.5|518.25,matches next day (roll already happened)
KE,2019-07-12,4,id694406,467.25,id694406|id141774|id141774,467.25|461.25|461.25,matches next day (roll already happened)
KE,2019-09-13,4,id532524,399.75,id532524|id694406|id694406,399.75|383.5|383.5,matches next day (roll already happened)
KE,2019-12-13,4,id117331,442.75,id532524|id532524|id117331,427.5|427.5|442.75,matches next day (roll already happened)
KE,2020-03-13,4,id340148,431.5,id117331|id117331|id340148,431.25|431.25|431.5,matches next day (roll already happened)
KE,2021-03-12,4,id169700,603.5,id169700|id383204|id383204,603.5|595.0|595.0,matches next day (roll already happened)
KE,2021-05-14,4,id777327,657.75,id169700|id169700|id777327,651.75|651.75|657.75,matches next day (roll already happened)
KE,2021-12-14,4,id104607,811.75,id182563|id182563|id104607,805.25|805.25|811.75,matches next day (roll already happened)
KE,2022-05-13,4,id233898,1282.0,id233898|id628335|id628335,1282.0|1252.75|1252.75,matches next day (roll already happened)
KE,2022-12-14,4,id413260,850.25,id413260|id727661|id727661,850.25|869.75|869.75,matches next day (roll already happened)
KE,2023-05-12,4,id443766,877.0,id291439|id291439|id443766,891.75|891.75|877.0,matches next day (roll already happened)
KE,2023-07-14,4,id65298,829.0,id65298|id443766|id443766,829.0|809.25|809.25,matches next day (roll already happened)
KE,2023-12-14,4,id672861,636.5,id279057|id279057|id672861,626.75|626.75|636.5,matches next day (roll already happened)
KE,2024-07-12,4,id296440,567.75,id296440|id234273|id234273,567.75|604.0|604.0,matches next day (roll already happened)
KE,2024-09-13,4,id266019,600.0,id266019|id296440|id296440,600.0|578.5|578.5,matches next day (roll already happened)
KE,2024-12-13,4,id52142,557.0,id266019|id266019|id52142,538.75|538.75|557.0,matches next day (roll already happened)
KE,2025-03-14,4,id275391,586.0,id275391|id52142|id52142,586.0|573.5|573.5,matches next day (roll already happened)
KE,2025-09-12,4,id4120855,514.75,id4120855|id4121245|id4121245,514.75|487.0|487.0,matches next day (roll already happened)
KE,2025-12-12,4,id4120856,518.0,id4120856|id4120855|id4120855,518.0|498.75|498.75,matches next day (roll already happened)
KE,2026-03-13,4,id4121231,630.0,id4121231|id4120856|id4120856,630.0|618.75|618.75,matches next day (roll already happened)
LE,2010-06-30,4,id8715,90.025,id103|id103|id8715,91.25|91.25|90.02,matches next day (roll already happened)
LE,2010-08-31,4,id286,97.275,id8715|id8715|id286,97.25|97.25|97.28,matches next day (roll already happened)
LE,2010-10-29,4,id15871,98.825,id15871|id286|id286,98.82|98.85|98.85,matches next day (roll already happened)
LE,2010-12-31,4,id12740,108.35,id12740|id15871|id15871,108.35|107.9|107.9,matches next day (roll already happened)
LE,2011-02-28,4,id5895,112.9,id5895|id12740|id12740,112.9|110.25|110.25,matches next day (roll already happened)
LE,2011-04-29,4,id23679,113.35,id5895|id5895|id23679,117.05|117.05|113.35,matches next day (roll already happened)
LE,2011-06-30,4,id62055,110.875,id23679|id23679|id62055,112.75|112.75|110.88,matches next day (roll already happened)
LE,2011-08-31,4,id45725,114.025,id45725|id62055|id62055,114.02|113.0|113.0,matches next day (roll already happened)
LE,2011-10-31,4,id12021,118.6,id12021|id45725|id45725,118.6|119.8|119.8,matches next day (roll already happened)
LE,2011-12-30,4,id27489,121.45,id12021|id12021|id27489,122.9|122.9|121.45,matches next day (roll already happened)
LE,2012-02-29,4,id3970,129.75,id27489|id27489|id3970,127.65|127.65|129.75,matches next day (roll already happened)
LE,2012-04-30,4,id7814,114.15,id7814|id3970|id3970,114.15|118.75|118.75,matches next day (roll already happened)
LE,2012-06-29,4,id68958,120.45,id68958|id7814|id7814,120.45|116.55|116.55,matches next day (roll already happened)
LE,2012-08-31,4,id36603,126.025,id36603|id68958|id68958,126.02|118.08|118.08,matches next day (roll already happened)
LE,2013-06-28,4,id98503,122.025,id59192|id59192|id98503,118.15|118.15|122.02,matches next day (roll already happened)
LE,2013-08-30,4,id74197,126.8,id98503|id98503|id74197,122.7|122.7|126.8,matches next day (roll already happened)
LE,2014-02-28,4,id237704,144.975,id237704|id97937|id97937,144.98|151.95|151.95,matches next day (roll already happened)
LE,2014-08-29,4,id49320,151.425,id105641|id105641|id49320,155.9|155.9|151.43,matches next day (roll already happened)
LE,2014-10-31,4,id49360,166.05,id49320|id49320|id49360,169.5|169.5|166.05,matches next day (roll already happened)
LE,2014-12-31,2,id49474,163.55,id49474,163.55,matches next day (roll already happened)
LE,2015-02-27,4,id94887,151.7,id49474|id49474|id94887,158.0|158.0|151.7,matches next day (roll already happened)
LE,2015-06-30,4,id98677,148.075,id167086|id167086|id98677,147.85|147.85|148.07,matches next day (roll already happened)
LE,2015-10-30,4,id7780,141.725,id7780|id5647|id5647,141.72|139.25|139.25,matches next day (roll already happened)
LE,2015-12-31,4,id13621,136.8,id13621|id7780|id7780,136.8|135.8|135.8,matches next day (roll already happened)
LE,2016-02-29,4,id15172,136.975,id13621|id13621|id15172,139.5|139.5|136.98,matches next day (roll already happened)
LE,2016-04-29,4,id165581,114.925,id165581|id15172|id15172,114.92|123.1|123.1,matches next day (roll already happened)
LE,2016-12-30,4,id108928,116.05,id108928|id144592|id144592,116.05|119.0|119.0,matches next day (roll already happened)
LE,2017-02-28,4,id25444,117.925,id25444|id108928|id108928,117.92|126.6|126.6,matches next day (roll already happened)
LE,2017-04-28,4,id139,124.025,id139|id25444|id25444,124.02|138.0|138.0,matches next day (roll already happened)
LE,2017-06-30,4,id64,116.3,id139|id139|id64,119.1|119.1|116.3,matches next day (roll already happened)
LE,2017-12-29,4,id8235,121.55,id18815|id18815|id8235,123.0|123.0|121.55,matches next day (roll already happened)
LE,2018-02-28,4,id125548,123.275,id125548|id8235|id8235,123.28|127.5|127.5,matches next day (roll already happened)
LE,2018-06-29,4,id296586,106.725,id296586|id244012|id244012,106.72|107.0|107.0,matches next day (roll already happened)
LE,2018-08-31,4,id118550,108.775,id118550|id296586|id296586,108.78|106.8|106.8,matches next day (roll already happened)
LE,2018-12-31,4,id4390,123.875,id61478|id61478|id4390,124.8|124.8|123.88,matches next day (roll already happened)
LE,2019-02-28,4,id79482,129.85,id4390|id4390|id79482,129.95|129.95|129.85,matches next day (roll already happened)
LE,2019-06-28,4,id45200,104.35,id45200|id88159|id88159,104.35|110.5|110.5,matches next day (roll already happened)
LE,2019-08-30,4,id163980,98.925,id163980|id45200|id45200,98.92|105.0|105.0,matches next day (roll already happened)
LE,2019-12-31,4,id55623,125.925,id55623|id19296|id19296,125.92|124.7|124.7,matches next day (roll already happened)
LE,2020-02-28,4,id6570,107.575,id55623|id55623|id6570,112.7|112.7|107.58,matches next day (roll already happened)
LE,2020-04-30,4,id325457,85.95,id325457|id6570|id6570,85.95|90.0|90.0,matches next day (roll already happened)
LE,2020-10-30,4,id171885,108.3,id171885|id26421|id26421,108.3|105.98|105.98,matches next day (roll already happened)
LE,2020-12-31,4,id65665,115.025,id171885|id171885|id65665,112.95|112.95|115.02,matches next day (roll already happened)
LE,2021-02-26,4,id2324,120.0,id2324|id65665|id65665,120.0|113.1|113.1,matches next day (roll already happened)
LE,2021-04-30,4,id12842,116.575,id12842|id2324|id2324,116.58|116.0|116.0,matches next day (roll already happened)
LE,2021-10-29,4,id38388,129.275,id38388|id37535|id37535,129.28|127.38|127.38,matches next day (roll already happened)
LE,2021-12-31,4,id77508,139.7,id38388|id38388|id77508,138.9|138.9|139.7,matches next day (roll already happened)
LE,2022-02-28,4,id50598,141.425,id50598|id77508|id77508,141.43|140.5|140.5,matches next day (roll already happened)
LE,2022-04-29,4,id265304,132.65,id50598|id50598|id265304,141.9|141.9|132.65,matches next day (roll already happened)
LE,2022-12-30,4,id10592,157.9,id10592|id172109|id172109,157.9|154.82|154.82,matches next day (roll already happened)
LE,2023-04-28,4,id5211,165.475,id106424|id106424|id5211,175.18|175.18|165.48,matches next day (roll already happened)
LE,2023-06-30,4,id94571,177.175,id5211|id5211|id94571,181.5|181.5|177.18,matches next day (roll already happened)
LE,2023-12-29,4,id227267,168.5,id901|id901|id227267,173.68|173.68|168.5,matches next day (roll already happened)
LE,2024-02-29,4,id126564,185.35,id126564|id227267|id227267,185.35|184.0|184.0,matches next day (roll already happened)
LE,2024-06-28,4,id289303,185.425,id289303|id50300|id50300,185.42|193.5|193.5,matches next day (roll already happened)
LE,2024-08-30,4,id93290,178.6,id289303|id289303|id93290,185.85|185.85|178.6,matches next day (roll already happened)
LE,2024-12-31,4,id42023491,191.6,id4129493|id4129493|id42023491,193.85|193.85|191.6,matches next day (roll already happened)
LE,2025-02-28,4,id42167175,192.65,id42023491|id42023491|id42167175,197.72|197.72|192.65,matches next day (roll already happened)
LE,2025-08-29,4,id42249884,239.65,id42249884|id42259669|id42259669,239.65|241.9|241.9,matches next day (roll already happened)
LE,2025-10-31,4,id42041124,229.675,id42249884|id42249884|id42041124,236.6|236.6|229.68,matches next day (roll already happened)
LE,2025-12-31,4,id42000549,231.6,id42000549|id42041124|id42041124,231.6|232.0|232.0,matches next day (roll already happened)
LE,2026-02-27,4,id42406129,232.225,id42000549|id42000549|id42406129,244.0|244.0|232.22,matches next day (roll already happened)
M2K,2019-06-21,4,id7341,1552.0,id7341|id7449|id7449,1552.0|1554.55|1554.55,matches next day (roll already happened)
M2K,2019-09-20,4,id7363,1561.3,id7363|id7341|id7341,1561.3|1562.38|1562.38,matches next day (roll already happened)
M2K,2019-12-20,4,id7420,1674.0,id7363|id7363|id7420,1672.12|1672.12|1674.0,matches next day (roll already happened)
M2K,2020-03-20,4,id7207,1015.9,id7207|id7420|id7420,1015.9|1069.24|1069.24,matches next day (roll already happened)
M2K,2020-06-19,4,id17929,1401.9,id7207|id7207|id17929,1442.72|1442.72|1401.9,matches next day (roll already happened)
M2K,2020-09-18,4,id26084,1535.6,id17929|id17929|id26084,1557.61|1557.61|1535.6,matches next day (roll already happened)
M2K,2020-12-18,4,id9534,1965.6,id9534|id26084|id26084,1965.6|1986.3|1986.3,matches next day (roll already happened)
M2K,2021-03-19,4,id18174,2279.1,id18174|id9534|id9534,2279.1|2266.16|2266.16,matches next day (roll already happened)
M2K,2021-06-18,4,id3869,2230.6,id18174|id18174|id3869,2259.47|2259.47|2230.6,matches next day (roll already happened)
M2K,2021-09-17,4,id17409,2228.3,id3869|id3869|id17409,2241.04|2241.04|2228.3,matches next day (roll already happened)
M2K,2021-12-17,4,id4790,2167.6,id17409|id17409|id4790,2142.43|2142.43|2167.6,matches next day (roll already happened)
M2K,2022-03-18,4,id13147,2080.2,id13147|id4790|id4790,2080.2|2062.69|2062.69,matches next day (roll already happened)
M2K,2022-06-17,4,id411,1665.1,id13147|id13147|id411,1664.11|1664.11|1665.1,matches next day (roll already happened)
M2K,2022-09-16,4,id9208,1803.4,id411|id411|id9208,1804.58|1804.58|1803.4,matches next day (roll already happened)
M2K,2022-12-16,4,id20443,1774.2,id9208|id9208|id20443,1752.41|1752.41|1774.2,matches next day (roll already happened)
M2K,2023-03-17,4,id2634,1738.4,id20443|id20443|id2634,1759.01|1759.01|1738.4,matches next day (roll already happened)
M2K,2023-06-16,4,id2646,1893.4,id2634|id2634|id2646,1909.1|1909.1|1893.4,matches next day (roll already happened)
M2K,2023-09-15,4,id29665,1865.1,id29665|id2646|id2646,1865.1|1861.06|1861.06,matches next day (roll already happened)
M2K,2023-12-15,4,id1359,2005.4,id1359|id29665|id29665,2005.4|2009.33|2009.33,matches next day (roll already happened)
M2K,2024-03-15,4,id7128,2063.3,id7128|id1359|id1359,2063.3|2019.05|2019.05,matches next day (roll already happened)
M2K,2024-06-21,4,id11768,2043.4,id11768|id7128|id7128,2043.4|2015.54|2015.54,matches next day (roll already happened)
M2K,2024-09-20,4,id42025327,2252.6,id42025327|id11768|id11768,2252.6|2244.45|2244.45,matches next day (roll already happened)
M2K,2024-12-20,4,id42005649,2267.8,id42005649|id42025327|id42025327,2267.8|2194.05|2194.05,matches next day (roll already happened)
M2K,2025-03-21,4,id42000774,2074.4,id42000774|id42005649|id42005649,2074.4|2045.65|2045.65,matches next day (roll already happened)
M2K,2025-06-20,4,id42002059,2124.9,id42002059|id42000774|id42000774,2124.9|2128.86|2128.86,matches next day (roll already happened)
M2K,2025-09-19,4,id42002511,2466.3,id42002059|id42002059|id42002511,2472.04|2472.04|2466.3,matches next day (roll already happened)
M2K,2025-12-19,4,id42002147,2545.9,id42002511|id42002511|id42002147,2509.56|2509.56|2545.9,matches next day (roll already happened)
M2K,2026-03-20,4,id42002073,2455.0,id42002073|id42002147|id42002147,2455.0|2496.4|2496.4,matches next day (roll already happened)
M2K,2026-06-18,4,id42004428,3000.0,id42002073|id42002073|id42004428,2960.73|2960.73|3000.0,matches next day (roll already happened)
MCL,2010-06-22,4,id182056,77.85,id182055|id182055|id182056,77.21|77.21|77.85,matches next day (roll already happened)
MCL,2010-07-20,4,id182057,77.58,id182056|id182056|id182057,77.44|77.44|77.58,matches next day (roll already happened)
MCL,2010-08-20,4,id182058,73.82,id182057|id182057|id182058,73.46|73.46|73.82,matches next day (roll already happened)
MCL,2010-09-21,4,id182059,74.97,id182058|id182058|id182059,73.52|73.52|74.97,matches next day (roll already happened)
MCL,2010-10-20,4,id182010,82.54,id182010|id182059|id182059,82.54|81.77|81.77,matches next day (roll already happened)
MCL,2010-11-19,4,id182060,81.98,id182060|id182010|id182010,81.98|81.51|81.51,matches next day (roll already happened)
MCL,2010-12-20,4,id182061,89.37,id182060|id182060|id182061,88.81|88.81|89.37,matches next day (roll already happened)
MCL,2011-01-20,4,id182062,89.59,id182061|id182061|id182062,88.86|88.86|89.59,matches next day (roll already happened)
MCL,2011-02-22,4,id182063,95.42,id182062|id182062|id182063,93.57|93.57|95.42,matches next day (roll already happened)
MCL,2011-03-22,4,id182064,104.97,id182063|id182063|id182064,104.0|104.0|104.97,matches next day (roll already happened)
MCL,2011-05-20,4,id182066,100.1,id182065|id182065|id182066,99.49|99.49|100.1,matches next day (roll already happened)
MCL,2011-06-21,4,id182067,94.17,id182066|id182066|id182067,93.4|93.4|94.17,matches next day (roll already happened)
MCL,2011-07-20,4,id182068,98.4,id182067|id182067|id182068,98.14|98.14|98.4,matches next day (roll already happened)
MCL,2011-08-22,4,id182069,84.42,id182068|id182068|id182069,84.12|84.12|84.42,matches next day (roll already happened)
MCL,2011-09-20,4,id182070,86.92,id182070|id182069|id182069,86.92|86.89|86.89,matches next day (roll already happened)
MCL,2011-10-20,4,id182020,86.07,id182020|id182070|id182070,86.07|85.3|85.3,matches next day (roll already happened)
MCL,2011-11-18,4,id187485,97.67,id187485|id182020|id182020,97.67|97.41|97.41,matches next day (roll already happened)
MCL,2011-12-20,4,id187486,97.24,id187485|id187485|id187486,97.22|97.22|97.24,matches next day (roll already happened)
MCL,2012-01-20,4,id187487,98.33,id187486|id187486|id187487,98.46|98.46|98.33,matches next day (roll already happened)
MCL,2012-02-21,4,id187488,106.25,id187488|id187487|id187487,106.25|105.84|105.84,matches next day (roll already happened)
MCL,2012-03-20,4,id187489,106.07,id187488|id187488|id187489,105.61|105.61|106.07,matches next day (roll already happened)
MCL,2012-04-20,4,id187490,103.88,id187490|id187489|id187489,103.88|103.05|103.05,matches next day (roll already happened)
MCL,2012-05-22,4,id187491,91.85,id187490|id187490|id187491,91.66|91.66|91.85,matches next day (roll already happened)
MCL,2012-06-20,4,id187492,81.45,id187491|id187491|id187492,81.8|81.8|81.45,matches next day (roll already happened)
MCL,2012-07-20,4,id187493,91.83,id187492|id187492|id187493,91.44|91.44|91.83,matches next day (roll already happened)
MCL,2012-11-16,4,id403391,86.92,id182032|id182032|id403391,86.67|86.67|86.92,matches next day (roll already happened)
MCL,2013-01-22,4,id553122,96.68,id503306|id503306|id553122,96.24|96.24|96.68,matches next day (roll already happened)
MCL,2013-09-20,4,id353303,104.75,id353303|id603475|id603475,104.75|104.67|104.67,matches next day (roll already happened)
MCL,2013-12-19,4,id706802,99.04,id655870|id655870|id706802,98.77|98.77|99.04,matches next day (roll already happened)
MCL,2014-01-21,4,id756241,94.97,id706802|id706802|id756241,94.99|94.99|94.97,matches next day (roll already happened)
MCL,2014-06-20,4,id819165,106.83,id819165|id856639|id856639,106.83|107.26|107.26,matches next day (roll already happened)
MCL,2014-12-19,4,id201012,57.13,id101721|id101721|id201012,56.52|56.52|57.13,matches next day (roll already happened)
MCL,2015-02-20,4,id301158,50.81,id250614|id250614|id301158,50.34|50.34|50.81,matches next day (roll already happened)
MCL,2015-03-20,4,id350597,46.57,id301158|id301158|id350597,45.72|45.72|46.57,matches next day (roll already happened)
MCL,2015-11-20,4,id666022,41.9,id666022|id176502|id176502,41.9|40.39|40.39,matches next day (roll already happened)
MCL,2015-12-21,4,id490640,35.81,id490640|id666022|id666022,35.81|34.74|34.74,matches next day (roll already happened)
MCL,2016-01-20,4,id238629,28.35,id238629|id490640|id490640,28.35|26.55|26.55,matches next day (roll already happened)
MCL,2016-02-22,4,id633738,33.39,id238629|id238629|id633738,31.48|31.48|33.39,matches next day (roll already happened)
MCL,2016-05-20,4,id733636,48.41,id253153|id253153|id733636,47.75|47.75|48.41,matches next day (roll already happened)
MCL,2016-08-22,4,id526523,47.41,id526523|id140611|id140611,47.41|47.05|47.05,matches next day (roll already happened)
MCL,2016-11-21,4,id784319,48.24,id784319|id303804|id303804,48.24|47.49|47.49,matches next day (roll already happened)
MCL,2016-12-20,4,id468198,53.3,id468198|id784319|id784319,53.3|52.23|52.23,matches next day (roll already happened)
MCL,2017-01-20,4,id461443,53.22,id461443|id468198|id468198,53.22|52.42|52.42,matches next day (roll already happened)
MCL,2017-10-20,4,id18179,51.84,id18179|id660580|id660580,51.84|51.47|51.47,matches next day (roll already happened)
MCL,2017-11-20,4,id800225,56.42,id18179|id18179|id800225,56.09|56.09|56.42,matches next day (roll already happened)
MCL,2018-01-22,4,id669714,63.57,id253894|id253894|id669714,63.49|63.49|63.57,matches next day (roll already happened)
MCL,2018-02-20,4,id477338,61.79,id477338|id669714|id669714,61.79|61.9|61.9,matches next day (roll already happened)
MCL,2018-04-20,4,id45928,68.4,id45928|id545967|id545967,68.4|68.38|68.38,matches next day (roll already happened)
MCL,2018-07-20,4,id738344,68.26,id253896|id253896|id738344,70.46|70.46|68.26,matches next day (roll already happened)
MCL,2018-11-19,4,id110955,57.2,id110955|id60391|id60391,57.2|56.76|56.76,matches next day (roll already happened)
MCL,2019-01-22,4,id79323,53.01,id303281|id303281|id79323,52.57|52.57|53.01,matches next day (roll already happened)
MCL,2019-09-20,4,id405685,58.09,id405685|id82818|id82818,58.09|58.09|58.09,matches next day (roll already happened)
MCL,2019-12-19,4,id750664,61.18,id173724|id173724|id750664,61.22|61.22|61.18,matches next day (roll already happened)
MCL,2020-01-21,4,id558279,58.38,id558279|id750664|id750664,58.38|58.34|58.34,matches next day (roll already happened)
MCL,2020-03-20,4,id22770,22.63,id22770|id496408|id496408,22.63|22.43|22.43,matches next day (roll already happened)
MCL,2020-04-21,4,id653814,11.57,id22770|id22770|id653814,10.01|10.01|11.57,matches next day (roll already happened)
MCL,2020-05-19,4,id105602,31.96,id653814|id653814|id105602,32.5|32.5|31.96,matches next day (roll already happened)
MCL,2020-11-20,4,id66414,42.42,id207193|id207193|id66414,42.15|42.15|42.42,matches next day (roll already happened)
MCL,2020-12-21,4,id362120,47.97,id66414|id66414|id362120,47.74|47.74|47.97,matches next day (roll already happened)
MCL,2021-01-20,4,id169953,53.31,id169953|id362120|id362120,53.31|53.24|53.24,matches next day (roll already happened)
MCL,2021-02-22,4,id746868,61.7,id169953|id169953|id746868,61.49|61.49|61.7,matches next day (roll already happened)
MCL,2021-08-20,4,id581506,62.14,id581506|id773890|id773890,62.14|62.32|62.32,matches next day (roll already happened)
MCL,2021-11-19,4,id459060,75.94,id415463|id415463|id459060,76.1|76.1|75.94,matches next day (roll already happened)
MCL,2022-02-22,4,id620966,91.91,id237359|id237359|id620966,92.35|92.35|91.91,matches next day (roll already happened)
MCL,2022-05-20,4,id428598,110.28,id351646|id351646|id428598,113.23|113.23|110.28,matches next day (roll already happened)
MCL,2022-09-20,4,id248412,83.94,id248412|id437929|id437929,83.94|84.45|84.45,matches next day (roll already happened)
MCL,2022-11-21,4,id93419,80.04,id495655|id495655|id93419,79.73|79.73|80.04,matches next day (roll already happened)
MCL,2022-12-20,4,id255319,76.23,id255319|id93419|id93419,76.23|76.09|76.09,matches next day (roll already happened)
MCL,2023-01-20,4,id701062,81.64,id701062|id255319|id255319,81.64|81.31|81.31,matches next day (roll already happened)
MCL,2023-10-20,4,id215236,88.08,id215236|id710431|id710431,88.08|88.75|88.75,matches next day (roll already happened)
MCL,2023-11-20,4,id78460,77.83,id215236|id215236|id78460,77.6|77.6|77.83,matches next day (roll already happened)
MCL,2024-01-22,4,id463194,74.76,id463194|id686071|id686071,74.76|75.19|75.19,matches next day (roll already happened)
MCL,2024-09-20,4,id230943,71.0,id230943|id392826|id392826,71.0|71.92|71.92,matches next day (roll already happened)
MCL,2024-12-19,4,id615689,69.38,id38601|id38601|id615689,69.91|69.91|69.38,matches next day (roll already happened)
MCL,2025-01-21,4,id37014,75.83,id37014|id615689|id615689,75.83|75.89|75.89,matches next day (roll already happened)
MCL,2025-02-20,4,id625061,72.48,id37014|id37014|id625061,72.57|72.57|72.48,matches next day (roll already happened)
MCL,2025-06-20,4,id209884,73.84,id209884|id402185|id402185,73.84|74.93|74.93,matches next day (roll already happened)
MCL,2025-12-19,4,id383438,56.52,id383438|id240384|id240384,56.52|56.66|56.66,matches next day (roll already happened)
MCL,2026-01-20,4,id191166,60.36,id191166|id383438|id383438,60.36|60.34|60.34,matches next day (roll already happened)
MCL,2026-02-20,4,id768197,66.48,id191166|id191166|id768197,66.39|66.39|66.48,matches next day (roll already happened)
MCL,2026-03-20,4,id169926,98.23,id169926|id768197|id768197,98.23|98.32|98.32,matches next day (roll already happened)
MES,2019-06-21,4,id7859,2950.5,id7849|id7849|id7859,2953.9|2953.9|2950.5,matches next day (roll already happened)
MES,2019-09-20,4,id7868,2989.5,id7868|id7859|id7859,2989.5|3013.61|3013.61,matches next day (roll already happened)
MES,2019-12-20,4,id8001,3225.75,id7868|id7868|id8001,3231.02|3231.02|3225.75,matches next day (roll already happened)
MES,2020-03-20,4,id8034,2288.5,id8001|id8001|id8034,2437.98|2437.98|2288.5,matches next day (roll already happened)
MES,2020-06-19,4,id20871,3059.5,id8034|id8034|id20871,3161.26|3161.26|3059.5,matches next day (roll already happened)
MES,2020-09-18,4,id24948,3316.25,id20871|id20871|id24948,3353.6|3353.6|3316.25,matches next day (roll already happened)
MES,2020-12-18,4,id8963,3706.25,id8963|id24948|id24948,3706.25|3726.25|3726.25,matches next day (roll already happened)
MES,2021-03-19,4,id18659,3899.75,id18659|id8963|id8963,3899.75|3912.62|3912.62,matches next day (roll already happened)
MES,2021-06-18,4,id2055,4153.5,id18659|id18659|id2055,4187.25|4187.25|4153.5,matches next day (roll already happened)
MES,2021-09-17,4,id3196,4421.75,id3196|id2055|id2055,4421.75|4464.33|4464.33,matches next day (roll already happened)
MES,2021-12-17,4,id11355,4610.0,id11355|id3196|id3196,4610.0|4636.46|4636.46,matches next day (roll already happened)
MES,2022-03-18,4,id13615,4453.5,id11355|id11355|id13615,4409.35|4409.35|4453.5,matches next day (roll already happened)
MES,2022-06-17,4,id10039,3675.75,id10039|id13615|id13615,3675.75|3663.76|3663.76,matches next day (roll already happened)
MES,2022-09-16,4,id10299,3890.0,id10039|id10039|id10299,3871.24|3871.24|3890.0,matches next day (roll already happened)
MES,2022-12-16,4,id2080,3879.0,id2080|id10299|id10299,3879.0|3871.47|3871.47,matches next day (roll already happened)
MES,2023-03-17,4,id9270,3947.0,id2080|id2080|id9270,3957.05|3957.05|3947.0,matches next day (roll already happened)
MES,2023-06-16,4,id2922,4453.75,id2922|id9270|id9270,4453.75|4453.35|4453.35,matches next day (roll already happened)
MES,2023-09-15,4,id24925,4498.0,id2922|id2922|id24925,4491.72|4491.72|4498.0,matches next day (roll already happened)
MES,2023-12-15,4,id763,4768.0,id24925|id24925|id763,4694.27|4694.27|4768.0,matches next day (roll already happened)
MES,2024-03-15,4,id13804,5182.75,id763|id763|id13804,5101.67|5101.67|5182.75,matches next day (roll already happened)
MES,2024-06-21,4,id7114,5534.25,id13804|id13804|id7114,5471.89|5471.89|5534.25,matches next day (roll already happened)
MES,2024-09-20,4,id42034014,5762.0,id7114|id7114|id42034014,5699.99|5699.99|5762.0,matches next day (roll already happened)
MES,2024-12-20,4,id42005347,6001.75,id42005347|id42034014|id42034014,6001.75|5840.26|5840.26,matches next day (roll already happened)
MES,2025-03-21,4,id42003627,5718.25,id42003627|id42005347|id42005347,5718.25|5617.8|5617.8,matches next day (roll already happened)
MES,2025-06-20,4,id42002651,6018.0,id42003627|id42003627|id42002651,6010.21|6010.21|6018.0,matches next day (roll already happened)
MES,2025-09-19,4,id42004164,6722.5,id42002651|id42002651|id42004164,6658.77|6658.77|6722.5,matches next day (roll already happened)
MES,2025-12-19,4,id42003800,6887.25,id42004164|id42004164|id42003800,6796.54|6796.54|6887.25,matches next day (roll already happened)
MES,2026-03-20,4,id42005163,6559.0,id42003800|id42003800|id42005163,6594.63|6594.63|6559.0,matches next day (roll already happened)
MES,2026-06-18,4,id42003239,7570.75,id42003239|id42005163|id42005163,7570.75|7508.43|7508.43,matches next day (roll already happened)
MGC,2010-06-28,4,id102338,1238.2,id197009|id197009|id102338,1238.2|1238.2|1238.2,matches next day (roll already happened)
MGC,2010-07-28,4,id104313,1160.4,id102338|id102338|id104313,1160.4|1160.4|1160.4,matches next day (roll already happened)
MGC,2010-08-27,4,id115287,1235.6,id115287|id104313|id104313,1235.6|1236.0|1236.0,matches next day (roll already happened)
MGC,2010-09-28,4,id145539,1306.6,id115287|id115287|id145539,1306.6|1306.6|1306.6,matches next day (roll already happened)
MGC,2010-10-27,4,id125866,1322.2,id145539|id145539|id125866,1322.2|1322.2|1322.2,matches next day (roll already happened)
MGC,2010-11-26,4,id197012,1362.4,id125866|id125866|id197012,1362.3|1362.3|1362.4,matches next day (roll already happened)
MGC,2010-12-29,4,id153046,1413.1,id153046|id197012|id197012,1413.1|1413.1|1413.1,matches next day (roll already happened)
MGC,2011-01-27,4,id102263,1318.4,id153046|id153046|id102263,1318.4|1318.4|1318.4,matches next day (roll already happened)
MGC,2011-02-24,4,id193902,1415.2,id102263|id102263|id193902,1415.3|1415.3|1415.2,matches next day (roll already happened)
MGC,2011-03-29,4,id116332,1416.2,id193902|id193902|id116332,1416.0|1416.0|1416.2,matches next day (roll already happened)
MGC,2011-04-27,4,id153757,1516.6,id116332|id116332|id153757,1516.7|1516.7|1516.6,matches next day (roll already happened)
MGC,2011-05-26,4,id197015,1522.8,id153757|id153757|id197015,1522.8|1522.8|1522.8,matches next day (roll already happened)
MGC,2011-06-28,4,id138299,1499.7,id138299|id197015|id197015,1499.7|1499.7|1499.7,matches next day (roll already happened)
MGC,2011-07-27,4,id107159,1615.1,id107159|id138299|id138299,1615.1|1615.0|1615.0,matches next day (roll already happened)
MGC,2011-08-29,4,id129821,1788.5,id107159|id107159|id129821,1788.4|1788.4|1788.5,matches next day (roll already happened)
MGC,2011-09-28,4,id103821,1616.1,id103821|id129821|id129821,1616.1|1616.3|1616.3,matches next day (roll already happened)
MGC,2011-10-27,4,id276,1746.7,id276|id103821|id103821,1746.7|1746.7|1746.7,matches next day (roll already happened)
MGC,2011-11-28,4,id197210,1710.8,id197210|id276|id276,1710.8|1710.8|1710.8,matches next day (roll already happened)
MGC,2011-12-28,4,id897,1563.0,id197210|id197210|id897,1562.9|1562.9|1563.0,matches next day (roll already happened)
MGC,2012-01-27,4,id143862,1732.2,id143862|id897|id897,1732.2|1731.8|1731.8,matches next day (roll already happened)
MGC,2012-02-27,4,id62967,1773.6,id143862|id143862|id62967,1773.6|1773.6|1773.6,matches next day (roll already happened)
MGC,2012-03-28,4,id169060,1657.9,id62967|id62967|id169060,1657.9|1657.9|1657.9,matches next day (roll already happened)
MGC,2012-04-26,4,id70521,1659.6,id169060|id169060|id70521,1659.6|1659.6|1659.6,matches next day (roll already happened)
MGC,2012-05-29,4,id100686,1548.7,id70521|id70521|id100686,1548.6|1548.6|1548.7,matches next day (roll already happened)
MGC,2012-06-27,4,id30341,1577.6,id100686|id100686|id30341,1577.5|1577.5|1577.6,matches next day (roll already happened)
MGC,2012-07-27,4,id171052,1618.0,id171052|id30341|id30341,1618.0|1617.9|1617.9,matches next day (roll already happened)
MGC,2012-08-29,4,id17740,1659.5,id171052|id171052|id17740,1659.8|1659.8|1659.5,matches next day (roll already happened)
MGC,2013-01-29,4,id170024,1660.8,id170024|id193532|id193532,1660.8|1660.7|1660.7,matches next day (roll already happened)
MGC,2013-02-26,4,id399735,1615.0,id170024|id170024|id399735,1615.2|1615.2|1615.0,matches next day (roll already happened)
MGC,2013-04-26,4,id87537,1453.6,id118305|id118305|id87537,1453.6|1453.6|1453.6,matches next day (roll already happened)
MGC,2014-01-29,4,id99832,1262.2,id99832|id485|id485,1262.2|1262.2|1262.2,matches next day (roll already happened)
MGC,2014-02-26,4,id59720,1328.0,id59720|id99832|id99832,1328.0|1328.2|1328.2,matches next day (roll already happened)
MGC,2014-09-26,4,id237954,1214.1,id237954|id660|id660,1214.1|1214.1|1214.1,matches next day (roll already happened)
MGC,2014-11-25,4,id152343,1197.1,id152343|id964|id964,1197.1|1197.1|1197.1,matches next day (roll already happened)
MGC,2014-12-29,4,id795,1181.7,id152343|id152343|id795,1181.7|1181.7|1181.7,matches next day (roll already happened)
MGC,2015-03-27,4,id149695,1199.8,id413|id413|id149695,1199.8|1199.8|1199.8,matches next day (roll already happened)
MGC,2015-06-26,4,id23374,1172.9,id23374|id140855|id140855,1172.9|1172.9|1172.9,matches next day (roll already happened)
MGC,2015-11-25,4,id122816,1070.0,id122816|id24592|id24592,1070.0|1070.5|1070.5,matches next day (roll already happened)
MGC,2015-12-29,4,id70390,1068.3,id70390|id122816|id122816,1068.3|1077.5|1077.5,matches next day (roll already happened)
MGC,2016-01-27,4,id77179,1115.8,id70390|id70390|id77179,1116.1|1116.1|1115.8,matches next day (roll already happened)
MGC,2016-02-25,4,id30118,1238.2,id30118|id77179|id77179,1238.2|1238.2|1238.2,matches next day (roll already happened)
MGC,2016-11-28,4,id140396,1190.8,id140396|id46960|id46960,1190.8|1190.6|1190.6,matches next day (roll already happened)
MGC,2016-12-28,4,id206,1139.2,id140396|id140396|id206,1139.4|1139.4|1139.2,matches next day (roll already happened)
MGC,2017-01-27,4,id2188,1188.4,id2188|id206|id206,1188.4|1188.1|1188.1,matches next day (roll already happened)
MGC,2017-02-24,4,id225403,1256.8,id2188|id2188|id225403,1256.9|1256.9|1256.8,matches next day (roll already happened)
MGC,2017-03-29,4,id805,1253.7,id225403|id225403|id805,1253.4|1253.4|1253.7,matches next day (roll already happened)
MGC,2017-05-26,4,id160078,1268.1,id160078|id83262|id83262,1268.1|1267.6|1267.6,matches next day (roll already happened)
MGC,2017-06-28,4,id80917,1247.5,id160078|id160078|id80917,1248.0|1248.0|1247.5,matches next day (roll already happened)
MGC,2017-10-27,4,id29293,1268.2,id29293|id125944|id125944,1268.2|1268.5|1268.5,matches next day (roll already happened)
MGC,2017-11-28,4,id60173,1294.9,id29293|id29293|id60173,1294.7|1294.7|1294.9,matches next day (roll already happened)
MGC,2017-12-27,4,id30205,1288.3,id30205|id60173|id60173,1288.3|1287.0|1287.0,matches next day (roll already happened)
MGC,2018-01-29,4,id15562,1340.3,id15562|id30205|id30205,1340.3|1339.8|1339.8,matches next day (roll already happened)
MGC,2018-02-26,4,id221226,1330.3,id15562|id15562|id221226,1330.7|1330.7|1330.3,matches next day (roll already happened)
MGC,2018-07-27,4,id178970,1223.0,id3012|id3012|id178970,1222.6|1222.6|1223.0,matches next day (roll already happened)
MGC,2018-11-28,4,id276142,1223.6,id276142|id37773|id37773,1223.6|1221.4|1221.4,matches next day (roll already happened)
MGC,2018-12-27,4,id55542,1277.4,id276142|id276142|id55542,1277.3|1277.3|1277.4,matches next day (roll already happened)
MGC,2019-02-26,4,id346,1325.3,id346|id32257|id32257,1325.3|1325.1|1325.1,matches next day (roll already happened)
MGC,2019-04-26,4,id67705,1285.5,id14651|id14651|id67705,1284.9|1284.9|1285.5,matches next day (roll already happened)
MGC,2019-12-27,4,id28076,1514.3,id28076|id116834|id116834,1514.3|1513.8|1513.8,matches next day (roll already happened)
MGC,2020-01-29,4,id113040,1570.4,id113040|id28076|id28076,1570.4|1569.8|1569.8,matches next day (roll already happened)
MGC,2020-02-26,4,id14216,1640.4,id113040|id113040|id14216,1640.0|1640.0|1640.4,matches next day (roll already happened)
MGC,2020-03-27,4,id42623,1625.0,id42623|id14216|id14216,1625.0|1623.9|1623.9,matches next day (roll already happened)
MGC,2020-06-26,4,id4807,1773.3,id4807|id1026|id1026,1773.3|1772.5|1772.5,matches next day (roll already happened)
MGC,2020-11-25,4,id422,1805.5,id2733|id2733|id422,1805.7|1805.7|1805.5,matches next day (roll already happened)
MGC,2021-01-27,4,id6466,1844.9,id6466|id5276|id5276,1844.9|1844.9|1844.9,matches next day (roll already happened)
MGC,2021-02-24,4,id37830,1796.6,id37830|id6466|id6466,1796.6|1796.4|1796.4,matches next day (roll already happened)
MGC,2021-05-26,4,id100440,1901.2,id100440|id756|id756,1901.2|1901.3|1901.3,matches next day (roll already happened)
MGC,2021-08-27,4,id12881,1816.6,id12881|id152|id152,1816.6|1816.6|1816.6,matches next day (roll already happened)
MGC,2021-11-26,4,id51659,1785.5,id51659|id1612|id1612,1785.5|1785.3|1785.3,matches next day (roll already happened)
MGC,2021-12-29,4,id552,1804.8,id51659|id51659|id552,1805.1|1805.1|1804.8,matches next day (roll already happened)
MGC,2022-01-27,4,id14725,1793.1,id552|id552|id14725,1793.3|1793.3|1793.1,matches next day (roll already happened)
MGC,2022-02-24,4,id5929,1925.4,id14725|id14725|id5929,1925.1|1925.1|1925.4,matches next day (roll already happened)
MGC,2022-11-28,4,id225405,1740.3,id11998|id11998|id225405,1740.1|1740.1|1740.3,matches next day (roll already happened)
MGC,2023-01-27,4,id3324,1929.4,id10410|id10410|id3324,1928.6|1928.6|1929.4,matches next day (roll already happened)
MGC,2023-02-24,4,id10436,1809.2,id10436|id3324|id3324,1809.2|1808.8|1808.8,matches next day (roll already happened)
MGC,2023-05-26,4,id30052,1944.3,id214|id214|id30052,1944.1|1944.1|1944.3,matches next day (roll already happened)
MGC,2023-10-27,4,id42008386,1989.0,id64074|id64074|id42008386,1988.6|1988.6|1989.0,matches next day (roll already happened)
MGC,2023-12-27,4,id42009846,2083.4,id42009846|id7246|id7246,2083.4|2081.9|2081.9,matches next day (roll already happened)
MGC,2024-01-29,4,id41512,2025.4,id42009846|id42009846|id41512,2025.2|2025.2|2025.4,matches next day (roll already happened)
MGC,2024-04-26,4,id42010118,2335.0,id42010118|id44740|id44740,2335.0|2334.8|2334.8,matches next day (roll already happened)
MGC,2024-12-27,4,id42010851,2618.4,id42010851|id393|id393,2618.4|2617.2|2617.2,matches next day (roll already happened)
MGC,2025-01-29,4,id1551,2769.8,id1551|id42010851|id42010851,2769.8|2769.1|2769.1,matches next day (roll already happened)
MGC,2025-02-26,4,id42012428,2917.8,id1551|id1551|id42012428,2916.8|2916.8|2917.8,matches next day (roll already happened)
MGC,2025-09-26,4,id42001967,3776.2,id42001967|id42025107|id42025107,3776.2|3775.3|3775.3,matches next day (roll already happened)
MGC,2026-02-25,4,id42020164,5208.0,id42001025|id42001025|id42020164,5206.4|5206.4|5208.0,matches next day (roll already happened)
MGC,2026-03-27,4,id42000890,4492.5,id42000890|id42020164|id42020164,4492.5|4492.0|4492.0,matches next day (roll already happened)
MGC,2026-06-26,4,id42025500,4079.5,id42025500|id19181|id19181,4079.5|4078.7|4078.7,matches next day (roll already happened)
MHG,2010-06-28,4,id113864,3.0715,id119606|id119606|id113864,3.07|3.07|3.07,matches next day (roll already happened)
MHG,2010-07-28,4,id117961,3.2415,id113864|id113864|id117961,3.24|3.24|3.24,matches next day (roll already happened)
MHG,2010-08-27,4,id104322,3.363,id117961|id117961|id104322,3.36|3.36|3.36,matches next day (roll already happened)
MHG,2010-09-28,4,id119809,3.633,id104322|id104322|id119809,3.63|3.63|3.63,matches next day (roll already happened)
MHG,2010-10-27,4,id145574,3.7735,id145574|id119809|id119809,3.77|3.77|3.77,matches next day (roll already happened)
MHG,2010-11-26,4,id118482,3.751,id118482|id145574|id145574,3.75|3.75|3.75,matches next day (roll already happened)
MHG,2010-12-29,4,id109390,4.3065,id109390|id118482|id118482,4.31|4.31|4.31,matches next day (roll already happened)
MHG,2011-01-27,4,id126195,4.332,id126195|id109390|id109390,4.33|4.33|4.33,matches next day (roll already happened)
MHG,2011-02-24,4,id102267,4.3265,id102267|id126195|id126195,4.33|4.33|4.33,matches next day (roll already happened)
MHG,2011-03-29,4,id113733,4.339,id113733|id102267|id102267,4.34|4.34|4.34,matches next day (roll already happened)
MHG,2011-04-27,4,id116337,4.228,id113733|id113733|id116337,4.23|4.23|4.23,matches next day (roll already happened)
MHG,2011-05-26,4,id107788,4.107,id107788|id116337|id116337,4.11|4.11|4.11,matches next day (roll already happened)
MHG,2011-06-28,4,id113387,4.092,id107788|id107788|id113387,4.09|4.09|4.09,matches next day (roll already happened)
MHG,2011-07-27,4,id117975,4.4425,id113387|id113387|id117975,4.44|4.44|4.44,matches next day (roll already happened)
MHG,2011-08-29,4,id107166,4.089,id107166|id117975|id117975,4.09|4.09|4.09,matches next day (roll already happened)
MHG,2011-09-28,4,id115261,3.2375,id107166|id107166|id115261,3.24|3.24|3.24,matches next day (roll already happened)
MHG,2011-10-27,4,id103831,3.6885,id115261|id115261|id103831,3.69|3.69|3.69,matches next day (roll already happened)
MHG,2011-11-28,4,id101143,3.3605,id101143|id103831|id103831,3.36|3.36|3.36,matches next day (roll already happened)
MHG,2011-12-28,4,id168216,3.3615,id101143|id101143|id168216,3.36|3.36|3.36,matches next day (roll already happened)
MHG,2012-01-27,4,id165524,3.8855,id165524|id168216|id168216,3.89|3.88|3.88,matches next day (roll already happened)
MHG,2012-02-27,4,id164691,3.8805,id164691|id165524|id165524,3.88|3.88|3.88,matches next day (roll already happened)
MHG,2012-03-28,4,id188750,3.789,id188750|id164691|id164691,3.79|3.79|3.79,matches next day (roll already happened)
MHG,2012-04-26,4,id196436,3.767,id188750|id188750|id196436,3.77|3.77|3.77,matches next day (roll already happened)
MHG,2012-05-29,4,id192336,3.4615,id196436|id196436|id192336,3.46|3.46|3.46,matches next day (roll already happened)
MHG,2012-06-27,4,id188232,3.3495,id188232|id192336|id192336,3.35|3.35|3.35,matches next day (roll already happened)
MHG,2012-07-27,4,id167514,3.426,id167514|id188232|id188232,3.43|3.43|3.43,matches next day (roll already happened)
MHG,2012-08-29,4,id188717,3.4425,id167514|id167514|id188717,3.46|3.46|3.44,matches next day (roll already happened)
MHG,2013-01-29,4,id176138,3.6825,id176138|id180475|id180475,3.68|3.68|3.68,matches next day (roll already happened)
MHG,2013-02-26,4,id140153,3.5665,id140153|id176138|id176138,3.57|3.57|3.57,matches next day (roll already happened)
MHG,2013-04-26,4,id133448,3.1845,id133448|id133563|id133563,3.18|3.18|3.18,matches next day (roll already happened)
MHG,2014-01-29,4,id54323,3.2485,id54323|id48993|id48993,3.25|3.27|3.27,matches next day (roll already happened)
MHG,2014-02-26,4,id178756,3.2445,id178756|id54323|id54323,3.24|3.27|3.27,matches next day (roll already happened)
MHG,2014-09-26,4,id21512,3.032,id21512|id191665|id191665,3.03|3.03|3.03,matches next day (roll already happened)
MHG,2014-11-25,4,id140144,2.957,id140144|id168433|id168433,2.96|2.96|2.96,matches next day (roll already happened)
MHG,2014-12-29,4,id381217,2.84,id140144|id140144|id381217,2.84|2.84|2.84,matches next day (roll already happened)
MHG,2015-03-27,4,id18724,2.775,id18724|id135879|id135879,2.78|2.78|2.78,matches next day (roll already happened)
MHG,2015-06-26,4,id183562,2.6445,id22223|id22223|id183562,2.64|2.64|2.64,matches next day (roll already happened)
MHG,2015-11-25,4,id199046,2.046,id199046|id60320|id60320,2.05|2.04|2.04,matches next day (roll already happened)
MHG,2015-12-29,4,id50112,2.127,id50112|id199046|id199046,2.13|2.12|2.12,matches next day (roll already happened)
MHG,2016-01-27,4,id66154,2.0625,id50112|id50112|id66154,2.06|2.06|2.06,matches next day (roll already happened)
MHG,2016-02-25,4,id107931,2.0665,id107931|id66154|id66154,2.07|2.06|2.06,matches next day (roll already happened)
MHG,2016-11-28,4,id41771,2.6565,id41771|id3023|id3023,2.66|2.66|2.66,matches next day (roll already happened)
MHG,2016-12-28,4,id71568,2.4935,id41771|id41771|id71568,2.5|2.5|2.49,matches next day (roll already happened)
MHG,2017-01-27,4,id78672,2.683,id71568|id71568|id78672,2.68|2.68|2.68,matches next day (roll already happened)
MHG,2017-02-24,4,id14761,2.68,id78672|id78672|id14761,2.68|2.68|2.68,matches next day (roll already happened)
MHG,2017-03-29,4,id10790,2.671,id10790|id14761|id14761,2.67|2.67|2.67,matches next day (roll already happened)
MHG,2017-05-26,4,id28867,2.561,id28867|id55871|id55871,2.56|2.56|2.56,matches next day (roll already happened)
MHG,2017-06-28,4,id55308,2.6605,id28867|id28867|id55308,2.66|2.66|2.66,matches next day (roll already happened)
MHG,2017-10-27,4,id34191,3.095,id34191|id2240|id2240,3.1|3.09|3.09,matches next day (roll already happened)
MHG,2017-11-28,4,id183050,3.0715,id183050|id34191|id34191,3.07|3.07|3.07,matches next day (roll already happened)
MHG,2017-12-27,4,id29604,3.2625,id183050|id183050|id29604,3.26|3.26|3.26,matches next day (roll already happened)
MHG,2018-01-29,4,id22552,3.181,id29604|id29604|id22552,3.18|3.18|3.18,matches next day (roll already happened)
MHG,2018-02-26,4,id512732,3.1975,id22552|id22552|id512732,3.2|3.2|3.2,matches next day (roll already happened)
MHG,2018-07-27,4,id167025,2.7895,id167025|id168937|id168937,2.79|2.79|2.79,matches next day (roll already happened)
MHG,2018-11-28,4,id141431,2.7955,id28627|id28627|id141431,2.8|2.8|2.8,matches next day (roll already happened)
MHG,2018-12-27,4,id151931,2.6675,id141431|id141431|id151931,2.67|2.67|2.67,matches next day (roll already happened)
MHG,2019-02-26,4,id216402,2.945,id216402|id194215|id194215,2.94|2.94|2.94,matches next day (roll already happened)
MHG,2019-04-26,4,id1283,2.8865,id1283|id5987|id5987,2.89|2.97|2.97,matches next day (roll already happened)
MHG,2019-12-27,4,id14364,2.8255,id10694|id10694|id14364,2.84|2.84|2.83,matches next day (roll already happened)
MHG,2020-01-29,4,id13732,2.553,id13732|id14364|id14364,2.55|2.55|2.55,matches next day (roll already happened)
MHG,2020-02-26,4,id149066,2.5725,id13732|id13732|id149066,2.58|2.58|2.57,matches next day (roll already happened)
MHG,2020-03-27,4,id22517,2.1745,id22517|id149066|id149066,2.17|2.2|2.2,matches next day (roll already happened)
MHG,2020-06-26,4,id275510,2.659,id45194|id45194|id275510,2.67|2.67|2.66,matches next day (roll already happened)
MHG,2020-11-25,4,id220768,3.3095,id20929|id20929|id220768,3.31|3.31|3.31,matches next day (roll already happened)
MHG,2021-01-27,4,id269,3.561,id269|id113|id113,3.56|3.57|3.57,matches next day (roll already happened)
MHG,2021-02-24,4,id262483,4.2945,id262483|id269|id269,4.29|4.3|4.3,matches next day (roll already happened)
MHG,2021-05-26,4,id9355,4.535,id3468|id3468|id9355,4.53|4.53|4.54,matches next day (roll already happened)
MHG,2021-08-27,4,id261910,4.3185,id261910|id3278|id3278,4.32|4.32|4.32,matches next day (roll already happened)
MHG,2021-11-26,4,id225412,4.2835,id2303|id2303|id225412,4.28|4.28|4.28,matches next day (roll already happened)
MHG,2021-12-29,4,id2660,4.4065,id225412|id225412|id2660,4.4|4.4|4.41,matches next day (roll already happened)
MHG,2022-01-27,4,id2850,4.416,id2850|id2660|id2660,4.42|4.41|4.41,matches next day (roll already happened)
MHG,2022-02-24,4,id4500,4.456,id2850|id2850|id4500,4.45|4.45|4.46,matches next day (roll already happened)
MHG,2022-11-28,4,id220566,3.6115,id220566|id9251|id9251,3.61|3.61|3.61,matches next day (roll already happened)
MHG,2023-01-27,4,id1217,4.2215,id1217|id85|id85,4.22|4.22|4.22,matches next day (roll already happened)
MHG,2023-02-24,4,id5738,3.952,id1217|id1217|id5738,3.96|3.96|3.95,matches next day (roll already happened)
MHG,2023-05-26,4,id16896,3.6755,id16896|id9141|id9141,3.68|3.67|3.67,matches next day (roll already happened)
MHG,2023-10-27,4,id70842,3.6355,id793|id793|id70842,3.63|3.63|3.64,matches next day (roll already happened)
MHG,2023-12-27,4,id2352,3.949,id2352|id35888|id35888,3.95|3.94|3.94,matches next day (roll already happened)
MHG,2024-01-29,4,id4982,3.874,id4982|id2352|id2352,3.87|3.87|3.87,matches next day (roll already happened)
MHG,2024-04-26,4,id1101,4.564,id1101|id2506|id2506,4.56|4.57|4.57,matches next day (roll already happened)
MHG,2024-12-27,4,id5819,4.073,id5819|id163699|id163699,4.07|4.06|4.06,matches next day (roll already happened)
MHG,2025-01-29,4,id9033,4.2605,id5819|id5819|id9033,4.26|4.26|4.26,matches next day (roll already happened)
MHG,2025-02-26,4,id19222,4.54,id19222|id9033|id9033,4.54|4.54|4.54,matches next day (roll already happened)
MHG,2025-09-26,4,id42007402,4.7185,id3108|id3108|id42007402,4.72|4.72|4.72,matches next day (roll already happened)
MHG,2026-02-25,4,id7584,5.9855,id42000946|id42000946|id7584,5.98|5.98|5.99,matches next day (roll already happened)
MHG,2026-03-27,4,id42001076,5.4685,id42001076|id7584|id7584,5.47|5.47|5.47,matches next day (roll already happened)
MHG,2026-06-26,4,id6592,6.144,id6592|id42004057|id42004057,6.14|6.14|6.14,matches next day (roll already happened)
MNQ,2019-06-21,4,id8084,7751.5,id8078|id8078|id8084,7723.61|7723.61|7751.5,matches next day (roll already happened)
MNQ,2019-09-20,4,id8107,7830.5,id8107|id8084|id8084,7830.5|7899.48|7899.48,matches next day (roll already happened)
MNQ,2019-12-20,4,id8196,8710.75,id8107|id8107|id8196,8707.46|8707.46|8710.75,matches next day (roll already happened)
MNQ,2020-03-20,4,id8204,6969.0,id8196|id8196|id8204,7417.98|7417.98|6969.0,matches next day (roll already happened)
MNQ,2020-06-19,4,id13081,9923.5,id8204|id8204|id13081,10120.84|10120.84|9923.5,matches next day (roll already happened)
MNQ,2020-09-18,4,id17706,10927.0,id13081|id13081|id17706,11144.81|11144.81|10927.0,matches next day (roll already happened)
MNQ,2020-12-18,4,id6227,12712.5,id6227|id17706|id17706,12712.5|12800.06|12800.06,matches next day (roll already happened)
MNQ,2021-03-19,4,id9485,12844.5,id6227|id6227|id9485,12808.76|12808.76|12844.5,matches next day (roll already happened)
MNQ,2021-06-18,4,id3601,14035.0,id3601|id9485|id9485,14035.0|14107.43|14107.43,matches next day (roll already happened)
MNQ,2021-09-17,4,id1447,15326.0,id3601|id3601|id1447,15486.67|15486.67|15326.0,matches next day (roll already happened)
MNQ,2021-12-17,4,id7575,15788.0,id1447|id1447|id7575,15717.32|15717.32|15788.0,matches next day (roll already happened)
MNQ,2022-03-18,4,id13505,14413.5,id13505|id7575|id7575,14413.5|14095.31|14095.31,matches next day (roll already happened)
MNQ,2022-06-17,4,id7688,11296.75,id13505|id13505|id7688,11130.39|11130.39|11296.75,matches next day (roll already happened)
MNQ,2022-09-16,4,id20332,11933.5,id20332|id7688|id7688,11933.5|11814.58|11814.58,matches next day (roll already happened)
MNQ,2022-12-16,4,id8071,11344.75,id8071|id20332|id20332,11344.75|11327.04|11327.04,matches next day (roll already happened)
MNQ,2023-03-17,4,id4973,12644.75,id4973|id8071|id8071,12644.75|12594.65|12594.65,matches next day (roll already happened)
MNQ,2023-06-16,4,id9235,15268.0,id4973|id4973|id9235,15316.61|15316.61|15268.0,matches next day (roll already happened)
MNQ,2023-09-15,4,id34070,15392.25,id9235|id9235|id34070,15435.2|15435.2|15392.25,matches next day (roll already happened)
MNQ,2023-12-15,4,id7101,16820.25,id34070|id34070|id7101,16530.23|16530.23|16820.25,matches next day (roll already happened)
MNQ,2024-03-15,4,id10,18058.75,id7101|id7101|id10,17854.75|17854.75|18058.75,matches next day (roll already happened)
MNQ,2024-06-21,4,id13941,19982.75,id10|id10|id13941,19747.29|19747.29|19982.75,matches next day (roll already happened)
MNQ,2024-09-20,4,id42008411,20028.25,id42008411|id13941|id13941,20028.25|19808.01|19808.01,matches next day (roll already happened)
MNQ,2024-12-20,4,id42003617,21566.5,id42003617|id42008411|id42008411,21566.5|20947.98|20947.98,matches next day (roll already happened)
MNQ,2025-03-21,4,id42009475,19961.0,id42003617|id42003617|id42009475,19450.81|19450.81|19961.0,matches next day (roll already happened)
MNQ,2025-06-20,4,id42003472,21844.75,id42009475|id42009475|id42003472,21889.89|21889.89|21844.75,matches next day (roll already happened)
MNQ,2025-09-19,4,id42001149,24866.25,id42001149|id42003472|id42003472,24866.25|24568.07|24568.07,matches next day (roll already happened)
MNQ,2025-12-19,4,id42004946,25574.75,id42004946|id42001149|id42001149,25574.75|25132.79|25132.79,matches next day (roll already happened)
MNQ,2026-03-20,4,id42004936,24101.5,id42004936|id42004946|id42004946,24101.5|24291.78|24291.78,matches next day (roll already happened)
MNQ,2026-06-18,4,id42004800,30719.75,id42004800|id42004936|id42004936,30719.75|30263.35|30263.35,matches next day (roll already happened)
MYM,2019-06-21,4,id206109,26697.0,id206109|id398475|id398475,26697.0|26745.58|26745.58,matches next day (roll already happened)
MYM,2019-09-20,4,id651848,26894.0,id651848|id206109|id206109,26894.0|27140.91|27140.91,matches next day (roll already happened)
MYM,2019-12-20,4,id550977,28482.0,id550977|id651848|id651848,28482.0|28605.58|28605.58,matches next day (roll already happened)
MYM,2020-03-20,4,id149707,19040.0,id149707|id550977|id550977,19040.0|20255.53|20255.53,matches next day (roll already happened)
MYM,2020-06-19,4,id618624,25529.0,id618624|id149707|id149707,25529.0|26484.22|26484.22,matches next day (roll already happened)
MYM,2020-09-18,4,id612580,27602.0,id612580|id618624|id618624,27602.0|27807.3|27807.3,matches next day (roll already happened)
MYM,2020-12-18,4,id100233,30113.0,id100233|id612580|id612580,30113.0|30363.11|30363.11,matches next day (roll already happened)
MYM,2021-03-19,4,id260968,32503.0,id260968|id100233|id100233,32503.0|32807.86|32807.86,matches next day (roll already happened)
MYM,2021-06-18,4,id311677,33155.0,id260968|id260968|id311677,33424.07|33424.07|33155.0,matches next day (roll already happened)
MYM,2021-09-17,4,id191546,34462.0,id311677|id311677|id191546,34696.8|34696.8|34462.0,matches next day (roll already happened)
MYM,2021-12-17,4,id795771,35252.0,id191546|id191546|id795771,35675.79|35675.79|35252.0,matches next day (roll already happened)
MYM,2022-03-18,4,id271726,34633.0,id271726|id795771|id795771,34633.0|34413.66|34413.66,matches next day (roll already happened)
MYM,2022-06-17,4,id708450,29869.0,id271726|id271726|id708450,29806.19|29806.19|29869.0,matches next day (roll already happened)
MYM,2022-09-16,4,id671691,30922.0,id671691|id708450|id708450,30922.0|30645.2|30645.2,matches next day (roll already happened)
MYM,2022-12-16,4,id753569,33128.0,id753569|id671691|id671691,33128.0|32966.46|32966.46,matches next day (roll already happened)
MYM,2023-03-17,4,id290410,32071.0,id290410|id753569|id753569,32071.0|32106.3|32106.3,matches next day (roll already happened)
MYM,2023-06-16,4,id204418,34604.0,id204418|id290410|id290410,34604.0|34582.19|34582.19,matches next day (roll already happened)
MYM,2023-09-15,4,id216151,34927.0,id216151|id204418|id204418,34927.0|34914.63|34914.63,matches next day (roll already happened)
MYM,2023-12-15,4,id573705,37661.0,id216151|id216151|id573705,36996.45|36996.45|37661.0,matches next day (roll already happened)
MYM,2024-03-15,4,id118117,39153.0,id573705|id573705|id118117,38691.18|38691.18|39153.0,matches next day (roll already happened)
MYM,2024-06-21,4,id42033832,39583.0,id118117|id118117|id42033832,39261.95|39261.95|39583.0,matches next day (roll already happened)
MYM,2024-09-20,4,id42001050,42443.0,id42033832|id42033832|id42001050,41946.09|41946.09|42443.0,matches next day (roll already happened)
MYM,2024-12-20,4,id42011026,43316.0,id42001050|id42001050|id42011026,42197.66|42197.66|43316.0,matches next day (roll already happened)
MYM,2025-03-21,4,id42003054,42319.0,id42003054|id42011026|id42011026,42319.0|41620.47|41620.47,matches next day (roll already happened)
MYM,2025-06-20,4,id42001781,42515.0,id42003054|id42003054|id42001781,42356.44|42356.44|42515.0,matches next day (roll already happened)
MYM,2025-09-19,4,id42005056,46651.0,id42001781|id42001781|id42005056,46327.57|46327.57|46651.0,matches next day (roll already happened)
MYM,2025-12-19,4,id42001953,48465.0,id42005056|id42005056|id42001953,48089.94|48089.94|48465.0,matches next day (roll already happened)
MYM,2026-03-20,4,id42002662,45893.0,id42001953|id42001953|id42002662,45896.57|45896.57|45893.0,matches next day (roll already happened)
MYM,2026-06-18,4,id42004247,52008.0,id42002662|id42002662|id42004247,51961.87|51961.87|52008.0,matches next day (roll already happened)
PA,2010-06-28,4,id103997,470.05,id126046|id126046|id103997,470.05|470.05|470.05,matches next day (roll already happened)
PA,2010-07-28,4,id172686,468.3,id103997|id103997|id172686,468.3|468.3|468.3,matches next day (roll already happened)
PA,2010-08-27,4,id117849,503.05,id172686|id172686|id117849,503.05|503.05|503.05,matches next day (roll already happened)
PA,2010-09-28,4,id133839,560.45,id117849|id117849|id133839,560.3|560.3|560.45,matches next day (roll already happened)
PA,2010-10-27,4,id182711,619.15,id182711|id133839|id133839,619.15|619.15|619.15,matches next day (roll already happened)
PA,2010-11-26,4,id102702,676.5,id102702|id182711|id182711,676.5|676.0|676.0,matches next day (roll already happened)
PA,2010-12-29,4,id131046,793.4,id102702|id102702|id131046,793.4|793.4|793.4,matches next day (roll already happened)
PA,2011-01-27,4,id122777,812.4,id131046|id131046|id122777,811.55|811.55|812.4,matches next day (roll already happened)
PA,2011-02-24,4,id167528,777.75,id122777|id122777|id167528,777.75|777.75|777.75,matches next day (roll already happened)
PA,2011-03-29,4,id182208,752.95,id182208|id167528|id167528,752.95|752.95|752.95,matches next day (roll already happened)
PA,2011-04-27,4,id138660,757.9,id138660|id182208|id182208,757.9|757.8|757.8,matches next day (roll already happened)
PA,2011-05-26,4,id126007,757.2,id126007|id138660|id138660,757.2|757.2|757.2,matches next day (roll already happened)
PA,2011-06-28,4,id168716,733.4,id126007|id126007|id168716,733.4|733.4|733.4,matches next day (roll already happened)
PA,2011-07-27,4,id163927,832.2,id163927|id168716|id168716,832.2|832.2|832.2,matches next day (roll already happened)
PA,2011-08-29,4,id186940,753.95,id163927|id163927|id186940,753.7|753.7|753.95,matches next day (roll already happened)
PA,2011-09-28,4,id131885,633.8,id131885|id186940|id186940,633.8|633.8|633.8,matches next day (roll already happened)
PA,2011-10-27,4,id21886,669.8,id21886|id131885|id131885,669.8|669.75|669.75,matches next day (roll already happened)
PA,2011-11-28,4,id198785,578.35,id198785|id21886|id21886,578.35|578.25|578.25,matches next day (roll already happened)
PA,2011-12-28,4,id1276,646.6,id1276|id198785|id198785,646.6|646.6|646.6,matches next day (roll already happened)
PA,2012-01-27,4,id56187,689.75,id1276|id1276|id56187,689.6|689.6|689.75,matches next day (roll already happened)
PA,2012-02-27,4,id143770,705.3,id143770|id56187|id56187,705.3|705.0|705.0,matches next day (roll already happened)
PA,2012-03-28,4,id27564,646.4,id27564|id143770|id143770,646.4|646.35|646.35,matches next day (roll already happened)
PA,2012-04-26,4,id50858,672.05,id27564|id27564|id50858,672.05|672.05|672.05,matches next day (roll already happened)
PA,2012-05-29,4,id184951,603.55,id50858|id50858|id184951,603.5|603.5|603.55,matches next day (roll already happened)
PA,2012-06-27,4,id8429,577.75,id184951|id184951|id8429,577.75|577.75|577.75,matches next day (roll already happened)
PA,2012-07-27,4,id51892,571.05,id51892|id8429|id8429,571.05|571.05|571.05,matches next day (roll already happened)
PA,2012-08-29,4,id158589,634.85,id158589|id51892|id51892,634.85|634.75|634.75,matches next day (roll already happened)
PA,2013-01-29,4,id276059,749.35,id233180|id233180|id276059,749.05|749.05|749.35,matches next day (roll already happened)
PA,2013-02-26,4,id64929,739.4,id276059|id276059|id64929,739.0|739.0|739.4,matches next day (roll already happened)
PA,2013-04-26,4,id90791,680.85,id26095|id26095|id90791,680.85|680.85|680.85,matches next day (roll already happened)
PA,2014-01-29,4,id60675,710.95,id95801|id95801|id60675,710.25|710.25|710.95,matches next day (roll already happened)
PA,2014-02-26,4,id279262,731.5,id279262|id60675|id60675,731.5|731.5|731.5,matches next day (roll already happened)
PA,2014-09-26,4,id1485,783.6,id1485|id145553|id145553,783.6|783.55|783.55,matches next day (roll already happened)
PA,2014-11-25,4,id128353,795.6,id1270|id1270|id128353,795.25|795.25|795.6,matches next day (roll already happened)
PA,2014-12-29,4,id690,812.0,id128353|id128353|id690,812.0|812.0|812.0,matches next day (roll already happened)
PA,2015-03-27,4,id1972,740.7,id1972|id103885|id103885,740.7|740.65|740.65,matches next day (roll already happened)
PA,2015-06-26,4,id59575,677.6,id59575|id105271|id105271,677.6|678.0|678.0,matches next day (roll already happened)
PA,2015-11-25,4,id1165,551.3,id1165|id1685|id1685,551.3|551.1|551.1,matches next day (roll already happened)
PA,2015-12-29,4,id3482,555.4,id3482|id1165|id1165,555.4|555.45|555.45,matches next day (roll already happened)
PA,2016-01-27,4,id7217,500.55,id3482|id3482|id7217,500.55|500.55|500.55,matches next day (roll already happened)
PA,2016-02-25,4,id966,483.4,id7217|id7217|id966,483.6|483.6|483.4,matches next day (roll already happened)
PA,2016-11-28,4,id109164,756.35,id12867|id12867|id109164,755.8|755.8|756.35,matches next day (roll already happened)
PA,2016-12-28,4,id1299,666.25,id109164|id109164|id1299,667.35|667.35|666.25,matches next day (roll already happened)
PA,2017-01-27,4,id250601,738.65,id1299|id1299|id250601,738.0|738.0|738.65,matches next day (roll already happened)
PA,2017-02-24,4,id82769,771.65,id82769|id250601|id250601,771.65|771.7|771.7,matches next day (roll already happened)
PA,2017-03-29,4,id7721,790.2,id7721|id82769|id82769,790.2|792.2|792.2,matches next day (roll already happened)
PA,2017-05-26,4,id2012,787.1,id1953|id1953|id2012,786.95|786.95|787.1,matches next day (roll already happened)
PA,2017-06-28,4,id244,866.95,id2012|id2012|id244,871.5|871.5|866.95,matches next day (roll already happened)
PA,2017-10-27,4,id87402,959.65,id87402|id500|id500,959.65|959.35|959.35,matches next day (roll already happened)
PA,2017-11-28,4,id1247,1020.65,id1247|id87402|id87402,1020.65|1022.05|1022.05,matches next day (roll already happened)
PA,2017-12-27,4,id5907,1069.1,id1247|id1247|id5907,1071.65|1071.65|1069.1,matches next day (roll already happened)
PA,2018-01-29,4,id101704,1087.35,id5907|id5907|id101704,1086.05|1086.05|1087.35,matches next day (roll already happened)
PA,2018-02-26,4,id5022,1054.6,id101704|id101704|id5022,1056.5|1056.5|1054.6,matches next day (roll already happened)
PA,2018-07-27,4,id17046,926.5,id1449|id1449|id17046,925.9|925.9|926.5,matches next day (roll already happened)
PA,2018-11-28,4,id2616,1155.3,id805|id805|id2616,1178.3|1178.3|1155.3,matches next day (roll already happened)
PA,2018-12-27,4,id101122,1251.2,id101122|id2616|id2616,1251.2|1253.4|1253.4,matches next day (roll already happened)
PA,2019-02-26,4,id1990,1523.5,id9160|id9160|id1990,1533.6|1533.6|1523.5,matches next day (roll already happened)
PA,2019-04-26,4,id2258,1451.9,id167376|id167376|id2258,1452.2|1452.2|1451.9,matches next day (roll already happened)
PA,2019-12-27,4,id40480,1881.0,id27986|id27986|id40480,1881.1|1881.1|1881.0,matches next day (roll already happened)
PA,2020-01-29,4,id413,2224.1,id40480|id40480|id413,2247.2|2247.2|2224.1,matches next day (roll already happened)
PA,2020-02-26,4,id32191,2692.8,id32191|id413|id413,2692.8|2714.7|2714.7,matches next day (roll already happened)
PA,2020-03-27,4,id17742,2225.3,id32191|id32191|id17742,2226.8|2226.8|2225.3,matches next day (roll already happened)
PA,2020-06-26,4,id135,1872.9,id15|id15|id135,1874.2|1874.2|1872.9,matches next day (roll already happened)
PA,2020-11-25,4,id11535,2342.6,id11535|id2339|id2339,2342.6|2341.6|2341.6,matches next day (roll already happened)
PA,2021-01-27,4,id13343,2309.2,id931|id931|id13343,2305.2|2305.2|2309.2,matches next day (roll already happened)
PA,2021-02-24,4,id615,2422.1,id13343|id13343|id615,2420.8|2420.8|2422.1,matches next day (roll already happened)
PA,2021-05-26,4,id362,2748.2,id113|id113|id362,2748.5|2748.5|2748.2,matches next day (roll already happened)
PA,2021-08-27,4,id478,2404.0,id25|id25|id478,2402.2|2402.2|2404.0,matches next day (roll already happened)
PA,2021-11-26,4,id3795,1789.1,id3795|id1079|id1079,1789.1|1786.0|1786.0,matches next day (roll already happened)
PA,2021-12-29,4,id1095,1982.7,id1095|id3795|id3795,1982.7|1984.8|1984.8,matches next day (roll already happened)
PA,2022-01-27,4,id3790,2359.9,id3790|id1095|id1095,2359.9|2362.5|2362.5,matches next day (roll already happened)
PA,2022-02-24,4,id5282,2501.1,id3790|id3790|id5282,2498.6|2498.6|2501.1,matches next day (roll already happened)
PA,2022-11-28,4,id76,1837.1,id5042|id5042|id76,1834.5|1834.5|1837.1,matches next day (roll already happened)
PA,2023-01-27,4,id18138,1595.2,id18138|id225|id225,1595.2|1591.2|1591.2,matches next day (roll already happened)
PA,2023-02-24,4,id286,1377.3,id18138|id18138|id286,1374.3|1374.3|1377.3,matches next day (roll already happened)
PA,2023-05-26,4,id22571,1423.5,id22571|id4513|id4513,1423.5|1431.5|1431.5,matches next day (roll already happened)
PA,2023-10-27,4,id42007977,1136.7,id42007977|id4124011|id4124011,1136.7|1124.2|1124.2,matches next day (roll already happened)
PA,2023-12-27,4,id42004865,1151.6,id256|id256|id42004865,1144.8|1144.8|1151.6,matches next day (roll already happened)
PA,2024-01-29,4,id42047017,977.5,id42047017|id42004865|id42004865,977.5|974.3|974.3,matches next day (roll already happened)
PA,2024-04-26,4,id42001053,957.4,id42000644|id42000644|id42001053,957.4|957.4|957.4,matches next day (roll already happened)
PA,2024-12-27,4,id42003164,902.1,id42003164|id4127888|id4127888,902.1|893.6|893.6,matches next day (roll already happened)
PA,2025-01-29,4,id42021158,970.6,id42003164|id42003164|id42021158,966.6|966.6|970.6,matches next day (roll already happened)
PA,2025-02-26,4,id4127894,922.9,id4127894|id42021158|id42021158,922.9|920.5|920.5,matches next day (roll already happened)
PA,2025-09-26,4,id42004068,1292.9,id4127891|id4127891|id42004068,1291.4|1291.4|1292.9,matches next day (roll already happened)
PA,2026-02-25,4,id4127896,1834.8,id4127896|id42050347|id42050347,1834.8|1834.1|1834.1,matches next day (roll already happened)
PA,2026-03-27,4,id42001863,1393.0,id4127896|id4127896|id42001863,1390.9|1390.9|1393.0,matches next day (roll already happened)
PA,2026-06-26,4,id42000152,1209.2,id42000152|id4127885|id4127885,1209.2|1209.0|1209.0,matches next day (roll already happened)
PL,2010-06-28,4,id109309,1565.6,id184434|id184434|id109309,1565.6|1565.6|1565.6,matches next day (roll already happened)
PL,2010-07-28,4,id134576,1539.5,id109309|id109309|id134576,1539.5|1539.5|1539.5,matches next day (roll already happened)
PL,2010-08-27,4,id177080,1537.0,id177080|id134576|id134576,1537.0|1537.0|1537.0,matches next day (roll already happened)
PL,2010-09-28,4,id108298,1635.7,id108298|id177080|id177080,1635.7|1635.7|1635.7,matches next day (roll already happened)
PL,2010-10-27,4,id118274,1676.1,id118274|id108298|id108298,1676.1|1676.1|1676.1,matches next day (roll already happened)
PL,2010-11-26,4,id162556,1645.2,id118274|id118274|id162556,1645.2|1645.2|1645.2,matches next day (roll already happened)
PL,2010-12-29,4,id107072,1754.2,id107072|id162556|id162556,1754.2|1754.2|1754.2,matches next day (roll already happened)
PL,2011-01-27,4,id123447,1800.1,id123447|id107072|id107072,1800.1|1800.1|1800.1,matches next day (roll already happened)
PL,2011-02-24,4,id124412,1786.8,id123447|id123447|id124412,1786.8|1786.8|1786.8,matches next day (roll already happened)
PL,2011-03-29,4,id125935,1740.6,id125935|id124412|id124412,1740.6|1740.6|1740.6,matches next day (roll already happened)
PL,2011-04-27,4,id133310,1825.2,id125935|id125935|id133310,1825.2|1825.2|1825.2,matches next day (roll already happened)
PL,2011-05-26,4,id111118,1778.1,id111118|id133310|id133310,1778.1|1778.1|1778.1,matches next day (roll already happened)
PL,2011-06-28,4,id130458,1691.7,id111118|id111118|id130458,1691.7|1691.7|1691.7,matches next day (roll already happened)
PL,2011-07-27,4,id125799,1808.0,id125799|id130458|id130458,1808.0|1806.9|1806.9,matches next day (roll already happened)
PL,2011-08-29,4,id142333,1825.0,id125799|id125799|id142333,1825.0|1825.0|1825.0,matches next day (roll already happened)
PL,2011-09-28,4,id174401,1534.2,id142333|id142333|id174401,1534.2|1534.2|1534.2,matches next day (roll already happened)
PL,2011-10-27,4,id30894,1637.6,id30894|id174401|id174401,1637.6|1637.6|1637.6,matches next day (roll already happened)
PL,2011-11-28,4,id38370,1538.5,id30894|id30894|id38370,1538.0|1538.0|1538.5,matches next day (roll already happened)
PL,2011-12-28,4,id191163,1387.7,id191163|id38370|id38370,1387.7|1387.7|1387.7,matches next day (roll already happened)
PL,2012-01-27,4,id56541,1620.4,id191163|id191163|id56541,1620.0|1620.0|1620.4,matches next day (roll already happened)
PL,2012-02-27,4,id62944,1712.8,id56541|id56541|id62944,1711.8|1711.8|1712.8,matches next day (roll already happened)
PL,2012-03-28,4,id106233,1635.2,id62944|id62944|id106233,1635.1|1635.1|1635.2,matches next day (roll already happened)
PL,2012-04-26,4,id49784,1566.2,id106233|id106233|id49784,1566.2|1566.2|1566.2,matches next day (roll already happened)
PL,2012-05-29,4,id37749,1426.6,id49784|id49784|id37749,1426.3|1426.3|1426.6,matches next day (roll already happened)
PL,2012-06-27,4,id157083,1409.7,id157083|id37749|id37749,1409.7|1409.7|1409.7,matches next day (roll already happened)
PL,2012-07-27,4,id51182,1406.7,id157083|id157083|id51182,1406.7|1406.7|1406.7,matches next day (roll already happened)
PL,2012-08-29,4,id36482,1519.3,id36482|id51182|id51182,1519.3|1519.2|1519.2,matches next day (roll already happened)
PL,2013-01-29,4,id276117,1677.4,id276117|id53033|id53033,1677.4|1677.4|1677.4,matches next day (roll already happened)
PL,2013-02-26,4,id399808,1615.4,id276117|id276117|id399808,1615.4|1615.4|1615.4,matches next day (roll already happened)
PL,2013-04-26,4,id89998,1475.2,id83897|id83897|id89998,1475.2|1475.2|1475.2,matches next day (roll already happened)
PL,2014-01-29,4,id59779,1406.5,id71372|id71372|id59779,1406.4|1406.4|1406.5,matches next day (roll already happened)
PL,2014-02-26,4,id24398,1428.2,id24398|id59779|id59779,1428.2|1428.2|1428.2,matches next day (roll already happened)
PL,2014-09-26,4,id137612,1302.0,id1981|id1981|id137612,1303.5|1303.5|1302.0,matches next day (roll already happened)
PL,2014-11-25,4,id1117,1223.6,id1117|id1173|id1173,1223.6|1223.6|1223.6,matches next day (roll already happened)
PL,2014-12-29,4,id109637,1201.7,id109637|id1117|id1117,1201.7|1201.3|1201.3,matches next day (roll already happened)
PL,2015-03-27,4,id158316,1143.6,id158316|id111592|id111592,1143.6|1144.6|1144.6,matches next day (roll already happened)
PL,2015-06-26,4,id1234,1080.7,id3929|id3929|id1234,1080.7|1080.7|1080.7,matches next day (roll already happened)
PL,2015-11-25,4,id70811,842.8,id3308|id3308|id70811,842.5|842.5|842.8,matches next day (roll already happened)
PL,2015-12-29,4,id1570,891.2,id70811|id70811|id1570,890.6|890.6|891.2,matches next day (roll already happened)
PL,2016-01-27,4,id8497,880.1,id1570|id1570|id8497,880.4|880.4|880.1,matches next day (roll already happened)
PL,2016-02-25,4,id182563,926.5,id182563|id8497|id8497,926.5|926.1|926.1,matches next day (roll already happened)
PL,2016-11-28,4,id716,921.3,id716|id12115|id12115,921.3|921.3|921.3,matches next day (roll already happened)
PL,2016-12-28,4,id122021,899.6,id122021|id716|id716,899.6|898.8|898.8,matches next day (roll already happened)
PL,2017-01-27,4,id250012,979.3,id122021|id122021|id250012,979.4|979.4|979.3,matches next day (roll already happened)
PL,2017-02-24,4,id1874,1027.2,id250012|id250012|id1874,1026.5|1026.5|1027.2,matches next day (roll already happened)
PL,2017-03-29,4,id182700,952.5,id182700|id1874|id1874,952.5|952.1|952.1,matches next day (roll already happened)
PL,2017-05-26,4,id861,961.1,id1107|id1107|id861,959.8|959.8|961.1,matches next day (roll already happened)
PL,2017-06-28,4,id1950,921.7,id1950|id861|id861,921.7|920.7|920.7,matches next day (roll already happened)
PL,2017-10-27,4,id87411,910.9,id87411|id24575|id24575,910.9|910.6|910.6,matches next day (roll already happened)
PL,2017-11-28,4,id199,951.6,id199|id87411|id87411,951.6|950.1|950.1,matches next day (roll already happened)
PL,2017-12-27,4,id8842,923.7,id199|id199|id8842,922.8|922.8|923.7,matches next day (roll already happened)
PL,2018-01-29,4,id100736,1008.3,id8842|id8842|id100736,1009.0|1009.0|1008.3,matches next day (roll already happened)
PL,2018-02-26,4,id1608,1000.3,id100736|id100736|id1608,998.8|998.8|1000.3,matches next day (roll already happened)
PL,2018-07-27,4,id16768,826.8,id12154|id12154|id16768,826.4|826.4|826.8,matches next day (roll already happened)
PL,2018-11-28,4,id2331,824.8,id819|id819|id2331,824.2|824.2|824.8,matches next day (roll already happened)
PL,2018-12-27,4,id6453,796.1,id2331|id2331|id6453,795.5|795.5|796.1,matches next day (roll already happened)
PL,2019-02-26,4,id20249,857.8,id7854|id7854|id20249,857.0|857.0|857.8,matches next day (roll already happened)
PL,2019-04-26,4,id4012,898.9,id220395|id220395|id4012,898.2|898.2|898.9,matches next day (roll already happened)
PL,2019-12-27,4,id101074,950.4,id101074|id898|id898,950.4|949.3|949.3,matches next day (roll already happened)
PL,2020-01-29,4,id1553,970.9,id101074|id101074|id1553,968.6|968.6|970.9,matches next day (roll already happened)
PL,2020-02-26,4,id1523,912.6,id1523|id1553|id1553,912.6|912.3|912.3,matches next day (roll already happened)
PL,2020-03-27,4,id189584,740.3,id189584|id1523|id1523,740.3|740.0|740.0,matches next day (roll already happened)
PL,2020-06-26,4,id12973,809.9,id465|id465|id12973,811.1|811.1|809.9,matches next day (roll already happened)
PL,2020-11-25,4,id4208,967.8,id2414|id2414|id4208,967.3|967.3|967.8,matches next day (roll already happened)
PL,2021-01-27,4,id214,1074.7,id214|id153173|id153173,1074.7|1075.5|1075.5,matches next day (roll already happened)
PL,2021-02-24,4,id5133,1256.1,id214|id214|id5133,1255.6|1255.6|1256.1,matches next day (roll already happened)
PL,2021-05-26,4,id22420,1198.2,id22420|id762|id762,1198.2|1198.4|1198.4,matches next day (roll already happened)
PL,2021-08-27,4,id4925,1006.3,id1526|id1526|id4925,1005.8|1005.8|1006.3,matches next day (roll already happened)
PL,2021-11-26,4,id499,953.6,id66|id66|id499,953.4|953.4|953.6,matches next day (roll already happened)
PL,2021-12-29,4,id852,968.5,id499|id499|id852,968.2|968.2|968.5,matches next day (roll already happened)
PL,2022-01-27,4,id4034,1020.6,id852|id852|id4034,1021.7|1021.7|1020.6,matches next day (roll already happened)
PL,2022-02-24,4,id5294,1060.9,id4034|id4034|id5294,1060.4|1060.4|1060.9,matches next day (roll already happened)
PL,2022-11-28,4,id982,1012.3,id4899|id4899|id982,1017.0|1017.0|1012.3,matches next day (roll already happened)
PL,2023-01-27,4,id13699,1007.6,id1092|id1092|id13699,1007.4|1007.4|1007.6,matches next day (roll already happened)
PL,2023-02-24,4,id3145,907.6,id13699|id13699|id3145,902.0|902.0|907.6,matches next day (roll already happened)
PL,2023-05-26,4,id3710,1036.2,id3710|id5715|id5715,1036.2|1031.2|1031.2,matches next day (roll already happened)
PL,2023-10-27,4,id42007969,897.7,id5462|id5462|id42007969,897.2|897.2|897.7,matches next day (roll already happened)
PL,2023-12-27,4,id581,1002.1,id42000252|id42000252|id581,1000.1|1000.1|1002.1,matches next day (roll already happened)
PL,2024-01-29,4,id42012844,929.1,id581|id581|id42012844,928.6|928.6|929.1,matches next day (roll already happened)
PL,2024-04-26,4,id42000987,914.7,id42000987|id4797|id4797,914.7|914.3|914.3,matches next day (roll already happened)
PL,2024-12-27,4,id4127886,919.5,id42007080|id42007080|id4127886,917.5|917.5|919.5,matches next day (roll already happened)
PL,2025-01-29,4,id42023632,966.4,id4127886|id4127886|id42023632,965.4|965.4|966.4,matches next day (roll already happened)
PL,2025-02-26,4,id42010696,970.5,id42010696|id42023632|id42023632,970.5|967.8|967.8,matches next day (roll already happened)
PL,2025-09-26,4,id4127889,1582.0,id4127889|id42003249|id42003249,1582.0|1582.7|1582.7,matches next day (roll already happened)
PL,2026-02-25,4,id42026743,2325.6,id42026743|id42080971|id42080971,2325.6|2325.6|2325.6,matches next day (roll already happened)
PL,2026-03-27,4,id4127892,1871.2,id4127892|id42026743|id42026743,1871.2|1870.6|1870.6,matches next day (roll already happened)
PL,2026-06-26,4,id4127887,1630.6,id42005224|id42005224|id4127887,1630.9|1630.9|1630.6,matches next day (roll already happened)
QG,2010-06-28,4,id192048,4.733,id192048|id192047|id192047,4.73|4.72|4.72,matches next day (roll already happened)
QG,2010-07-28,4,id192049,4.718,id192048|id192048|id192049,4.77|4.77|4.72,matches next day (roll already happened)
QG,2010-08-27,4,id192050,3.705,id192050|id192049|id192049,3.7|3.65|3.65,matches next day (roll already happened)
QG,2010-09-28,4,id192051,3.951,id192050|id192050|id192051,3.84|3.84|3.95,matches next day (roll already happened)
QG,2010-10-27,4,id192052,3.763,id192052|id192051|id192051,3.76|3.29|3.29,matches next day (roll already happened)
QG,2010-12-28,4,id192059,4.288,id192053|id192053|id192059,4.22|4.22|4.29,matches next day (roll already happened)
QG,2011-01-27,4,id192054,4.319,id192059|id192059|id192054,4.32|4.32|4.32,matches next day (roll already happened)
QG,2011-02-24,4,id192060,3.872,id192054|id192054|id192060,3.79|3.79|3.87,matches next day (roll already happened)
QG,2011-03-29,4,id192055,4.263,id192055|id192060|id192060,4.26|4.24|4.24,matches next day (roll already happened)
QG,2011-04-27,4,id192061,4.408,id192055|id192055|id192061,4.38|4.38|4.41,matches next day (roll already happened)
QG,2011-05-26,4,id192056,4.36,id192056|id192061|id192061,4.36|4.33|4.33,matches next day (roll already happened)
QG,2011-06-28,4,id192062,4.354,id192062|id192056|id192056,4.35|4.36|4.36,matches next day (roll already happened)
QG,2011-07-27,4,id192057,4.318,id192057|id192062|id192062,4.32|4.37|4.37,matches next day (roll already happened)
QG,2011-08-29,4,id192063,3.83,id192063|id192057|id192057,3.83|3.86|3.86,matches next day (roll already happened)
QG,2011-09-28,4,id192058,3.799,id192058|id192063|id192063,3.8|3.76|3.76,matches next day (roll already happened)
QG,2011-10-27,4,id192064,3.764,id192058|id192058|id192064,3.52|3.52|3.76,matches next day (roll already happened)
QG,2011-11-28,4,id194184,3.525,id192064|id192064|id194184,3.36|3.36|3.52,matches next day (roll already happened)
QG,2011-12-28,4,id194190,3.121,id194184|id194184|id194190,3.08|3.08|3.12,matches next day (roll already happened)
QG,2012-01-27,4,id194185,2.756,id194190|id194190|id194185,2.68|2.68|2.76,matches next day (roll already happened)
QG,2012-02-27,4,id194191,2.603,id194185|id194185|id194191,2.45|2.45|2.6,matches next day (roll already happened)
QG,2012-03-28,4,id194186,2.282,id194191|id194191|id194186,2.19|2.19|2.28,matches next day (roll already happened)
QG,2012-04-26,4,id194192,2.126,id194186|id194186|id194192,2.04|2.04|2.13,matches next day (roll already happened)
QG,2012-05-29,4,id194187,2.485,id194187|id194192|id194192,2.48|2.43|2.43,matches next day (roll already happened)
QG,2012-06-27,4,id194193,2.798,id194187|id194187|id194193,2.77|2.77|2.8,matches next day (roll already happened)
QG,2012-07-27,4,id194188,3.015,id194193|id194193|id194188,3.01|3.01|3.02,matches next day (roll already happened)
QG,2012-08-29,4,id194194,2.685,id194194|id194188|id194188,2.68|2.63|2.63,matches next day (roll already happened)
QG,2013-01-29,4,id116988,3.258,id116987|id116987|id116988,3.23|3.23|3.26,matches next day (roll already happened)
QG,2013-02-26,4,id116983,3.456,id116983|id116988|id116988,3.46|3.43|3.43,matches next day (roll already happened)
QG,2013-04-26,4,id116985,4.223,id116985|id116986|id116986,4.22|4.15|4.15,matches next day (roll already happened)
QG,2014-01-29,4,id126494,5.465,id126493|id126493|id126494,5.56|5.56|5.46,matches next day (roll already happened)
QG,2014-02-26,4,id126495,4.541,id126494|id126494|id126495,4.86|4.86|4.54,matches next day (roll already happened)
QG,2014-09-26,4,id126502,4.029,id126502|id126501|id126501,4.03|3.98|3.98,matches next day (roll already happened)
QG,2014-11-25,4,id126504,4.403,id126504|id126503|id126503,4.4|4.28|4.28,matches next day (roll already happened)
QG,2014-12-29,4,id126505,3.199,id126505|id126504|id126504,3.2|3.19|3.19,matches next day (roll already happened)
QG,2015-03-27,4,id126508,2.639,id126507|id126507|id126508,2.59|2.59|2.64,matches next day (roll already happened)
QG,2015-06-26,4,id126511,2.77,id126510|id126510|id126511,2.77|2.77|2.77,matches next day (roll already happened)
QG,2015-11-25,4,id126516,2.299,id126515|id126515|id126516,2.21|2.21|2.3,matches next day (roll already happened)
QG,2015-12-29,4,id126517,2.37,id126516|id126516|id126517,2.37|2.37|2.37,matches next day (roll already happened)
QG,2016-01-27,4,id126518,2.157,id126518|id126517|id126517,2.16|2.19|2.19,matches next day (roll already happened)
QG,2016-02-25,4,id126519,1.785,id126518|id126518|id126519,1.71|1.71|1.78,matches next day (roll already happened)
QG,2016-11-28,4,id168989,3.32,id168989|id126527|id126527,3.32|3.23|3.23,matches next day (roll already happened)
QG,2016-12-28,4,id168990,3.898,id168989|id168989|id168990,3.93|3.93|3.9,matches next day (roll already happened)
QG,2017-01-27,4,id168991,3.358,id168990|id168990|id168991,3.39|3.39|3.36,matches next day (roll already happened)
QG,2017-02-24,4,id168992,2.787,id168992|id168991|id168991,2.79|2.63|2.63,matches next day (roll already happened)
QG,2017-03-29,4,id168993,3.231,id168992|id168992|id168993,3.18|3.18|3.23,matches next day (roll already happened)
QG,2017-05-26,4,id168995,3.31,id168994|id168994|id168995,3.24|3.24|3.31,matches next day (roll already happened)
QG,2017-06-28,4,id168996,3.094,id168995|id168995|id168996,3.07|3.07|3.09,matches next day (roll already happened)
QG,2017-10-27,4,id169000,2.964,id168999|id168999|id169000,2.75|2.75|2.96,matches next day (roll already happened)
QG,2017-11-28,4,id100178,3.128,id100178|id169000|id169000,3.13|3.07|3.07,matches next day (roll already happened)
QG,2017-12-27,4,id100184,2.732,id100178|id100178|id100184,2.74|2.74|2.73,matches next day (roll already happened)
QG,2018-01-29,4,id100188,3.167,id100188|id100184|id100184,3.17|3.63|3.63,matches next day (roll already happened)
QG,2018-02-26,4,id111232,2.686,id100188|id100188|id111232,2.64|2.64|2.69,matches next day (roll already happened)
QG,2018-07-27,4,id111240,2.782,id111238|id111238|id111240,2.82|2.82|2.78,matches next day (roll already happened)
QG,2018-11-28,4,id111246,4.699,id111246|id111243|id111243,4.7|4.72|4.72,matches next day (roll already happened)
QG,2018-12-27,4,id111247,3.546,id111246|id111246|id111247,3.64|3.64|3.55,matches next day (roll already happened)
QG,2019-02-26,4,id111249,2.796,id111249|id111248|id111248,2.8|2.86|2.86,matches next day (roll already happened)
QG,2019-04-26,4,id111252,2.58,id111251|id111251|id111252,2.57|2.57|2.58,matches next day (roll already happened)
QG,2019-12-27,4,id111263,2.231,id111261|id111261|id111263,2.16|2.16|2.23,matches next day (roll already happened)
QG,2020-01-29,4,id111265,1.865,id111263|id111263|id111265,1.88|1.88|1.86,matches next day (roll already happened)
QG,2020-02-26,4,id111268,1.837,id111265|id111265|id111268,1.82|1.82|1.84,matches next day (roll already happened)
QG,2020-03-27,4,id111269,1.671,id111269|id111268|id111268,1.67|1.63|1.63,matches next day (roll already happened)
QG,2020-06-26,4,id111274,1.544,id111273|id111273|id111274,1.5|1.5|1.54,matches next day (roll already happened)
QG,2020-11-25,4,id111291,2.961,id111284|id111284|id111291,2.9|2.9|2.96,matches next day (roll already happened)
QG,2021-01-27,4,id111294,2.702,id111293|id111293|id111294,2.76|2.76|2.7,matches next day (roll already happened)
QG,2021-02-24,4,id111296,2.795,id111296|id111294|id111294,2.8|2.85|2.85,matches next day (roll already happened)
QG,2021-05-26,4,id111301,3.027,id111301|id111299|id111299,3.03|2.98|2.98,matches next day (roll already happened)
QG,2021-08-27,4,id111311,4.388,id111305|id111305|id111311,4.37|4.37|4.39,matches next day (roll already happened)
QG,2021-11-26,4,id143984,5.477,id143984|id111314|id111314,5.48|5.45|5.45,matches next day (roll already happened)
QG,2021-12-29,4,id129856,3.85,id129856|id143984|id143984,3.85|4.02|4.02,matches next day (roll already happened)
QG,2022-01-27,4,id154903,4.283,id129856|id129856|id154903,6.26|6.26|4.28,matches next day (roll already happened)
QG,2022-02-24,4,id156565,4.641,id154903|id154903|id156565,4.57|4.57|4.64,matches next day (roll already happened)
QG,2022-11-28,4,id152340,7.196,id130438|id130438|id152340,6.71|6.71|7.2,matches next day (roll already happened)
QG,2023-01-27,4,id199997,2.849,id175886|id175886|id199997,3.11|3.11|2.85,matches next day (roll already happened)
QG,2023-02-24,4,id140642,2.548,id140642|id199997|id199997,2.55|2.45|2.45,matches next day (roll already happened)
QG,2023-05-26,4,id158325,2.417,id158325|id163607|id163607,2.42|2.18|2.18,matches next day (roll already happened)
QG,2023-10-27,4,id116631,3.483,id150611|id150611|id116631,3.16|3.16|3.48,matches next day (roll already happened)
QG,2023-12-27,4,id56065,2.437,id56044|id56044|id56065,2.62|2.62|2.44,matches next day (roll already happened)
QG,2024-01-29,4,id950,2.054,id950|id56065|id56065,2.05|2.49|2.49,matches next day (roll already happened)
QG,2024-04-26,4,id945,1.923,id945|id946|id946,1.92|1.61|1.61,matches next day (roll already happened)
QG,2024-12-27,4,id899,3.383,id902|id902|id899,3.51|3.51|3.38,matches next day (roll already happened)
QG,2025-01-29,4,id896,3.17,id896|id899|id899,3.17|3.54|3.54,matches next day (roll already happened)
QG,2025-02-26,4,id892,3.959,id892|id896|id896,3.96|3.91|3.91,matches next day (roll already happened)
QG,2025-09-26,4,id864,3.206,id864|id869|id869,3.21|2.84|2.84,matches next day (roll already happened)
QG,2026-02-25,4,id1008,2.868,id1008|id1021|id1021,2.87|2.97|2.97,matches next day (roll already happened)
QG,2026-03-27,4,id996,3.025,id1008|id1008|id996,3.1|3.1|3.02,matches next day (roll already happened)
QG,2026-06-26,4,id992,3.279,id994|id994|id992,3.23|3.23|3.28,matches next day (roll already happened)
RB,2010-06-30,4,id50849,2.0604,id1297|id1297|id50849,2.06|2.06|2.06,matches next day (roll already happened)
RB,2010-07-30,4,id100056,2.1224,id100056|id50849|id50849,2.12|2.11|2.11,matches next day (roll already happened)
RB,2010-08-31,4,id203579,1.8574,id203579|id100056|id100056,1.86|1.89|1.89,matches next day (roll already happened)
RB,2010-09-30,4,id251306,2.0361,id203579|id203579|id251306,2.04|2.04|2.04,matches next day (roll already happened)
RB,2010-10-29,4,id305569,2.0594,id251306|id251306|id305569,2.1|2.1|2.06,matches next day (roll already happened)
RB,2010-11-30,4,id350847,2.1868,id350847|id305569|id305569,2.19|2.27|2.27,matches next day (roll already happened)
RB,2010-12-31,4,id403198,2.4303,id403198|id350847|id350847,2.43|2.45|2.45,matches next day (roll already happened)
RB,2011-01-31,4,id456406,2.5001,id403198|id403198|id456406,2.49|2.49|2.5,matches next day (roll already happened)
RB,2011-02-28,4,id500739,2.8927,id500739|id456406|id456406,2.89|2.73|2.73,matches next day (roll already happened)
RB,2011-03-31,4,id557737,3.1077,id500739|id500739|id557737,3.11|3.11|3.11,matches next day (roll already happened)
RB,2011-04-29,4,id608673,3.3984,id557737|id557737|id608673,3.46|3.46|3.4,matches next day (roll already happened)
RB,2011-05-31,4,id650973,3.0503,id608673|id608673|id650973,3.15|3.15|3.05,matches next day (roll already happened)
RB,2011-06-30,4,id705113,2.9692,id650973|id650973|id705113,3.03|3.03|2.97,matches next day (roll already happened)
RB,2011-07-29,4,id751660,3.0579,id705113|id705113|id751660,3.11|3.11|3.06,matches next day (roll already happened)
RB,2011-08-31,4,id815639,2.8763,id751660|id751660|id815639,3.03|3.03|2.88,matches next day (roll already happened)
RB,2011-09-30,4,id856155,2.5381,id856155|id815639|id815639,2.54|2.63|2.63,matches next day (roll already happened)
RB,2011-10-31,4,id69880,2.6057,id69880|id856155|id856155,2.61|2.64|2.64,matches next day (roll already happened)
RB,2011-11-30,4,id48260,2.5584,id48260|id69880|id69880,2.56|2.57|2.57,matches next day (roll already happened)
RB,2011-12-30,4,id116526,2.6574,id116526|id48260|id48260,2.66|2.69|2.69,matches next day (roll already happened)
RB,2012-01-31,4,id207639,2.8909,id207639|id116526|id116526,2.89|2.89|2.89,matches next day (roll already happened)
RB,2012-02-29,4,id252095,3.2572,id207639|id207639|id252095,3.04|3.04|3.26,matches next day (roll already happened)
RB,2012-03-30,4,id305112,3.3081,id252095|id252095|id305112,3.39|3.39|3.31,matches next day (roll already happened)
RB,2012-04-30,4,id356356,3.1246,id356356|id305112|id305112,3.12|3.18|3.18,matches next day (roll already happened)
RB,2012-05-31,4,id403634,2.7227,id403634|id356356|id356356,2.72|2.82|2.82,matches next day (roll already happened)
RB,2012-06-29,4,id453958,2.6318,id403634|id403634|id453958,2.73|2.73|2.63,matches next day (roll already happened)
RB,2012-07-31,4,id502330,2.7743,id453958|id453958|id502330,2.91|2.91|2.77,matches next day (roll already happened)
RB,2012-08-31,4,id553425,2.9728,id502330|id502330|id553425,3.11|3.11|2.97,matches next day (roll already happened)
RB,2012-09-28,4,id607654,2.9201,id553425|id553425|id607654,3.34|3.34|2.92,matches next day (roll already happened)
RB,2012-11-30,4,id739093,2.7303,id688146|id688146|id739093,2.76|2.76|2.73,matches next day (roll already happened)
RB,2013-05-31,4,id129860,2.7549,id129860|id74769|id74769,2.75|2.78|2.78,matches next day (roll already happened)
RB,2013-06-28,4,id212193,2.7156,id212193|id129860|id129860,2.72|2.75|2.75,matches next day (roll already happened)
RB,2013-08-30,4,id186343,2.8901,id177692|id177692|id186343,3.02|3.02|2.89,matches next day (roll already happened)
RB,2013-11-29,4,id3265,2.6628,id288050|id288050|id3265,2.68|2.68|2.66,matches next day (roll already happened)
RB,2014-01-31,4,id148305,2.6314,id65602|id65602|id148305,2.63|2.63|2.63,matches next day (roll already happened)
RB,2014-02-28,4,id340528,2.9774,id148305|id148305|id340528,2.79|2.79|2.98,matches next day (roll already happened)
RB,2014-05-30,4,id458560,2.9719,id458560|id437237|id437237,2.97|3.0|3.0,matches next day (roll already happened)
RB,2014-08-29,4,id561055,2.6229,id561055|id29229|id29229,2.62|2.78|2.78,matches next day (roll already happened)
RB,2014-10-31,4,id187312,2.1478,id247628|id247628|id187312,2.17|2.17|2.15,matches next day (roll already happened)
RB,2014-11-28,4,id816559,1.8276,id187312|id187312|id816559,1.9|1.9|1.83,matches next day (roll already happened)
RB,2014-12-31,4,id402569,1.4721,id402569|id816559|id816559,1.47|1.44|1.44,matches next day (roll already happened)
RB,2015-01-30,4,id162142,1.4788,id162142|id402569|id402569,1.48|1.42|1.42,matches next day (roll already happened)
RB,2015-02-27,4,id262382,1.9779,id162142|id162142|id262382,1.77|1.77|1.98,matches next day (roll already happened)
RB,2015-03-31,4,id416386,1.77,id262382|id262382|id416386,1.78|1.78|1.77,matches next day (roll already happened)
RB,2015-05-29,4,id31954,2.0627,id31954|id80676|id80676,2.06|2.09|2.09,matches next day (roll already happened)
RB,2015-06-30,4,id191894,2.0494,id191894|id31954|id31954,2.05|2.09|2.09,matches next day (roll already happened)
RB,2015-07-31,4,id896928,1.772,id191894|id191894|id896928,1.84|1.84|1.77,matches next day (roll already happened)
RB,2015-10-30,4,id806885,1.3716,id237981|id237981|id806885,1.4|1.4|1.37,matches next day (roll already happened)
RB,2015-11-30,4,id418694,1.3069,id418694|id806885|id806885,1.31|1.36|1.36,matches next day (roll already happened)
RB,2015-12-31,4,id41425,1.271,id41425|id418694|id418694,1.27|1.27|1.27,matches next day (roll already happened)
RB,2016-01-29,4,id204500,1.1323,id204500|id41425|id41425,1.13|1.1|1.1,matches next day (roll already happened)
RB,2016-02-29,4,id746862,1.3207,id204500|id204500|id746862,1.05|1.05|1.32,matches next day (roll already happened)
RB,2016-04-29,4,id105797,1.6044,id105797|id833502|id833502,1.6|1.58|1.58,matches next day (roll already happened)
RB,2016-07-29,4,id874358,1.3194,id874358|id88756|id88756,1.32|1.32|1.32,matches next day (roll already happened)
RB,2016-09-30,4,id604647,1.4631,id604647|id189645|id189645,1.46|1.49|1.49,matches next day (roll already happened)
RB,2016-11-30,4,id439832,1.4825,id878627|id878627|id439832,1.49|1.49|1.48,matches next day (roll already happened)
RB,2016-12-30,4,id201933,1.6709,id201933|id439832|id439832,1.67|1.67|1.67,matches next day (roll already happened)
RB,2017-01-31,4,id272046,1.5501,id201933|id201933|id272046,1.53|1.53|1.55,matches next day (roll already happened)
RB,2017-02-28,4,id324482,1.7294,id324482|id272046|id272046,1.73|1.51|1.51,matches next day (roll already happened)
RB,2017-03-31,4,id320973,1.703,id324482|id324482|id320973,1.7|1.7|1.7,matches next day (roll already happened)
RB,2017-04-28,4,id150533,1.5481,id150533|id320973|id320973,1.55|1.55|1.55,matches next day (roll already happened)
RB,2017-06-30,4,id52193,1.5137,id769606|id769606|id52193,1.52|1.52|1.51,matches next day (roll already happened)
RB,2017-09-29,4,id221088,1.591,id221088|id832258|id832258,1.59|1.61|1.61,matches next day (roll already happened)
RB,2017-11-30,4,id550941,1.73,id455977|id455977|id550941,1.73|1.73|1.73,matches next day (roll already happened)
RB,2017-12-29,4,id174411,1.7958,id174411|id550941|id550941,1.8|1.8|1.8,matches next day (roll already happened)
RB,2018-01-31,4,id225725,1.8937,id225725|id174411|id174411,1.89|1.91|1.91,matches next day (roll already happened)
RB,2018-02-28,4,id870433,1.9246,id225725|id225725|id870433,1.76|1.76|1.92,matches next day (roll already happened)
RB,2018-03-29,4,id603493,2.0206,id603493|id870433|id870433,2.02|2.02|2.02,matches next day (roll already happened)
RB,2018-06-29,4,id171476,2.1512,id171476|id748941|id748941,2.15|2.18|2.18,matches next day (roll already happened)
RB,2018-08-31,4,id667604,1.997,id628802|id628802|id667604,2.14|2.14|2.0,matches next day (roll already happened)
RB,2018-09-28,4,id475232,2.0857,id475232|id667604|id667604,2.09|2.1|2.1,matches next day (roll already happened)
RB,2018-11-30,4,id626000,1.4019,id798106|id798106|id626000,1.44|1.44|1.4,matches next day (roll already happened)
RB,2018-12-31,4,id463828,1.3021,id463828|id626000|id626000,1.3|1.32|1.32,matches next day (roll already happened)
RB,2019-01-31,4,id587283,1.3776,id463828|id463828|id587283,1.36|1.36|1.38,matches next day (roll already happened)
RB,2019-02-28,4,id265058,1.7523,id587283|id587283|id265058,1.63|1.63|1.75,matches next day (roll already happened)
RB,2019-03-29,4,id177491,1.8825,id177491|id265058|id265058,1.88|1.9|1.9,matches next day (roll already happened)
RB,2019-05-31,4,id717781,1.7714,id717781|id177597|id177597,1.77|1.8|1.8,matches next day (roll already happened)
RB,2019-06-28,4,id394907,1.8966,id394907|id717781|id717781,1.9|1.94|1.94,matches next day (roll already happened)
RB,2019-08-30,4,id896648,1.5297,id896648|id204561|id204561,1.53|1.61|1.61,matches next day (roll already happened)
RB,2019-11-29,4,id472451,1.591,id472451|id664826|id664826,1.59|1.6|1.6,matches next day (roll already happened)
RB,2019-12-31,4,id638283,1.6905,id472451|id472451|id638283,1.7|1.7|1.69,matches next day (roll already happened)
RB,2020-01-31,4,id445909,1.5041,id638283|id638283|id445909,1.49|1.49|1.5,matches next day (roll already happened)
RB,2020-02-28,4,id183195,1.4828,id183195|id445909|id445909,1.48|1.4|1.4,matches next day (roll already happened)
RB,2020-04-30,4,id567912,0.7837,id760286|id760286|id567912,0.7|0.7|0.78,matches next day (roll already happened)
RB,2020-05-29,4,id406038,1.0785,id406038|id567912|id567912,1.08|1.03|1.03,matches next day (roll already happened)
RB,2020-07-31,4,id748519,1.1711,id213778|id213778|id748519,1.19|1.19|1.17,matches next day (roll already happened)
RB,2020-10-30,4,id333271,1.0322,id141048|id141048|id333271,1.05|1.05|1.03,matches next day (roll already happened)
RB,2020-11-30,4,id783592,1.2416,id333271|id333271|id783592,1.25|1.25|1.24,matches next day (roll already happened)
RB,2020-12-31,4,id556757,1.4101,id783592|id783592|id556757,1.41|1.41|1.41,matches next day (roll already happened)
RB,2021-01-29,4,id638898,1.5527,id556757|id556757|id638898,1.57|1.57|1.55,matches next day (roll already happened)
RB,2021-02-26,4,id446523,1.9505,id446523|id638898|id638898,1.95|1.88|1.88,matches next day (roll already happened)
RB,2021-04-30,4,id153118,2.0763,id153118|id270504|id270504,2.08|2.07|2.07,matches next day (roll already happened)
RB,2021-05-28,4,id655230,2.1369,id153118|id153118|id655230,2.14|2.14|2.14,matches next day (roll already happened)
RB,2021-07-30,4,id301297,2.3347,id301297|id493363|id493363,2.33|2.37|2.37,matches next day (roll already happened)
RB,2021-10-29,4,id465257,2.3697,id465257|id149989|id149989,2.37|2.46|2.46,matches next day (roll already happened)
RB,2021-11-30,4,id303628,1.9401,id303628|id465257|id465257,1.94|1.98|1.98,matches next day (roll already happened)
RB,2021-12-31,4,id770531,2.2246,id303628|id303628|id770531,2.23|2.23|2.22,matches next day (roll already happened)
RB,2022-01-31,4,id608658,2.5544,id608658|id770531|id770531,2.55|2.55|2.55,matches next day (roll already happened)
RB,2022-02-28,4,id416285,2.9325,id416285|id608658|id608658,2.93|2.8|2.8,matches next day (roll already happened)
RB,2022-04-29,4,id531084,3.4424,id531084|id203563|id203563,3.44|3.47|3.47,matches next day (roll already happened)
RB,2022-07-29,4,id507793,3.1132,id507793|id700167|id700167,3.11|3.49|3.49,matches next day (roll already happened)
RB,2022-09-30,4,id338709,2.3698,id338709|id203620|id203620,2.37|2.47|2.47,matches next day (roll already happened)
RB,2022-11-30,4,id723457,2.3847,id723457|id203623|id203623,2.38|2.42|2.42,matches next day (roll already happened)
RB,2022-12-30,4,id659057,2.4783,id659057|id723457|id723457,2.48|2.46|2.46,matches next day (roll already happened)
RB,2023-01-31,4,id466675,2.5668,id466675|id659057|id659057,2.57|2.54|2.54,matches next day (roll already happened)
RB,2023-03-31,4,id628556,2.681,id628556|id65484|id65484,2.68|2.7|2.7,matches next day (roll already happened)
RB,2023-04-28,4,id274401,2.5301,id274401|id628556|id628556,2.53|2.58|2.58,matches next day (roll already happened)
RB,2023-06-30,4,id65476,2.5449,id436181|id436181|id65476,2.63|2.63|2.54,matches next day (roll already happened)
RB,2023-09-29,4,id243804,2.3995,id405684|id405684|id243804,2.44|2.44|2.4,matches next day (roll already happened)
RB,2023-11-30,4,id668424,2.1758,id65493|id65493|id668424,2.2|2.2|2.18,matches next day (roll already happened)
RB,2023-12-29,4,id438289,2.1063,id668424|id668424|id438289,2.1|2.1|2.11,matches next day (roll already happened)
RB,2024-01-31,4,id553571,2.2312,id438289|id438289|id553571,2.18|2.18|2.23,matches next day (roll already happened)
RB,2024-02-29,4,id356632,2.581,id356632|id553571|id553571,2.58|2.3|2.3,matches next day (roll already happened)
RB,2024-03-28,4,id133835,2.7206,id356632|id356632|id133835,2.76|2.76|2.72,matches next day (roll already happened)
RB,2024-05-31,4,id584032,2.4174,id361210|id361210|id584032,2.43|2.43|2.42,matches next day (roll already happened)
RB,2024-06-28,4,id215522,2.5015,id584032|id584032|id215522,2.53|2.53|2.5,matches next day (roll already happened)
RB,2024-08-30,4,id76500,2.0932,id741370|id741370|id76500,2.21|2.21|2.09,matches next day (roll already happened)
RB,2024-11-29,4,id719283,1.8988,id85469|id85469|id719283,1.94|1.94|1.9,matches next day (roll already happened)
RB,2024-12-31,4,id254801,2.0092,id254801|id719283|id719283,2.01|2.0|2.0,matches next day (roll already happened)
RB,2025-01-31,4,id131443,2.0588,id131443|id254801|id254801,2.06|2.04|2.04,matches next day (roll already happened)
RB,2025-02-28,4,id550102,2.2223,id550102|id131443|id131443,2.22|1.97|1.97,matches next day (roll already happened)
RB,2025-05-30,4,id323881,2.0151,id248785|id248785|id323881,2.04|2.04|2.02,matches next day (roll already happened)
RB,2025-08-29,4,id398305,1.9689,id560164|id560164|id398305,2.19|2.19|1.97,matches next day (roll already happened)
RB,2025-10-31,4,id716444,1.9008,id580587|id580587|id716444,1.99|1.99|1.9,matches next day (roll already happened)
RB,2025-11-28,4,id357715,1.8215,id716444|id716444|id357715,1.9|1.9|1.82,matches next day (roll already happened)
RB,2025-12-31,4,id690229,1.715,id357715|id357715|id690229,1.71|1.71|1.72,matches next day (roll already happened)
RB,2026-01-30,4,id720729,1.9422,id690229|id690229|id720729,1.92|1.92|1.94,matches next day (roll already happened)
RB,2026-02-27,4,id687924,2.2855,id720729|id720729|id687924,2.08|2.08|2.29,matches next day (roll already happened)
RB,2026-03-31,4,id248403,3.2039,id248403|id687924|id687924,3.2|3.31|3.31,matches next day (roll already happened)
RB,2026-05-29,4,id781272,3.0344,id781272|id258289|id258289,3.03|3.13|3.13,matches next day (roll already happened)
RB,2026-07-31,4,id794064,3.1142,id794064|id319418|id319418,3.11|3.22|3.22,matches next day (roll already happened)
SIL,2010-06-28,4,id197510,18.678,id197510|id192078|id192078,18.68|18.67|18.67,matches next day (roll already happened)
SIL,2010-07-28,4,id126939,17.423,id126939|id197510|id197510,17.42|17.42|17.42,matches next day (roll already happened)
SIL,2010-08-27,4,id119808,19.039,id126939|id126939|id119808,19.04|19.04|19.04,matches next day (roll already happened)
SIL,2010-09-28,4,id126253,21.688,id119808|id119808|id126253,21.69|21.69|21.69,matches next day (roll already happened)
SIL,2010-10-27,4,id197962,23.4,id197962|id126253|id126253,23.4|23.4|23.4,matches next day (roll already happened)
SIL,2010-11-26,4,id197512,26.699,id197512|id197962|id197962,26.7|26.7|26.7,matches next day (roll already happened)
SIL,2010-12-29,4,id126184,30.679,id126184|id197512|id197512,30.68|30.68|30.68,matches next day (roll already happened)
SIL,2011-01-27,4,id141146,27.036,id141146|id126184|id126184,27.04|27.04|27.04,matches next day (roll already happened)
SIL,2011-02-24,4,id113732,33.166,id113732|id141146|id141146,33.17|33.18|33.18,matches next day (roll already happened)
SIL,2011-03-29,4,id172847,36.984,id172847|id113732|id113732,36.98|36.98|36.98,matches next day (roll already happened)
SIL,2011-04-27,4,id107787,45.958,id107787|id172847|id172847,45.96|45.96|45.96,matches next day (roll already happened)
SIL,2011-05-26,4,id103612,37.32,id103612|id107787|id107787,37.32|37.33|37.33,matches next day (roll already happened)
SIL,2011-06-28,4,id197516,33.638,id103612|id103612|id197516,33.63|33.63|33.64,matches next day (roll already happened)
SIL,2011-07-27,4,id169063,40.553,id169063|id197516|id197516,40.55|40.55|40.55,matches next day (roll already happened)
SIL,2011-08-29,4,id115252,40.546,id115252|id169063|id169063,40.55|40.54|40.54,matches next day (roll already happened)
SIL,2011-09-28,4,id116616,30.084,id115252|id115252|id116616,30.08|30.08|30.08,matches next day (roll already happened)
SIL,2011-10-27,4,id31889,35.096,id31889|id116616|id116616,35.1|35.1|35.1,matches next day (roll already happened)
SIL,2011-11-28,4,id197709,32.161,id197709|id31889|id31889,32.16|32.16|32.16,matches next day (roll already happened)
SIL,2011-12-28,4,id136480,27.192,id136480|id197709|id197709,27.19|27.19|27.19,matches next day (roll already happened)
SIL,2012-01-27,4,id56514,33.759,id136480|id136480|id56514,33.75|33.75|33.76,matches next day (roll already happened)
SIL,2012-02-27,4,id115500,35.524,id115500|id56514|id56514,35.52|35.52|35.52,matches next day (roll already happened)
SIL,2012-03-28,4,id27548,31.817,id27548|id115500|id115500,31.82|31.82|31.82,matches next day (roll already happened)
SIL,2012-04-26,4,id149277,31.207,id149277|id27548|id27548,31.21|31.2|31.2,matches next day (roll already happened)
SIL,2012-05-29,4,id37726,27.767,id37726|id149277|id149277,27.77|27.77|27.77,matches next day (roll already happened)
SIL,2012-06-27,4,id100276,26.942,id100276|id37726|id37726,26.94|26.94|26.94,matches next day (roll already happened)
SIL,2012-07-27,4,id51443,27.477,id100276|id100276|id51443,27.48|27.48|27.48,matches next day (roll already happened)
SIL,2012-08-29,4,id171756,30.837,id171756|id51443|id51443,30.84|30.83|30.83,matches next day (roll already happened)
SIL,2013-01-29,4,id276067,31.159,id116085|id116085|id276067,31.16|31.16|31.16,matches next day (roll already happened)
SIL,2013-02-26,4,id179536,29.26,id179536|id276067|id276067,29.26|29.26|29.26,matches next day (roll already happened)
SIL,2013-04-26,4,id111871,23.758,id111871|id26122|id26122,23.76|23.76|23.76,matches next day (roll already happened)
SIL,2014-01-29,4,id59368,19.536,id86654|id86654|id59368,19.53|19.53|19.54,matches next day (roll already happened)
SIL,2014-02-26,4,id60401,21.254,id59368|id59368|id60401,21.25|21.25|21.25,matches next day (roll already happened)
SIL,2014-09-26,4,id535,17.48,id535|id71572|id71572,17.48|17.48|17.48,matches next day (roll already happened)
SIL,2014-11-25,4,id177101,16.553,id177101|id275|id275,16.55|16.55|16.55,matches next day (roll already happened)
SIL,2014-12-29,4,id26132,15.743,id177101|id177101|id26132,15.74|15.74|15.74,matches next day (roll already happened)
SIL,2015-03-27,4,id20430,17.052,id6778|id6778|id20430,17.05|17.05|17.05,matches next day (roll already happened)
SIL,2015-06-26,4,id151729,15.735,id2133|id2133|id151729,15.74|15.74|15.74,matches next day (roll already happened)
SIL,2015-11-25,4,id147496,14.158,id147496|id1845|id1845,14.16|14.17|14.17,matches next day (roll already happened)
SIL,2015-12-29,4,id133133,13.899,id147496|id147496|id133133,13.92|13.92|13.9,matches next day (roll already happened)
SIL,2016-01-27,4,id15066,14.44,id133133|id133133|id15066,14.44|14.44|14.44,matches next day (roll already happened)
SIL,2016-02-25,4,id1030,15.17,id1030|id15066|id15066,15.17|15.16|15.16,matches next day (roll already happened)
SIL,2016-11-28,4,id62950,16.583,id12627|id12627|id62950,16.58|16.58|16.58,matches next day (roll already happened)
SIL,2016-12-28,4,id84269,15.984,id62950|id62950|id84269,15.99|15.99|15.98,matches next day (roll already happened)
SIL,2017-01-27,4,id242012,17.107,id84269|id84269|id242012,17.1|17.1|17.11,matches next day (roll already happened)
SIL,2017-02-24,4,id49798,18.339,id242012|id242012|id49798,18.34|18.34|18.34,matches next day (roll already happened)
SIL,2017-03-29,4,id151455,18.231,id151455|id49798|id49798,18.23|18.23|18.23,matches next day (roll already happened)
SIL,2017-05-26,4,id150,17.288,id103667|id103667|id150,17.28|17.28|17.29,matches next day (roll already happened)
SIL,2017-06-28,4,id50693,16.727,id150|id150|id50693,16.72|16.72|16.73,matches next day (roll already happened)
SIL,2017-10-27,4,id60,16.707,id611|id611|id60,16.7|16.7|16.71,matches next day (roll already happened)
SIL,2017-11-28,4,id399806,16.822,id399806|id60|id60,16.82|16.81|16.81,matches next day (roll already happened)
SIL,2017-12-27,4,id6263,16.667,id399806|id399806|id6263,16.62|16.62|16.67,matches next day (roll already happened)
SIL,2018-01-29,4,id2295,17.075,id2295|id6263|id6263,17.08|17.07|17.07,matches next day (roll already happened)
SIL,2018-02-26,4,id3188,16.55,id2295|id2295|id3188,16.54|16.54|16.55,matches next day (roll already happened)
SIL,2018-07-27,4,id6438,15.437,id6438|id109006|id109006,15.44|15.44|15.44,matches next day (roll already happened)
SIL,2018-11-28,4,id59130,14.325,id1358|id1358|id59130,14.3|14.3|14.32,matches next day (roll already happened)
SIL,2018-12-27,4,id73454,15.203,id59130|id59130|id73454,15.19|15.19|15.2,matches next day (roll already happened)
SIL,2019-02-26,4,id11645,15.832,id7419|id7419|id11645,15.83|15.83|15.83,matches next day (roll already happened)
SIL,2019-04-26,4,id374,15.005,id2828|id2828|id374,15.0|15.0|15.0,matches next day (roll already happened)
SIL,2019-12-27,4,id185,17.85,id185|id111203|id111203,17.85|17.85|17.85,matches next day (roll already happened)
SIL,2020-01-29,4,id2291,17.447,id185|id185|id2291,17.43|17.43|17.45,matches next day (roll already happened)
SIL,2020-02-26,4,id1188,17.834,id1188|id2291|id2291,17.83|17.83|17.83,matches next day (roll already happened)
SIL,2020-03-27,4,id2185,14.476,id2185|id1188|id1188,14.48|14.5|14.5,matches next day (roll already happened)
SIL,2020-06-26,4,id22610,18.035,id22610|id18898|id18898,18.04|18.02|18.02,matches next day (roll already happened)
SIL,2020-11-25,4,id188775,23.362,id1364|id1364|id188775,23.36|23.36|23.36,matches next day (roll already happened)
SIL,2021-01-27,4,id5666,25.379,id5666|id16214|id16214,25.38|25.38|25.38,matches next day (roll already happened)
SIL,2021-02-24,4,id62684,27.859,id5666|id5666|id62684,27.86|27.86|27.86,matches next day (roll already happened)
SIL,2021-05-26,4,id7512,27.858,id63676|id63676|id7512,27.85|27.85|27.86,matches next day (roll already happened)
SIL,2021-08-27,4,id28092,24.062,id2395|id2395|id28092,24.06|24.06|24.06,matches next day (roll already happened)
SIL,2021-11-26,4,id24376,23.107,id33349|id33349|id24376,23.11|23.11|23.11,matches next day (roll already happened)
SIL,2021-12-29,4,id3733,22.827,id24376|id24376|id3733,22.85|22.85|22.83,matches next day (roll already happened)
SIL,2022-01-27,4,id69556,22.676,id69556|id3733|id3733,22.68|22.67|22.67,matches next day (roll already happened)
SIL,2022-02-24,4,id5470,24.687,id5470|id69556|id69556,24.69|24.69|24.69,matches next day (roll already happened)
SIL,2022-11-28,4,id121709,20.915,id121709|id32571|id32571,20.92|20.91|20.91,matches next day (roll already happened)
SIL,2023-01-27,4,id37100,23.534,id3470|id3470|id37100,23.53|23.53|23.53,matches next day (roll already happened)
SIL,2023-02-24,4,id10501,20.81,id10501|id37100|id37100,20.81|20.81|20.81,matches next day (roll already happened)
SIL,2023-05-26,4,id5197,23.248,id17517|id17517|id5197,23.24|23.24|23.25,matches next day (roll already happened)
SIL,2023-10-27,4,id42009334,22.774,id42009334|id4121018|id4121018,22.77|22.77|22.77,matches next day (roll already happened)
SIL,2023-12-27,4,id820,24.401,id1098|id1098|id820,24.38|24.38|24.4,matches next day (roll already happened)
SIL,2024-01-29,4,id42000697,23.134,id820|id820|id42000697,23.14|23.14|23.13,matches next day (roll already happened)
SIL,2024-04-26,4,id4122,27.252,id4122|id42001689|id42001689,27.25|27.24|27.24,matches next day (roll already happened)
SIL,2024-12-27,4,id5712,29.645,id5712|id39545|id39545,29.64|29.66|29.66,matches next day (roll already happened)
SIL,2025-01-29,4,id42055313,31.264,id42055313|id5712|id5712,31.26|31.24|31.24,matches next day (roll already happened)
SIL,2025-02-26,4,id5556,32.272,id42055313|id42055313|id5556,32.25|32.25|32.27,matches next day (roll already happened)
SIL,2025-09-26,4,id42025106,46.238,id42011505|id42011505|id42025106,46.22|46.22|46.24,matches next day (roll already happened)
SIL,2026-02-25,4,id42044525,90.988,id42021909|id42021909|id42044525,90.94|90.94|90.99,matches next day (roll already happened)
SIL,2026-03-27,4,id42028799,69.561,id42028799|id42044525|id42044525,69.56|69.54|69.54,matches next day (roll already happened)
SIL,2026-06-26,4,id11762,59.224,id42026286|id42026286|id11762,59.22|59.22|59.22,matches next day (roll already happened)
SR3,2018-12-18,4,id24761,97.585,id23617|id23617|id24761,97.8|97.8|97.58,matches next day (roll already happened)
SR3,2019-12-17,4,id26534,98.4075,id26534|id26175|id26175,98.41|98.27|98.27,matches next day (roll already happened)
SR3,2020-03-17,4,id27133,99.84,id26534|id26534|id27133,98.52|98.52|99.84,matches next day (roll already happened)
SR3,2020-12-15,4,id28574,99.94,id27183|id27183|id28574,99.92|99.92|99.94,matches next day (roll already happened)
SR3,2021-12-14,4,id27206,99.93,id27206|id27254|id27254,99.93|99.95|99.95,matches next day (roll already happened)
SR3,2022-09-20,4,id83938,97.54,id27297|id27297|id83938,98.06|98.06|97.54,matches next day (roll already happened)
SR3,2022-11-15,4,id27322,96.525,id93437|id93437|id27322,97.15|97.15|96.52,matches next day (roll already happened)
SR3,2022-12-20,4,id76841,96.12,id27322|id27322|id76841,96.52|96.52|96.12,matches next day (roll already happened)
SR3,2023-01-17,4,id3275,95.79,id3275|id76841|id76841,95.79|96.12|96.12,matches next day (roll already happened)
SR3,2023-11-14,4,id4784,94.65,id202483|id202483|id4784,94.66|94.66|94.65,matches next day (roll already happened)
SR3,2024-01-16,4,id7593,94.6325,id41619|id41619|id7593,94.64|94.64|94.63,matches next day (roll already happened)
SR3,2024-10-15,4,id42001306,94.9975,id42001306|id42002480|id42002480,95.0|94.78|94.78,matches next day (roll already happened)
SR3,2024-11-19,4,id254253,95.235,id254253|id42001306|id42001306,95.24|95.0|95.0,matches next day (roll already happened)
SR3,2024-12-17,4,id42007685,95.3825,id254253|id254253|id42007685,95.23|95.23|95.38,matches next day (roll already happened)
SR3,2025-01-14,4,id42102524,95.5675,id42102524|id42007685|id42007685,95.57|95.39|95.39,matches next day (roll already happened)
SR3,2026-01-20,4,id42000012,96.2325,id42000012|id42014666|id42014666,96.23|96.08|96.08,matches next day (roll already happened)
SR3,2026-03-17,4,id42000173,96.3225,id254274|id254274|id42000173,96.31|96.31|96.32,matches next day (roll already happened)
UB,2010-06-21,4,id823643,130.53125,id337842|id337842|id823643,132.19|132.19|130.53,matches next day (roll already happened)
UB,2010-09-21,4,id393240,138.90625,id823643|id823643|id393240,139.25|139.25|138.91,matches next day (roll already happened)
UB,2010-12-21,4,id669034,125.28125,id669034|id393240|id393240,125.28|125.94|125.94,matches next day (roll already happened)
UB,2011-03-22,4,id784081,124.71875,id669034|id669034|id784081,126.12|126.12|124.72,matches next day (roll already happened)
UB,2011-06-21,4,id335258,129.625,id335258|id784081|id784081,129.62|131.28|131.28,matches next day (roll already happened)
UB,2011-09-21,4,id204531,156.5625,id204531|id335258|id335258,156.56|154.62|154.62,matches next day (roll already happened)
UB,2011-12-20,4,id187142,159.0625,id187142|id204531|id204531,159.06|161.06|161.06,matches next day (roll already happened)
UB,2012-03-21,4,id466242,149.9375,id187142|id187142|id466242,149.19|149.19|149.94,matches next day (roll already happened)
UB,2012-06-20,4,id717245,167.90625,id466242|id466242|id717245,169.19|169.19|167.91,matches next day (roll already happened)
UB,2013-12-19,4,id515123,137.15625,id515123|id584312|id584312,137.16|138.44|138.44,matches next day (roll already happened)
UB,2014-12-19,4,id595606,164.40625,id595606|id238848|id238848,164.41|164.31|164.31,matches next day (roll already happened)
UB,2015-03-20,4,id526401,170.96875,id595606|id595606|id526401,171.94|171.94|170.97,matches next day (roll already happened)
UB,2015-06-19,4,id467293,155.40625,id526401|id526401|id467293,156.81|156.81|155.41,matches next day (roll already happened)
UB,2015-12-21,4,id354071,160.96875,id354071|id867548|id867548,160.97|161.47|161.47,matches next day (roll already happened)
UB,2016-12-20,4,id828370,157.4375,id237033|id237033|id828370,158.56|158.56|157.44,matches next day (roll already happened)
UB,2019-12-19,4,id579313,182.75,id579313|id781520|id781520,182.75|184.06|184.06,matches next day (roll already happened)
UB,2020-03-20,4,id96381,211.21875,id579313|id579313|id96381,210.66|210.66|211.22,matches next day (roll already happened)
UB,2020-06-19,4,id199425,215.8125,id199425|id96381|id96381,215.81|217.41|217.41,matches next day (roll already happened)
UB,2020-12-21,4,id38086,211.875,id38086|id471008|id471008,211.88|213.97|213.97,matches next day (roll already happened)
UB,2022-12-20,4,id582909,138.875,id263783|id263783|id582909,138.91|138.91|138.88,matches next day (roll already happened)
UB,2024-12-19,4,id42002512,119.78125,id42002512|id42001616|id42001616,119.78|119.31|119.31,matches next day (roll already happened)
UB,2025-09-19,4,id42001764,119.6875,id42001764|id42007300|id42007300,119.69|120.09|120.09,matches next day (roll already happened)
UB,2025-12-19,4,id42005311,118.03125,id42001764|id42001764|id42005311,118.53|118.53|118.03,matches next day (roll already happened)
UB,2026-03-20,4,id42003597,115.34375,id42003597|id42005311|id42005311,115.34|116.19|116.19,matches next day (roll already happened)
UB,2026-06-18,4,id42003203,116.15625,id42003203|id42003597|id42003597,116.16|116.72|116.72,matches next day (roll already happened)
ZB,2010-06-21,4,id809647,123.625,id703364|id703364|id809647,124.28|124.28|123.62,matches next day (roll already happened)
ZB,2010-09-21,4,id36857,132.0625,id809647|id809647|id36857,132.53|132.53|132.06,matches next day (roll already happened)
ZB,2010-12-21,4,id648770,121.1875,id648770|id36857|id36857,121.19|122.25|122.25,matches next day (roll already happened)
ZB,2011-03-22,4,id620332,121.46875,id620332|id648770|id648770,121.47|122.94|122.94,matches next day (roll already happened)
ZB,2011-06-21,4,id184543,125.40625,id184543|id620332|id620332,125.41|126.94|126.94,matches next day (roll already happened)
ZB,2011-09-21,4,id305861,143.1875,id184543|id184543|id305861,143.25|143.25|143.19,matches next day (roll already happened)
ZB,2011-12-20,4,id330088,144.09375,id305861|id305861|id330088,144.69|144.69|144.09,matches next day (roll already happened)
ZB,2012-03-21,4,id67985,136.78125,id330088|id330088|id67985,137.97|137.97|136.78,matches next day (roll already happened)
ZB,2012-06-20,4,id387631,148.59375,id387631|id67985|id67985,148.59|149.34|149.34,matches next day (roll already happened)
ZB,2013-12-19,4,id420567,129.1875,id110670|id110670|id420567,130.59|130.59|129.19,matches next day (roll already happened)
ZB,2014-12-19,4,id17949,144.3125,id17949|id172007|id172007,144.31|145.78|145.78,matches next day (roll already happened)
ZB,2015-03-20,4,id891697,164.15625,id891697|id17949|id17949,164.16|148.59|148.59,matches next day (roll already happened)
ZB,2015-06-19,4,id425684,151.90625,id891697|id891697|id425684,153.59|153.59|151.91,matches next day (roll already happened)
ZB,2015-12-21,4,id292210,156.0625,id292210|id37384|id37384,156.06|157.91|157.91,matches next day (roll already happened)
ZB,2016-12-20,4,id457844,148.40625,id193952|id193952|id457844,149.88|149.88|148.41,matches next day (roll already happened)
ZB,2019-12-19,4,id609823,156.28125,id143672|id143672|id609823,157.19|157.19|156.28,matches next day (roll already happened)
ZB,2020-03-20,4,id176345,175.96875,id176345|id609823|id609823,175.97|177.31|177.31,matches next day (roll already happened)
ZB,2020-06-19,4,id238721,177.28125,id176345|id176345|id238721,179.12|179.12|177.28,matches next day (roll already happened)
ZB,2020-12-21,4,id518912,172.375,id461640|id461640|id518912,171.5|171.5|172.38,matches next day (roll already happened)
ZB,2022-12-20,4,id198127,128.09375,id198127|id648539|id648539,128.09|128.25|128.25,matches next day (roll already happened)
ZB,2024-12-19,4,id42004096,114.03125,id42004096|id42000732|id42000732,114.03|113.75|113.75,matches next day (roll already happened)
ZB,2025-09-19,4,id42001597,116.34375,id42001597|id42144138|id42144138,116.34|116.78|116.78,matches next day (roll already happened)
ZB,2025-12-19,4,id42004746,115.3125,id42001597|id42001597|id42004746,115.94|115.94|115.31,matches next day (roll already happened)
ZB,2026-03-20,4,id42004655,112.40625,id42004655|id42004746|id42004746,112.41|113.31|113.31,matches next day (roll already happened)
ZB,2026-06-18,4,id42004736,113.375,id42004655|id42004655|id42004736,113.84|113.84|113.38,matches next day (roll already happened)
ZC,2010-07-14,4,id495349,384.25,id495349|id882177|id882177,384.25|375.25|375.25,matches next day (roll already happened)
ZC,2010-09-14,4,id892190,495.0,id495349|id495349|id892190,478.0|478.0|495.0,matches next day (roll already happened)
ZC,2010-12-14,4,id74172,587.25,id74172|id892190|id892190,587.25|574.5|574.5,matches next day (roll already happened)
ZC,2011-05-13,4,id292835,682.0,id196056|id196056|id292835,679.0|679.0|682.0,matches next day (roll already happened)
ZC,2011-07-14,4,id37891,690.75,id37891|id292835|id292835,690.75|716.5|716.5,matches next day (roll already happened)
ZC,2011-09-14,4,id85982,724.25,id37891|id37891|id85982,713.0|713.0|724.25,matches next day (roll already happened)
ZC,2011-12-14,4,id12993,580.75,id12993|id85982|id85982,580.75|580.0|580.0,matches next day (roll already happened)
ZC,2012-03-14,4,id254896,658.75,id12993|id12993|id254896,669.5|669.5|658.75,matches next day (roll already happened)
ZC,2012-05-14,4,id205740,583.0,id205740|id254896|id254896,583.0|608.0|608.0,matches next day (roll already happened)
ZC,2012-07-13,4,id603071,740.5,id205740|id205740|id603071,755.75|755.75|740.5,matches next day (roll already happened)
ZC,2012-09-14,4,id895463,782.0,id895463|id603071|id603071,782.0|777.5|777.5,matches next day (roll already happened)
ZC,2012-12-14,4,id390221,730.75,id895463|id895463|id390221,718.75|718.75|730.75,matches next day (roll already happened)
ZC,2013-07-12,4,id500462,545.5,id78774|id78774|id500462,701.5|701.5|545.5,matches next day (roll already happened)
ZC,2013-09-13,4,id361413,459.0,id361413|id500462|id500462,459.0|450.0|450.0,matches next day (roll already happened)
ZC,2013-12-13,4,id637548,425.5,id637548|id361413|id361413,425.5|420.5|420.5,matches next day (roll already happened)
ZC,2014-03-14,4,id445173,486.0,id445173|id637548|id637548,486.0|472.25|472.25,matches next day (roll already happened)
ZC,2014-09-12,4,id692825,338.5,id383307|id383307|id692825,339.0|339.0|338.5,matches next day (roll already happened)
ZC,2014-12-12,4,id407417,407.5,id407417|id692825|id692825,407.5|396.25|396.25,matches next day (roll already happened)
ZC,2015-03-13,4,id469287,380.5,id407417|id407417|id469287,374.0|374.0|380.5,matches next day (roll already happened)
ZC,2015-09-14,4,id60636,393.5,id60636|id792162|id792162,393.5|379.0|379.0,matches next day (roll already happened)
ZC,2015-12-14,4,id450811,379.0,id450811|id60636|id60636,379.0|381.75|381.75,matches next day (roll already happened)
ZC,2016-05-13,4,id531169,390.75,id531169|id643179|id643179,390.75|382.0|382.0,matches next day (roll already happened)
ZC,2016-12-14,4,id366000,362.0,id363272|id363272|id366000,351.75|351.75|362.0,matches next day (roll already happened)
ZC,2017-05-12,4,id835555,371.0,id711302|id711302|id835555,361.75|361.75|371.0,matches next day (roll already happened)
ZC,2017-07-14,4,id518927,376.25,id518927|id835555|id835555,376.25|365.25|365.25,matches next day (roll already happened)
ZC,2017-12-14,4,id723285,348.5,id128062|id128062|id723285,336.25|336.25|348.5,matches next day (roll already happened)
ZC,2018-07-13,4,id324999,341.25,id750748|id750748|id324999,330.25|330.25|341.25,matches next day (roll already happened)
ZC,2018-09-14,4,id173904,351.75,id324999|id324999|id173904,337.0|337.0|351.75,matches next day (roll already happened)
ZC,2018-12-14,4,id275617,384.75,id275617|id173904|id173904,384.75|376.75|376.75,matches next day (roll already happened)
ZC,2019-07-12,4,id660347,454.25,id338535|id338535|id660347,449.5|449.5|454.25,matches next day (roll already happened)
ZC,2019-09-13,4,id102262,368.75,id102262|id660347|id660347,368.75|355.5|355.5,matches next day (roll already happened)
ZC,2019-12-13,4,id149920,381.0,id102262|id102262|id149920,366.25|366.25|381.0,matches next day (roll already happened)
ZC,2020-03-13,4,id472897,365.75,id149920|id149920|id472897,370.75|370.75|365.75,matches next day (roll already happened)
ZC,2021-03-12,4,id221002,539.0,id443887|id443887|id221002,549.25|549.25|539.0,matches next day (roll already happened)
ZC,2021-05-14,4,id118881,643.75,id118881|id221002|id221002,643.75|685.0|685.0,matches next day (roll already happened)
ZC,2021-12-14,4,id234352,590.25,id311015|id311015|id234352,588.75|588.75|590.25,matches next day (roll already happened)
ZC,2022-05-13,4,id798133,781.25,id11397|id11397|id798133,794.5|794.5|781.25,matches next day (roll already happened)
ZC,2022-12-14,4,id298463,650.5,id298463|id636258|id636258,650.5|639.0|639.0,matches next day (roll already happened)
ZC,2023-05-12,4,id203853,586.25,id65201|id65201|id203853,633.25|633.25|586.25,matches next day (roll already happened)
ZC,2023-07-14,4,id520651,506.5,id203853|id203853|id520651,599.75|599.75|506.5,matches next day (roll already happened)
ZC,2023-12-14,4,id243778,479.25,id243778|id649504|id649504,479.25|456.75|456.75,matches next day (roll already happened)
ZC,2024-07-12,4,id644626,402.0,id347006|id347006|id644626,400.0|400.0|402.0,matches next day (roll already happened)
ZC,2024-09-13,4,id487769,413.25,id644626|id644626|id487769,390.75|390.75|413.25,matches next day (roll already happened)
ZC,2024-12-13,4,id626930,442.0,id487769|id487769|id626930,430.0|430.0|442.0,matches next day (roll already happened)
ZC,2025-03-14,4,id680969,458.5,id680969|id626930|id626930,458.5|445.5|445.5,matches next day (roll already happened)
ZC,2025-09-12,4,id405207,430.0,id272731|id272731|id405207,399.0|399.0|430.0,matches next day (roll already happened)
ZC,2025-12-12,4,id42279835,440.75,id405207|id405207|id42279835,431.5|431.5|440.75,matches next day (roll already happened)
ZC,2026-03-13,4,id42273528,467.25,id42273528|id42279835|id42279835,467.25|452.5|452.5,matches next day (roll already happened)
ZF,2010-06-30,4,id604699,118.3515625,id604699|id94392|id94392,118.35|118.98|118.98,matches next day (roll already happened)
ZF,2010-09-30,4,id460018,120.8671875,id460018|id604699|id604699,120.87|121.5|121.5,matches next day (roll already happened)
ZF,2010-12-31,4,id894679,117.71875,id460018|id460018|id894679,118.72|118.72|117.72,matches next day (roll already happened)
ZF,2011-03-31,4,id822298,116.7890625,id822298|id894679|id894679,116.79|117.79|117.79,matches next day (roll already happened)
ZF,2011-06-30,4,id9789,119.1953125,id822298|id822298|id9789,120.42|120.42|119.2,matches next day (roll already happened)
ZF,2011-09-30,4,id812215,122.484375,id812215|id9789|id9789,122.48|123.36|123.36,matches next day (roll already happened)
ZF,2011-12-30,4,id51040,123.2578125,id51040|id812215|id812215,123.26|123.52|123.52,matches next day (roll already happened)
ZF,2012-03-30,4,id465961,122.5390625,id465961|id51040|id51040,122.54|122.86|122.86,matches next day (roll already happened)
ZF,2012-06-29,4,id568618,123.96875,id465961|id465961|id568618,124.11|124.11|123.97,matches next day (roll already happened)
ZF,2012-09-28,4,id197568,124.6328125,id197568|id568618|id568618,124.63|124.87|124.87,matches next day (roll already happened)
ZF,2013-06-28,4,id657418,121.046875,id386123|id386123|id657418,121.59|121.59|121.05,matches next day (roll already happened)
ZF,2014-12-31,4,id762979,118.9296875,id116721|id116721|id762979,119.6|119.6|118.93,matches next day (roll already happened)
ZF,2015-03-31,4,id752981,120.2109375,id752981|id762979|id762979,120.21|120.88|120.88,matches next day (roll already happened)
ZF,2015-06-30,4,id206018,119.2578125,id206018|id752981|id752981,119.26|119.94|119.94,matches next day (roll already happened)
ZF,2015-12-31,4,id764660,118.3203125,id454264|id454264|id764660,118.84|118.84|118.32,matches next day (roll already happened)
ZF,2016-09-30,4,id547699,121.515625,id427389|id427389|id547699,121.51|121.51|121.52,matches next day (roll already happened)
ZF,2016-12-30,4,id679655,117.6640625,id547699|id547699|id679655,118.28|118.28|117.66,matches next day (roll already happened)
ZF,2017-03-31,4,id620517,117.7265625,id620517|id679655|id679655,117.73|118.08|118.08,matches next day (roll already happened)
ZF,2017-06-30,4,id134745,117.8359375,id134745|id620517|id620517,117.84|118.52|118.52,matches next day (roll already happened)
ZF,2017-09-29,4,id306580,117.5,id134745|id134745|id306580,117.98|117.98|117.5,matches next day (roll already happened)
ZF,2017-12-29,4,id599339,116.1640625,id306580|id306580|id599339,116.37|116.37|116.16,matches next day (roll already happened)
ZF,2018-03-29,4,id103676,114.4609375,id103676|id599339|id599339,114.46|114.73|114.73,matches next day (roll already happened)
ZF,2018-06-29,4,id164760,113.6171875,id103676|id103676|id164760,113.95|113.95|113.62,matches next day (roll already happened)
ZF,2018-09-28,4,id99995,112.4765625,id164760|id164760|id99995,112.83|112.83|112.48,matches next day (roll already happened)
ZF,2018-12-31,4,id541152,114.6875,id541152|id99995|id99995,114.69|114.61|114.61,matches next day (roll already happened)
ZF,2019-03-29,4,id744976,115.828125,id541152|id541152|id744976,115.77|115.77|115.83,matches next day (roll already happened)
ZF,2019-06-28,4,id325424,118.15625,id325424|id744976|id744976,118.16|118.02|118.02,matches next day (roll already happened)
ZF,2019-12-31,4,id398722,118.609375,id398722|id664001|id664001,118.61|118.46|118.46,matches next day (roll already happened)
ZF,2020-12-31,4,id423628,126.1640625,id423628|id387791|id387791,126.16|125.86|125.86,matches next day (roll already happened)
ZF,2021-12-31,4,id291911,120.9765625,id160021|id160021|id291911,121.55|121.55|120.98,matches next day (roll already happened)
ZF,2022-09-30,4,id406280,107.5078125,id406280|id94237|id94237,107.51|108.28|108.28,matches next day (roll already happened)
ZF,2022-12-30,4,id492654,107.9296875,id406280|id406280|id492654,108.05|108.05|107.93,matches next day (roll already happened)
ZF,2023-03-31,4,id687964,109.5078125,id687964|id492654|id492654,109.51|109.54|109.54,matches next day (roll already happened)
ZF,2023-06-30,4,id404144,107.09375,id687964|id687964|id404144,106.93|106.93|107.09,matches next day (roll already happened)
ZF,2023-09-29,4,id410749,105.359375,id404144|id404144|id410749,105.16|105.16|105.36,matches next day (roll already happened)
ZF,2023-12-29,4,id4130291,108.7734375,id410749|id410749|id4130291,108.67|108.67|108.77,matches next day (roll already happened)
ZF,2024-03-28,4,id42035227,107.015625,id42035227|id4130291|id4130291,107.02|107.2|107.2,matches next day (roll already happened)
ZF,2024-06-28,4,id42064863,106.578125,id42064863|id42035227|id42035227,106.58|106.22|106.22,matches next day (roll already happened)
ZF,2024-12-31,4,id42072515,106.3046875,id42126625|id42126625|id42072515,106.56|106.56|106.3,matches next day (roll already happened)
ZF,2025-12-31,4,id42278557,109.3046875,id42240451|id42240451|id42278557,109.34|109.34|109.3,matches next day (roll already happened)
ZF,2026-03-31,4,id42156042,108.1796875,id42156042|id42278557|id42278557,108.18|108.25|108.25,matches next day (roll already happened)
ZL,2010-07-14,4,id533689,38.11,id533689|id74791|id74791,38.11|38.05|38.05,matches next day (roll already happened)
ZL,2010-08-13,4,id543286,42.52,id533689|id533689|id543286,41.8|41.8|42.52,matches next day (roll already happened)
ZL,2010-09-14,4,id84574,41.33,id543286|id543286|id84574,41.2|41.2|41.33,matches next day (roll already happened)
ZL,2010-10-14,4,id94591,48.02,id84574|id84574|id94591,47.35|47.35|48.02,matches next day (roll already happened)
ZL,2010-12-14,4,id553613,55.09,id553613|id94591|id94591,55.09|54.8|54.8,matches next day (roll already happened)
ZL,2011-01-14,4,id563524,57.27,id553613|id553613|id563524,56.7|56.7|57.27,matches next day (roll already happened)
ZL,2011-05-13,4,id322836,56.14,id135808|id135808|id322836,55.75|55.75|56.14,matches next day (roll already happened)
ZL,2011-07-14,4,id145922,57.31,id145922|id322836|id322836,57.31|57.45|57.45,matches next day (roll already happened)
ZL,2011-08-12,4,id155663,54.16,id145922|id145922|id155663,54.6|54.6|54.16,matches next day (roll already happened)
ZL,2011-09-14,4,id404907,56.78,id155663|id155663|id404907,56.75|56.75|56.78,matches next day (roll already happened)
ZL,2011-10-14,4,id213435,53.54,id213435|id404907|id404907,53.54|53.2|53.2,matches next day (roll already happened)
ZL,2011-12-14,4,id852987,48.4,id213435|id213435|id852987,48.58|48.58|48.4,matches next day (roll already happened)
ZL,2012-01-13,4,id809822,50.29,id809822|id852987|id852987,50.29|50.2|50.2,matches next day (roll already happened)
ZL,2012-03-14,4,id294240,54.8,id294240|id809822|id809822,54.8|54.51|54.51,matches next day (roll already happened)
ZL,2012-05-14,4,id305842,51.3,id305842|id294240|id294240,51.3|50.8|50.8,matches next day (roll already happened)
ZL,2012-07-13,4,id610378,53.7,id305842|id305842|id610378,53.57|53.57|53.7,matches next day (roll already happened)
ZL,2012-08-14,4,id893989,52.79,id610378|id610378|id893989,52.83|52.83|52.79,matches next day (roll already happened)
ZL,2012-09-14,4,id119407,56.97,id119407|id893989|id893989,56.97|56.64|56.64,matches next day (roll already happened)
ZL,2012-10-12,4,id126322,50.67,id126322|id119407|id119407,50.67|49.89|49.89,matches next day (roll already happened)
ZL,2012-12-14,4,id146145,49.99,id126322|id126322|id146145,49.63|49.63|49.99,matches next day (roll already happened)
ZL,2013-07-12,4,id218567,46.22,id218567|id534314|id534314,46.22|46.09|46.09,matches next day (roll already happened)
ZL,2013-09-13,4,id45741,42.34,id45741|id82361|id82361,42.34|42.22|42.22,matches next day (roll already happened)
ZL,2013-12-13,4,id747785,39.83,id667788|id667788|id747785,39.47|39.47|39.83,matches next day (roll already happened)
ZL,2014-03-14,4,id871540,42.29,id871540|id555413|id555413,42.29|42.02|42.02,matches next day (roll already happened)
ZL,2014-09-12,4,id452519,32.55,id452519|id617293|id617293,32.55|32.16|32.16,matches next day (roll already happened)
ZL,2014-10-14,4,id851858,32.87,id452519|id452519|id851858,32.44|32.44|32.87,matches next day (roll already happened)
ZL,2014-12-12,4,id530357,32.36,id851858|id851858|id530357,31.97|31.97|32.36,matches next day (roll already happened)
ZL,2015-03-13,4,id366659,30.49,id366659|id468484|id468484,30.49|30.19|30.19,matches next day (roll already happened)
ZL,2015-08-14,4,id660857,29.08,id660857|id853229|id853229,29.08|28.78|28.78,matches next day (roll already happened)
ZL,2015-09-14,4,id102036,26.93,id102036|id660857|id660857,26.93|26.89|26.89,matches next day (roll already happened)
ZL,2015-12-14,4,id52583,31.12,id52583|id809800|id809800,31.12|31.3|31.3,matches next day (roll already happened)
ZL,2016-01-14,4,id244923,29.75,id244923|id52583|id52583,29.75|29.68|29.68,matches next day (roll already happened)
ZL,2016-05-13,4,id366657,32.5,id366657|id567798|id567798,32.5|32.17|32.17,matches next day (roll already happened)
ZL,2016-08-12,4,id629669,32.03,id629669|id760177|id760177,32.03|31.9|31.9,matches next day (roll already happened)
ZL,2016-10-14,4,id722728,34.38,id722728|id366658|id366658,34.38|34.15|34.15,matches next day (roll already happened)
ZL,2016-12-14,4,id841802,36.92,id722728|id722728|id841802,36.73|36.73|36.92,matches next day (roll already happened)
ZL,2017-01-13,4,id134195,35.6,id841802|id841802|id134195,35.37|35.37|35.6,matches next day (roll already happened)
ZL,2017-05-12,4,id189805,32.84,id457054|id457054|id189805,32.63|32.63|32.84,matches next day (roll already happened)
ZL,2017-07-14,4,id649428,33.24,id189805|id189805|id649428,33.06|33.06|33.24,matches next day (roll already happened)
ZL,2017-10-13,4,id890675,33.69,id437299|id437299|id890675,33.49|33.49|33.69,matches next day (roll already happened)
ZL,2017-12-14,4,id105049,33.18,id105049|id890675|id890675,33.18|33.02|33.02,matches next day (roll already happened)
ZL,2018-01-12,4,id792971,33.13,id105049|id105049|id792971,32.93|32.93|33.13,matches next day (roll already happened)
ZL,2018-07-13,4,id278048,27.97,id278048|id881249|id881249,27.97|27.8|27.8,matches next day (roll already happened)
ZL,2018-09-14,4,id304126,27.49,id304126|id456594|id456594,27.49|27.43|27.43,matches next day (roll already happened)
ZL,2018-10-12,4,id779928,29.39,id304126|id304126|id779928,29.04|29.04|29.39,matches next day (roll already happened)
ZL,2018-12-14,4,id23305,28.49,id23305|id779928|id779928,28.49|28.39|28.39,matches next day (roll already happened)
ZL,2019-01-14,4,id650987,28.4,id23305|id23305|id650987,28.11|28.11|28.4,matches next day (roll already happened)
ZL,2019-07-12,4,id245103,28.31,id105055|id105055|id245103,28.11|28.11|28.31,matches next day (roll already happened)
ZL,2019-09-13,4,id779478,29.29,id779478|id23627|id23627,29.29|28.94|28.94,matches next day (roll already happened)
ZL,2019-12-13,4,id733455,32.6,id733455|id147208|id147208,32.6|32.27|32.27,matches next day (roll already happened)
ZL,2020-03-13,4,id348708,26.37,id126002|id126002|id348708,26.11|26.11|26.37,matches next day (roll already happened)
ZL,2020-08-14,4,id702959,31.06,id541078|id541078|id702959,31.53|31.53|31.06,matches next day (roll already happened)
ZL,2021-01-14,4,id129522,43.11,id129522|id544759|id544759,43.11|43.27|43.27,matches next day (roll already happened)
ZL,2021-03-12,4,id352379,55.36,id129522|id129522|id352379,56.89|56.89|55.36,matches next day (roll already happened)
ZL,2021-05-14,4,id571589,67.58,id571589|id352379|id352379,67.58|68.41|68.41,matches next day (roll already happened)
ZL,2021-08-13,4,id575257,63.72,id737124|id737124|id575257,63.51|63.51|63.72,matches next day (roll already happened)
ZL,2021-12-14,4,id96420,52.24,id379214|id379214|id96420,52.01|52.01|52.24,matches next day (roll already happened)
ZL,2022-01-14,4,id704007,58.46,id704007|id96420|id96420,58.46|58.15|58.15,matches next day (roll already happened)
ZL,2022-05-13,4,id565889,83.79,id542130|id542130|id565889,88.34|88.34|83.79,matches next day (roll already happened)
ZL,2022-08-12,4,id66152,69.53,id288745|id288745|id66152,71.97|71.97|69.53,matches next day (roll already happened)
ZL,2022-10-14,4,id150640,65.3,id150640|id343013|id343013,65.3|69.57|69.57,matches next day (roll already happened)
ZL,2022-12-14,4,id276652,63.55,id276652|id150640|id150640,63.55|66.31|66.31,matches next day (roll already happened)
ZL,2023-01-13,4,id652024,63.06,id276652|id276652|id652024,63.25|63.25|63.06,matches next day (roll already happened)
ZL,2023-05-12,4,id673494,49.52,id548775|id548775|id673494,49.89|49.89|49.52,matches next day (roll already happened)
ZL,2023-07-14,4,id591017,65.05,id591017|id673494|id673494,65.05|67.89|67.89,matches next day (roll already happened)
ZL,2023-10-13,4,id319302,54.38,id319302|id511625|id511625,54.38|55.35|55.35,matches next day (roll already happened)
ZL,2023-12-14,4,id391369,49.51,id319302|id319302|id391369,49.28|49.28|49.51,matches next day (roll already happened)
ZL,2024-01-12,4,id330370,48.25,id330370|id391369|id391369,48.25|47.75|47.75,matches next day (roll already happened)
ZL,2024-07-12,4,id21989,46.65,id21989|id771663|id771663,46.65|47.55|47.55,matches next day (roll already happened)
ZL,2024-09-13,4,id630908,39.53,id396246|id396246|id630908,40.69|40.69|39.53,matches next day (roll already happened)
ZL,2024-12-13,4,id265851,42.61,id265851|id752937|id752937,42.61|42.28|42.28,matches next day (roll already happened)
ZL,2025-01-14,4,id734996,46.22,id265851|id265851|id734996,45.73|45.73|46.22,matches next day (roll already happened)
ZL,2025-03-14,4,id397175,41.59,id397175|id734996|id734996,41.59|41.0|41.0,matches next day (roll already happened)
ZL,2025-09-12,4,id374737,51.67,id589468|id589468|id374737,51.38|51.38|51.67,matches next day (roll already happened)
ZL,2025-12-12,4,id42261918,50.07,id536623|id536623|id42261918,49.73|49.73|50.07,matches next day (roll already happened)
ZL,2026-03-13,4,id42281352,67.44,id42024606|id42024606|id42281352,67.34|67.34|67.44,matches next day (roll already happened)
ZM,2010-07-14,4,id593532,298.3,id564562|id564562|id593532,313.0|313.0|298.3,matches next day (roll already happened)
ZM,2010-08-13,4,id604441,302.7,id593532|id593532|id604441,321.5|321.5|302.7,matches next day (roll already happened)
ZM,2010-09-14,4,id574534,293.7,id574534|id604441|id604441,293.7|290.0|290.0,matches next day (roll already happened)
ZM,2010-10-14,4,id584528,331.7,id574534|id574534|id584528,325.5|325.5|331.7,matches next day (roll already happened)
ZM,2010-12-14,4,id613538,342.2,id584528|id584528|id613538,344.5|344.5|342.2,matches next day (roll already happened)
ZM,2011-01-14,4,id623524,388.1,id613538|id613538|id623524,377.0|377.0|388.1,matches next day (roll already happened)
ZM,2011-05-13,4,id342706,345.4,id185633|id185633|id342706,343.1|343.1|345.4,matches next day (roll already happened)
ZM,2011-07-14,4,id195671,357.0,id195671|id342706|id342706,357.0|355.5|355.5,matches next day (roll already happened)
ZM,2011-08-12,4,id205479,347.1,id195671|id195671|id205479,348.6|348.6|347.1,matches next day (roll already happened)
ZM,2011-09-14,4,id414305,358.8,id205479|id205479|id414305,357.9|357.9|358.8,matches next day (roll already happened)
ZM,2011-10-14,4,id223476,327.6,id223476|id414305|id414305,327.6|328.4|328.4,matches next day (roll already happened)
ZM,2011-12-14,4,id242897,282.2,id223476|id223476|id242897,280.6|280.6|282.2,matches next day (roll already happened)
ZM,2012-01-13,4,id769299,301.5,id242897|id242897|id769299,304.8|304.8|301.5,matches next day (roll already happened)
ZM,2012-03-14,4,id75927,367.2,id75927|id769299|id769299,367.2|362.0|362.0,matches next day (roll already happened)
ZM,2012-05-14,4,id126846,403.5,id75927|id75927|id126846,406.8|406.8|403.5,matches next day (roll already happened)
ZM,2012-07-13,4,id124032,474.1,id124032|id126846|id126846,474.1|488.9|488.9,matches next day (roll already happened)
ZM,2012-08-14,4,id110431,506.6,id110431|id124032|id124032,506.6|530.8|530.8,matches next day (roll already happened)
ZM,2012-09-14,4,id165435,523.5,id110431|id110431|id165435,524.6|524.6|523.5,matches next day (roll already happened)
ZM,2012-10-12,4,id175376,465.2,id175376|id165435|id165435,465.2|474.3|474.3,matches next day (roll already happened)
ZM,2012-12-14,4,id413902,457.7,id175376|id175376|id413902,460.1|460.1|457.7,matches next day (roll already happened)
ZM,2013-07-12,4,id228408,442.9,id228408|id828390|id828390,442.9|535.5|535.5,matches next day (roll already happened)
ZM,2013-09-13,4,id541806,444.6,id358781|id358781|id541806,496.2|496.2|444.6,matches next day (roll already happened)
ZM,2013-12-13,4,id628788,432.6,id628788|id827470|id827470,432.6|462.9|462.9,matches next day (roll already happened)
ZM,2014-03-14,4,id120309,444.0,id436415|id436415|id120309,449.0|449.0|444.0,matches next day (roll already happened)
ZM,2014-09-12,4,id296928,338.5,id296928|id505047|id505047,338.5|408.0|408.0,matches next day (roll already happened)
ZM,2014-10-14,4,id613051,324.0,id296928|id296928|id613051,366.0|366.0|324.0,matches next day (roll already happened)
ZM,2014-12-12,4,id604109,367.0,id613051|id613051|id604109,378.9|378.9|367.0,matches next day (roll already happened)
ZM,2015-03-13,4,id727857,327.0,id473607|id473607|id727857,338.0|338.0|327.0,matches next day (roll already happened)
ZM,2015-08-14,4,id281232,325.2,id281232|id665982|id665982,325.2|330.9|330.9,matches next day (roll already happened)
ZM,2015-09-14,4,id697418,314.3,id281232|id281232|id697418,312.7|312.7|314.3,matches next day (roll already happened)
ZM,2015-12-14,4,id323502,275.5,id323502|id374549|id374549,275.5|277.8|277.8,matches next day (roll already happened)
ZM,2016-01-14,4,id790395,274.2,id323502|id323502|id790395,269.7|269.7|274.2,matches next day (roll already happened)
ZM,2016-05-13,4,id96468,363.0,id598009|id598009|id96468,361.0|361.0|363.0,matches next day (roll already happened)
ZM,2016-08-12,4,id275118,332.5,id275118|id53825|id53825,332.5|332.9|332.9,matches next day (roll already happened)
ZM,2016-10-14,4,id590598,300.6,id782973|id782973|id590598,299.8|299.8|300.6,matches next day (roll already happened)
ZM,2016-12-14,4,id610871,312.8,id590598|id590598|id610871,311.1|311.1|312.8,matches next day (roll already happened)
ZM,2017-01-13,4,id789734,333.9,id789734|id610871|id610871,333.9|332.5|332.5,matches next day (roll already happened)
ZM,2017-05-12,4,id96687,313.3,id96687|id597359|id597359,313.3|309.7|309.7,matches next day (roll already happened)
ZM,2017-07-14,4,id274559,323.7,id274559|id96687|id96687,323.7|322.3|322.3,matches next day (roll already happened)
ZM,2017-10-13,4,id708233,328.6,id61963|id61963|id708233,324.5|324.5|328.6,matches next day (roll already happened)
ZM,2017-12-14,4,id736618,321.6,id708233|id708233|id736618,321.2|321.2|321.6,matches next day (roll already happened)
ZM,2018-01-12,4,id345123,317.0,id345123|id736618|id736618,317.0|309.8|309.8,matches next day (roll already happened)
ZM,2018-07-13,4,id91063,326.0,id20231|id20231|id91063,328.8|328.8|326.0,matches next day (roll already happened)
ZM,2018-09-14,4,id865120,305.8,id159539|id159539|id865120,307.3|307.3|305.8,matches next day (roll already happened)
ZM,2018-10-12,4,id803248,316.9,id803248|id865120|id865120,316.9|312.4|312.4,matches next day (roll already happened)
ZM,2018-12-14,4,id605642,307.3,id605642|id803248|id803248,307.3|309.4|309.4,matches next day (roll already happened)
ZM,2019-01-14,4,id636132,311.8,id605642|id605642|id636132,306.9|306.9|311.8,matches next day (roll already happened)
ZM,2019-07-12,4,id139333,314.8,id139333|id192016|id192016,314.8|313.3|313.3,matches next day (roll already happened)
ZM,2019-09-13,4,id575125,297.9,id575125|id159929|id159929,297.9|298.2|298.2,matches next day (roll already happened)
ZM,2019-12-13,4,id763959,296.9,id798012|id798012|id763959,295.5|295.5|296.9,matches next day (roll already happened)
ZM,2020-03-13,4,id602082,299.5,id409711|id409711|id602082,295.9|295.9|299.5,matches next day (roll already happened)
ZM,2020-08-14,4,id388582,291.8,id196212|id196212|id388582,289.7|289.7|291.8,matches next day (roll already happened)
ZM,2021-01-14,4,id282089,464.9,id282089|id504886|id504886,464.9|464.9|464.9,matches next day (roll already happened)
ZM,2021-03-12,4,id89700,400.7,id282089|id282089|id89700,396.3|396.3|400.7,matches next day (roll already happened)
ZM,2021-05-14,4,id156434,418.5,id89700|id89700|id156434,423.5|423.5|418.5,matches next day (roll already happened)
ZM,2021-08-13,4,id535389,357.6,id727762|id727762|id535389,358.1|358.1|357.6,matches next day (roll already happened)
ZM,2021-12-14,4,id243619,376.9,id243619|id794459|id794459,376.9|404.5|404.5,matches next day (roll already happened)
ZM,2022-01-14,4,id689369,405.6,id243619|id243619|id689369,445.0|445.0|405.6,matches next day (roll already happened)
ZM,2022-05-13,4,id120191,409.3,id120191|id497002|id497002,409.3|406.4|406.4,matches next day (roll already happened)
ZM,2022-08-12,4,id274159,464.7,id274159|id81763|id81763,464.7|520.2|520.2,matches next day (roll already happened)
ZM,2022-10-14,4,id697256,411.1,id697256|id758259|id758259,411.1|418.5|418.5,matches next day (roll already happened)
ZM,2022-12-14,4,id8352,460.1,id8352|id697256|id697256,460.1|456.0|456.0,matches next day (roll already happened)
ZM,2023-01-13,4,id185432,476.3,id185432|id8352|id8352,476.3|513.0|513.0,matches next day (roll already happened)
ZM,2023-05-12,4,id658865,432.9,id23389|id23389|id658865,428.1|428.1|432.9,matches next day (roll already happened)
ZM,2023-07-14,4,id560547,423.8,id560547|id658865|id658865,423.8|430.0|430.0,matches next day (roll already happened)
ZM,2023-10-13,4,id51239,390.0,id466507|id466507|id51239,387.6|387.6|390.0,matches next day (roll already happened)
ZM,2023-12-14,4,id152114,403.7,id152114|id51239|id51239,403.7|421.1|421.1,matches next day (roll already happened)
ZM,2024-01-12,4,id506263,362.1,id152114|id152114|id506263,351.3|351.3|362.1,matches next day (roll already happened)
ZM,2024-07-12,4,id658562,338.8,id581685|id581685|id658562,368.5|368.5|338.8,matches next day (roll already happened)
ZM,2024-09-13,4,id539402,318.4,id344260|id344260|id539402,315.4|315.4|318.4,matches next day (roll already happened)
ZM,2024-12-13,4,id385320,286.2,id377503|id377503|id385320,284.1|284.1|286.2,matches next day (roll already happened)
ZM,2025-01-14,4,id467458,305.8,id385320|id385320|id467458,298.4|298.4|305.8,matches next day (roll already happened)
ZM,2025-03-14,4,id619965,305.9,id467458|id467458|id619965,298.9|298.9|305.9,matches next day (roll already happened)
ZM,2025-09-12,4,id445468,287.6,id446324|id446324|id445468,288.3|288.3|287.6,matches next day (roll already happened)
ZM,2025-12-12,4,id42279121,302.5,id42279121|id203692|id203692,302.5|300.6|300.6,matches next day (roll already happened)
ZM,2026-03-13,4,id42282755,322.7,id42282754|id42282754|id42282755,319.9|319.9|322.7,matches next day (roll already happened)
ZN,2010-06-21,4,id816003,120.296875,id713381|id713381|id816003,121.16|121.16|120.3,matches next day (roll already happened)
ZN,2010-09-21,4,id44395,125.375,id816003|id816003|id44395,125.75|125.75|125.38,matches next day (roll already happened)
ZN,2010-12-21,4,id83568,120.234375,id83568|id44395|id44395,120.23|121.25|121.25,matches next day (roll already happened)
ZN,2011-03-22,4,id116177,120.046875,id116177|id83568|id83568,120.05|121.2|121.2,matches next day (roll already happened)
ZN,2011-06-21,4,id133520,123.640625,id116177|id116177|id133520,125.25|125.25|123.64,matches next day (roll already happened)
ZN,2011-09-21,4,id578198,130.75,id133520|id133520|id578198,131.67|131.67|130.75,matches next day (roll already happened)
ZN,2011-12-20,4,id745944,130.625,id578198|id578198|id745944,131.59|131.59|130.62,matches next day (roll already happened)
ZN,2012-03-21,4,id328264,128.5625,id328264|id745944|id745944,128.56|128.97|128.97,matches next day (roll already happened)
ZN,2012-06-20,4,id585392,133.203125,id328264|id328264|id585392,134.06|134.06|133.2,matches next day (roll already happened)
ZN,2013-12-19,4,id381207,123.65625,id381207|id780401|id780401,123.66|124.92|124.92,matches next day (roll already happened)
ZN,2014-12-19,4,id42281,126.640625,id42281|id354456|id354456,126.64|127.14|127.14,matches next day (roll already happened)
ZN,2015-03-20,4,id752340,128.6875,id752340|id42281|id42281,128.69|129.22|129.22,matches next day (roll already happened)
ZN,2015-06-19,4,id326771,126.578125,id752340|id752340|id326771,127.27|127.27|126.58,matches next day (roll already happened)
ZN,2015-12-21,4,id72174,126.5625,id184597|id184597|id72174,127.16|127.16|126.56,matches next day (roll already happened)
ZN,2016-12-20,4,id208387,123.125,id120107|id120107|id208387,123.94|123.94|123.12,matches next day (roll already happened)
ZN,2019-12-19,4,id771691,128.3125,id59121|id59121|id771691,128.56|128.56|128.31,matches next day (roll already happened)
ZN,2020-03-20,4,id105872,136.734375,id105872|id771691|id771691,136.73|136.5|136.5,matches next day (roll already happened)
ZN,2020-06-19,4,id421732,138.78125,id105872|id105872|id421732,139.16|139.16|138.78,matches next day (roll already happened)
ZN,2020-12-21,4,id204527,137.765625,id204527|id480372|id480372,137.77|138.41|138.41,matches next day (roll already happened)
ZN,2022-12-20,4,id397730,113.53125,id397730|id71412|id71412,113.53|113.45|113.45,matches next day (roll already happened)
ZN,2024-12-19,4,id42002219,108.609375,id42002219|id42000697|id42000697,108.61|108.7|108.7,matches next day (roll already happened)
ZN,2025-09-19,4,id42002111,112.75,id42002111|id42066706|id42066706,112.75|112.83|112.83,matches next day (roll already happened)
ZN,2025-12-19,4,id42004475,112.5,id42002111|id42002111|id42004475,112.7|112.7|112.5,matches next day (roll already happened)
ZN,2026-03-20,4,id42000661,110.5,id42000661|id42004475|id42004475,110.5|110.8|110.8,matches next day (roll already happened)
ZN,2026-06-18,4,id42001136,109.625,id42000661|id42000661|id42001136,109.92|109.92|109.62,matches next day (roll already happened)
ZS,2010-07-14,4,id493485,997.5,id493485|id513717|id513717,997.5|1036.0|1036.0,matches next day (roll already happened)
ZS,2010-08-13,4,id503971,1043.5,id493485|id493485|id503971,1052.0|1052.0|1043.5,matches next day (roll already happened)
ZS,2010-09-14,4,id523710,1035.5,id503971|id503971|id523710,1025.0|1025.0|1035.5,matches next day (roll already happened)
ZS,2010-11-12,4,id513486,1269.0,id513486|id523710|id523710,1269.0|1263.0|1263.0,matches next day (roll already happened)
ZS,2011-01-14,4,id523650,1422.5,id513486|id513486|id523650,1406.5|1406.5|1422.5,matches next day (roll already happened)
ZS,2011-05-13,4,id836388,1329.5,id75967|id75967|id836388,1337.0|1337.0|1329.5,matches next day (roll already happened)
ZS,2011-07-14,4,id85914,1382.0,id85914|id836388|id836388,1382.0|1390.5|1390.5,matches next day (roll already happened)
ZS,2011-08-12,4,id95722,1327.75,id85914|id85914|id95722,1337.0|1337.0|1327.75,matches next day (roll already happened)
ZS,2011-09-14,4,id847605,1382.75,id95722|id95722|id847605,1374.0|1374.0|1382.75,matches next day (roll already happened)
ZS,2011-11-14,4,id9482,1178.25,id847605|id847605|id9482,1172.0|1172.0|1178.25,matches next day (roll already happened)
ZS,2012-01-13,4,id13562,1158.25,id13562|id9482|id9482,1158.25|1160.0|1160.0,matches next day (roll already happened)
ZS,2012-03-14,4,id650024,1350.25,id650024|id13562|id13562,1350.25|1356.0|1356.0,matches next day (roll already happened)
ZS,2012-05-14,4,id56007,1387.0,id56007|id650024|id650024,1387.0|1390.0|1390.0,matches next day (roll already happened)
ZS,2012-07-13,4,id510049,1594.75,id510049|id56007|id56007,1594.75|1642.0|1642.0,matches next day (roll already happened)
ZS,2012-08-14,4,id150151,1623.5,id510049|id510049|id150151,1680.0|1680.0|1623.5,matches next day (roll already happened)
ZS,2012-09-14,4,id65937,1739.0,id150151|id150151|id65937,1736.5|1736.5|1739.0,matches next day (roll already happened)
ZS,2012-11-14,4,id730065,1419.0,id65937|id65937|id730065,1432.75|1432.75|1419.0,matches next day (roll already happened)
ZS,2013-07-12,4,id372191,1429.0,id372191|id891885|id891885,1429.0|1563.25|1563.25,matches next day (roll already happened)
ZS,2013-09-13,4,id23298,1381.5,id887452|id887452|id23298,1488.75|1488.75|1381.5,matches next day (roll already happened)
ZS,2014-03-14,4,id156126,1388.5,id156126|id348497|id348497,1388.5|1376.0|1376.0,matches next day (roll already happened)
ZS,2014-09-12,4,id873933,985.25,id801876|id801876|id873933,1091.0|1091.0|985.25,matches next day (roll already happened)
ZS,2014-11-14,4,id786065,1022.5,id786065|id873933|id873933,1022.5|1021.0|1021.0,matches next day (roll already happened)
ZS,2015-03-13,4,id387805,974.0,id387805|id593689|id593689,974.0|968.25|968.25,matches next day (roll already happened)
ZS,2015-08-14,4,id772575,925.25,id772575|id253217|id253217,925.25|978.5|978.5,matches next day (roll already happened)
ZS,2015-09-14,4,id863748,884.25,id772575|id772575|id863748,882.75|882.75|884.25,matches next day (roll already happened)
ZS,2015-11-13,4,id394610,855.25,id394610|id863748|id863748,855.25|859.0|859.0,matches next day (roll already happened)
ZS,2016-01-14,4,id312477,882.25,id312477|id394610|id394610,882.25|896.0|896.0,matches next day (roll already happened)
ZS,2016-05-13,4,id401316,1065.0,id827723|id827723|id401316,1055.0|1055.0|1065.0,matches next day (roll already happened)
ZS,2016-08-12,4,id181998,999.0,id181998|id122779|id122779,999.0|1003.25|1003.25,matches next day (roll already happened)
ZS,2016-11-14,4,id428214,984.25,id428214|id253214|id253214,984.25|971.0|971.0,matches next day (roll already happened)
ZS,2017-01-13,4,id503614,1046.25,id428214|id428214|id503614,1042.5|1042.5|1046.25,matches next day (roll already happened)
ZS,2017-05-12,4,id779360,963.0,id180895|id180895|id779360,954.0|954.0|963.0,matches next day (roll already happened)
ZS,2017-07-14,4,id888343,989.0,id779360|id779360|id888343,985.25|985.25|989.0,matches next day (roll already happened)
ZS,2017-11-14,4,id703808,967.75,id202254|id202254|id703808,959.0|959.0|967.75,matches next day (roll already happened)
ZS,2018-01-12,4,id511445,960.5,id511445|id703808|id703808,960.5|944.0|944.0,matches next day (roll already happened)
ZS,2018-07-13,4,id896188,818.75,id896188|id43714|id43714,818.75|814.0|814.0,matches next day (roll already happened)
ZS,2018-09-14,4,id751091,830.5,id456322|id456322|id751091,821.5|821.5|830.5,matches next day (roll already happened)
ZS,2018-11-14,4,id702025,883.5,id702025|id751091|id751091,883.5|870.5|870.5,matches next day (roll already happened)
ZS,2019-01-14,4,id549504,903.5,id549504|id702025|id702025,903.5|890.75|890.75,matches next day (roll already happened)
ZS,2019-07-12,4,id215210,913.25,id215210|id380939|id380939,913.25|906.75|906.75,matches next day (roll already happened)
ZS,2019-09-13,4,id765691,898.75,id765691|id772385|id772385,898.75|884.75|884.75,matches next day (roll already happened)
ZS,2020-03-13,4,id614937,848.75,id172039|id172039|id614937,846.75|846.75|848.75,matches next day (roll already happened)
ZS,2020-08-14,4,id117122,897.0,id117122|id392057|id392057,897.0|903.5|903.5,matches next day (roll already happened)
ZS,2020-11-13,4,id295951,1148.0,id215127|id215127|id295951,1141.5|1141.5|1148.0,matches next day (roll already happened)
ZS,2021-01-14,4,id103598,1430.5,id103598|id295951|id295951,1430.5|1436.5|1436.5,matches next day (roll already happened)
ZS,2021-03-12,4,id741705,1413.25,id103598|id103598|id741705,1415.75|1415.75|1413.25,matches next day (roll already happened)
ZS,2021-05-14,4,id242521,1586.25,id242521|id741705|id741705,1586.25|1603.75|1603.75,matches next day (roll already happened)
ZS,2021-08-13,4,id326446,1373.0,id326446|id549332|id549332,1373.0|1424.25|1424.25,matches next day (roll already happened)
ZS,2021-11-12,4,id707652,1244.25,id361559|id361559|id707652,1234.0|1234.0|1244.25,matches next day (roll already happened)
ZS,2022-01-14,4,id100711,1369.75,id100711|id707652|id707652,1369.75|1356.75|1356.75,matches next day (roll already happened)
ZS,2022-05-13,4,id711194,1646.5,id711194|id738158|id738158,1646.5|1723.25|1723.25,matches next day (roll already happened)
ZS,2022-08-12,4,id292439,1535.0,id292439|id515285|id515285,1535.0|1669.25|1669.25,matches next day (roll already happened)
ZS,2022-11-14,4,id148557,1440.5,id148557|id518822|id518822,1440.5|1441.75|1441.75,matches next day (roll already happened)
ZS,2023-01-13,4,id731217,1527.75,id148557|id148557|id731217,1538.25|1538.25|1527.75,matches next day (roll already happened)
ZS,2023-05-12,4,id70327,1390.0,id385841|id385841|id70327,1435.0|1435.0|1390.0,matches next day (roll already happened)
ZS,2023-07-14,4,id360130,1480.25,id70327|id70327|id360130,1495.75|1495.75|1480.25,matches next day (roll already happened)
ZS,2023-11-14,4,id291819,1389.75,id291819|id484790|id484790,1389.75|1368.75|1368.75,matches next day (roll already happened)
ZS,2024-01-12,4,id789231,1224.25,id291819|id291819|id789231,1205.75|1205.75|1224.25,matches next day (roll already happened)
ZS,2024-07-12,4,id596813,1105.0,id123646|id123646|id596813,1134.5|1134.5|1105.0,matches next day (roll already happened)
ZS,2024-09-13,4,id73867,1006.25,id697686|id697686|id73867,986.75|986.75|1006.25,matches next day (roll already happened)
ZS,2024-11-14,4,id436418,987.5,id73867|id73867|id436418,985.75|985.75|987.5,matches next day (roll already happened)
ZS,2025-01-14,4,id760184,1047.5,id436418|id436418|id760184,1043.0|1043.0|1047.5,matches next day (roll already happened)
ZS,2025-03-14,4,id457556,1016.0,id457556|id760184|id760184,1016.0|999.25|999.25,matches next day (roll already happened)
ZS,2025-09-12,4,id456085,1046.25,id680458|id680458|id456085,1025.75|1025.75|1046.25,matches next day (roll already happened)
ZS,2025-11-14,4,id42001323,1124.5,id42001323|id456085|id456085,1124.5|1112.75|1112.75,matches next day (roll already happened)
ZS,2026-01-14,2,id42001323,1030.5,id42001323,1030.5,matches previous day (roll not yet)
ZS,2026-03-13,4,id42009683,1225.25,id42009683|id42011067|id42011067,1225.25|1211.0|1211.0,matches next day (roll already happened)
ZT,2010-06-30,4,id613048,109.4140625,id108096|id108096|id613048,109.67|109.67|109.41,matches next day (roll already happened)
ZT,2010-09-30,4,id470015,109.7421875,id470015|id613048|id613048,109.74|109.91|109.91,matches next day (roll already happened)
ZT,2010-12-31,4,id571800,109.453125,id470015|id470015|id571800,109.64|109.64|109.45,matches next day (roll already happened)
ZT,2011-03-31,4,id691779,109.0625,id571800|id571800|id691779,109.48|109.48|109.06,matches next day (roll already happened)
ZT,2011-06-30,4,id325912,109.671875,id325912|id691779|id691779,109.67|109.95|109.95,matches next day (roll already happened)
ZT,2011-09-30,4,id36443,110.1015625,id325912|id325912|id36443,110.16|110.16|110.1,matches next day (roll already happened)
ZT,2011-12-30,4,id435773,110.2734375,id36443|id36443|id435773,110.2|110.2|110.27,matches next day (roll already happened)
ZT,2012-03-30,4,id26116,110.0703125,id26116|id435773|id435773,110.07|110.15|110.15,matches next day (roll already happened)
ZT,2012-06-29,4,id630499,110.09375,id26116|id26116|id630499,110.14|110.14|110.09,matches next day (roll already happened)
ZT,2012-09-28,4,id17826,110.265625,id17826|id630499|id630499,110.27|110.24|110.24,matches next day (roll already happened)
ZT,2013-06-28,4,id224332,110.0,id224332|id64631|id64631,110.0|110.09|110.09,matches next day (roll already happened)
ZT,2014-12-31,4,id721114,109.296875,id581137|id581137|id721114,109.67|109.67|109.3,matches next day (roll already happened)
ZT,2015-03-31,4,id179483,109.578125,id179483|id721114|id721114,109.58|109.91|109.91,matches next day (roll already happened)
ZT,2015-06-30,4,id604247,109.46875,id179483|id179483|id604247,109.76|109.76|109.47,matches next day (roll already happened)
ZT,2015-12-31,4,id667931,108.6171875,id474528|id474528|id667931,108.85|108.85|108.62,matches next day (roll already happened)
ZT,2016-09-30,4,id740072,109.234375,id688154|id688154|id740072,109.33|109.33|109.23,matches next day (roll already happened)
ZT,2016-12-30,4,id596182,108.34375,id596182|id740072|id740072,108.34|108.67|108.67,matches next day (roll already happened)
ZT,2017-03-31,4,id187401,108.2265625,id187401|id596182|id596182,108.23|108.47|108.47,matches next day (roll already happened)
ZT,2017-06-30,4,id325068,108.0546875,id187401|id187401|id325068,108.34|108.34|108.05,matches next day (roll already happened)
ZT,2017-09-29,4,id107232,107.8515625,id107232|id325068|id325068,107.85|108.07|108.07,matches next day (roll already happened)
ZT,2017-12-29,4,id531149,107.0546875,id107232|id107232|id531149,107.28|107.28|107.05,matches next day (roll already happened)
ZT,2018-03-29,4,id434845,106.3046875,id434845|id531149|id531149,106.3|106.55|106.55,matches next day (roll already happened)
ZT,2018-06-29,4,id587209,105.9140625,id434845|id434845|id587209,106.07|106.07|105.91,matches next day (roll already happened)
ZT,2018-09-28,4,id149404,105.3671875,id149404|id587209|id587209,105.37|105.56|105.56,matches next day (roll already happened)
ZT,2018-12-31,4,id75896,106.15625,id149404|id149404|id75896,106.05|106.05|106.16,matches next day (roll already happened)
ZT,2019-03-29,4,id291847,106.546875,id291847|id75896|id75896,106.55|106.44|106.44,matches next day (roll already happened)
ZT,2019-06-28,4,id325594,107.58984375,id291847|id291847|id325594,107.38|107.38|107.59,matches next day (roll already happened)
ZT,2019-12-31,4,id499590,107.75,id429364|id429364|id499590,107.65|107.65|107.75,matches next day (roll already happened)
ZT,2020-12-31,4,id664909,110.48828125,id793979|id793979|id664909,110.49|110.49|110.49,matches next day (roll already happened)
ZT,2021-12-31,4,id798635,109.0859375,id631740|id631740|id798635,109.46|109.46|109.09,matches next day (roll already happened)
ZT,2022-09-30,4,id512153,102.6953125,id429465|id429465|id512153,102.93|102.93|102.7,matches next day (roll already happened)
ZT,2022-12-30,4,id755188,102.5390625,id512153|id512153|id755188,102.5|102.5|102.54,matches next day (roll already happened)
ZT,2023-03-31,4,id699486,103.2265625,id755188|id755188|id699486,103.04|103.04|103.23,matches next day (roll already happened)
ZT,2023-06-30,4,id72156,101.671875,id72156|id699486|id699486,101.67|101.65|101.65,matches next day (roll already happened)
ZT,2023-09-29,4,id287686,101.35546875,id287686|id72156|id72156,101.36|101.48|101.48,matches next day (roll already happened)
ZT,2023-12-29,4,id4131634,102.95703125,id287686|id287686|id4131634,102.8|102.8|102.96,matches next day (roll already happened)
ZT,2024-03-28,4,id42063883,102.2421875,id42063883|id4131634|id4131634,102.24|102.12|102.12,matches next day (roll already happened)
ZT,2024-06-28,4,id42052036,102.109375,id42063883|id42063883|id42052036,102.01|102.01|102.11,matches next day (roll already happened)
ZT,2024-12-31,4,id42111442,102.8046875,id42156159|id42156159|id42111442,102.97|102.97|102.8,matches next day (roll already happened)
ZT,2025-12-31,4,id42228527,104.39453125,id42228527|id42296720|id42296720,104.39|104.39|104.39,matches next day (roll already happened)
ZT,2026-03-31,4,id42370722,103.72265625,id42228527|id42228527|id42370722,103.68|103.68|103.72,matches next day (roll already happened)
ZW,2010-07-14,4,id193858,559.0,id193858|id773123|id773123,559.0|548.25|548.25,matches next day (roll already happened)
ZW,2010-09-14,4,id856109,736.0,id193858|id193858|id856109,704.5|704.5|736.0,matches next day (roll already happened)
ZW,2010-12-14,4,id295915,763.25,id295915|id856109|id856109,763.25|721.0|721.0,matches next day (roll already happened)
ZW,2011-05-13,4,id95983,727.75,id46050|id46050|id95983,696.0|696.0|727.75,matches next day (roll already happened)
ZW,2011-07-14,4,id181151,707.0,id95983|id95983|id181151,691.25|691.25|707.0,matches next day (roll already happened)
ZW,2011-09-14,4,id422857,704.5,id181151|id181151|id422857,701.75|701.75|704.5,matches next day (roll already happened)
ZW,2011-12-14,4,id161185,580.75,id161185|id422857|id422857,580.75|588.0|588.0,matches next day (roll already happened)
ZW,2012-03-14,4,id171197,643.75,id161185|id161185|id171197,651.75|651.75|643.75,matches next day (roll already happened)
ZW,2012-05-14,4,id181144,598.25,id171197|id171197|id181144,597.75|597.75|598.25,matches next day (roll already happened)
ZW,2012-07-13,4,id385807,847.75,id181144|id181144|id385807,842.0|842.0|847.75,matches next day (roll already happened)
ZW,2012-09-14,4,id214777,924.25,id385807|id385807|id214777,897.5|897.5|924.25,matches next day (roll already happened)
ZW,2012-12-14,4,id643520,814.0,id643520|id214777|id214777,814.0|801.0|801.0,matches next day (roll already happened)
ZW,2013-07-12,4,id538116,681.0,id867282|id867282|id538116,675.5|675.5|681.0,matches next day (roll already happened)
ZW,2013-09-13,4,id345738,641.5,id345738|id538116|id538116,641.5|627.75|627.75,matches next day (roll already happened)
ZW,2013-12-13,4,id140015,628.75,id345738|id345738|id140015,618.25|618.25|628.75,matches next day (roll already happened)
ZW,2014-03-14,4,id847480,687.25,id140015|id140015|id847480,690.25|690.25|687.25,matches next day (roll already happened)
ZW,2014-09-12,4,id547181,502.5,id547181|id739556|id739556,502.5|498.25|498.25,matches next day (roll already happened)
ZW,2014-12-12,4,id485307,606.5,id485307|id547181|id547181,606.5|627.5|627.5,matches next day (roll already happened)
ZW,2015-03-13,4,id292936,502.0,id292936|id485307|id485307,502.0|508.75|508.75,matches next day (roll already happened)
ZW,2015-09-14,4,id255018,501.25,id255018|id316925|id316925,501.25|485.75|485.75,matches next day (roll already happened)
ZW,2015-12-14,4,id126873,493.5,id126873|id255018|id255018,493.5|487.75|487.75,matches next day (roll already happened)
ZW,2016-05-13,4,id686960,474.75,id639768|id639768|id686960,465.0|465.0|474.75,matches next day (roll already happened)
ZW,2016-12-14,4,id219500,418.0,id219500|id411873|id411873,418.0|391.5|391.5,matches next day (roll already happened)
ZW,2017-05-12,4,id816727,432.75,id14998|id14998|id816727,425.0|425.0|432.75,matches next day (roll already happened)
ZW,2017-07-14,4,id434957,510.75,id434957|id816727|id816727,510.75|494.75|494.75,matches next day (roll already happened)
ZW,2017-12-14,4,id183753,418.25,id183753|id373084|id373084,418.25|395.0|395.0,matches next day (roll already happened)
ZW,2018-07-13,4,id164602,497.0,id333018|id333018|id164602,481.5|481.5|497.0,matches next day (roll already happened)
ZW,2018-09-14,4,id872030,511.5,id872030|id164602|id164602,511.5|480.0|480.0,matches next day (roll already happened)
ZW,2018-12-14,4,id810157,530.0,id872030|id872030|id810157,527.75|527.75|530.0,matches next day (roll already happened)
ZW,2019-07-12,4,id626519,523.0,id626519|id718866|id718866,523.0|536.25|536.25,matches next day (roll already happened)
ZW,2019-09-13,4,id434144,483.5,id434144|id626519|id626519,483.5|485.75|485.75,matches next day (roll already happened)
ZW,2019-12-13,4,id211272,532.5,id211272|id434144|id434144,532.5|539.25|539.25,matches next day (roll already happened)
ZW,2020-03-13,4,id18896,506.0,id18896|id211272|id211272,506.0|514.75|514.75,matches next day (roll already happened)
ZW,2021-03-12,4,id645506,638.5,id645506|id38117|id38117,638.5|631.75|631.75,matches next day (roll already happened)
ZW,2021-05-14,4,id20301,707.25,id20301|id645506|id645506,707.25|727.25|727.25,matches next day (roll already happened)
ZW,2021-12-14,4,id651622,787.0,id651622|id121767|id121767,787.0|785.5|785.5,matches next day (roll already happened)
ZW,2022-05-13,4,id679646,1177.5,id459267|id459267|id679646,1167.25|1167.25|1177.5,matches next day (roll already happened)
ZW,2022-12-14,4,id321739,749.25,id321739|id544622|id544622,749.25|728.25|728.25,matches next day (roll already happened)
ZW,2023-05-12,4,id636139,635.0,id636139|id59013|id59013,635.0|624.5|624.5,matches next day (roll already happened)
ZW,2023-07-14,4,id450420,661.5,id450420|id636139|id636139,661.5|641.5|641.5,matches next day (roll already happened)
ZW,2023-12-14,4,id166242,615.75,id11548|id11548|id166242,594.0|594.0|615.75,matches next day (roll already happened)
ZW,2024-07-12,4,id103895,550.75,id103895|id257610|id257610,550.75|538.0|538.0,matches next day (roll already happened)
ZW,2024-09-13,4,id91923,594.75,id91923|id103895|id103895,594.75|571.25|571.25,matches next day (roll already happened)
ZW,2024-12-13,4,id466991,552.25,id466991|id91923|id91923,552.25|526.5|526.5,matches next day (roll already happened)
ZW,2025-03-14,4,id537361,557.0,id537361|id466991|id466991,557.0|545.75|545.75,matches next day (roll already happened)
ZW,2025-09-12,4,id4120204,523.5,id4120204|id4121248|id4121248,523.5|503.0|503.0,matches next day (roll already happened)
ZW,2025-12-12,4,id4121249,529.25,id4120204|id4120204|id4121249,534.5|534.5|529.25,matches next day (roll already happened)
ZW,2026-03-13,4,id4121250,613.75,id4121249|id4121249|id4121250,618.5|618.5|613.75,matches next day (roll already happened)
